# Blender 4.0.1
# www.blender.org
mtllib ringPlanet.mtl
o Planet
v 0.526390 0.478897 0.996315
v 0.569760 0.000000 1.078404
v 0.526390 -0.478897 0.996315
v 0.226216 -1.152539 0.428166
v 0.045144 1.152539 0.482143
v 0.080400 0.884886 0.858678
v 0.105047 0.478897 1.121916
v 0.113703 0.000000 1.214353
v 0.105047 -0.478897 1.121916
v 0.080400 -0.884886 0.858677
v 0.045144 -1.152539 0.482143
v -0.142800 1.152539 0.462718
v -0.254322 0.884886 0.824082
v -0.332288 0.478897 1.076715
v -0.359665 0.000000 1.165428
v -0.332288 -0.478897 1.076715
v -0.254322 -0.884886 0.824082
v -0.142800 -1.152539 0.462718
v -0.309005 1.152539 0.372848
v -0.550325 0.884886 0.664028
v -0.719035 0.478897 0.867594
v -0.778278 0.000000 0.939077
v -0.719035 -0.478897 0.867594
v -0.550325 -0.884886 0.664028
v -0.309005 -1.152539 0.372848
v -0.428166 1.152539 0.226216
v -0.762547 0.884886 0.402881
v -0.996315 0.478897 0.526390
v -1.078404 0.000000 0.569760
v -0.996315 -0.478897 0.526390
v -0.762547 -0.884886 0.402881
v -0.428166 -1.152539 0.226216
v -0.482143 1.152539 0.045144
v -0.858677 0.884886 0.080400
v -1.121916 0.478897 0.105047
v -1.214353 0.000000 0.113702
v -1.121916 -0.478897 0.105047
v -0.858677 -0.884886 0.080400
v -0.482143 -1.152539 0.045144
v -0.462718 1.152539 -0.142800
v -0.824082 0.884886 -0.254322
v -1.076715 0.478897 -0.332288
v -1.165428 0.000000 -0.359666
v -1.076715 -0.478897 -0.332288
v -0.824082 -0.884886 -0.254322
v -0.462718 -1.152539 -0.142800
v -0.372848 1.152539 -0.309005
v -0.664028 0.884886 -0.550326
v -0.867594 0.478897 -0.719035
v -0.939077 0.000000 -0.778278
v -0.867594 -0.478897 -0.719035
v -0.664028 -0.884886 -0.550325
v -0.372848 -1.152539 -0.309005
v -0.226216 1.152539 -0.428166
v -0.402881 0.884886 -0.762547
v -0.526390 0.478897 -0.996316
v -0.569760 0.000000 -1.078404
v -0.526390 -0.478897 -0.996316
v -0.402881 -0.884886 -0.762547
v -0.226216 -1.152539 -0.428166
v 0.000000 -1.262277 -0.000000
v 0.000000 1.262277 -0.000000
v -0.045144 1.152539 -0.482143
v -0.080400 0.884886 -0.858677
v -0.105047 0.478897 -1.121916
v -0.113702 0.000000 -1.214353
v -0.105047 -0.478897 -1.121916
v -0.080400 -0.884886 -0.858677
v -0.045144 -1.152539 -0.482143
v 0.142800 1.152539 -0.462718
v 0.254322 0.884886 -0.824082
v 0.332288 0.478897 -1.076715
v 0.359666 0.000000 -1.165428
v 0.332288 -0.478897 -1.076715
v 0.254322 -0.884886 -0.824082
v 0.142800 -1.152539 -0.462718
v 0.309005 1.152539 -0.372848
v 0.550326 0.884886 -0.664028
v 0.719035 0.478897 -0.867594
v 0.778278 -0.000000 -0.939077
v 0.719035 -0.478897 -0.867594
v 0.550326 -0.884886 -0.664028
v 0.309005 -1.152539 -0.372848
v 0.428166 1.152539 -0.226216
v 0.762547 0.884886 -0.402881
v 0.996315 0.478897 -0.526389
v 1.078404 0.000000 -0.569760
v 0.996315 -0.478897 -0.526389
v 0.762547 -0.884886 -0.402881
v 0.428166 -1.152539 -0.226216
v 0.482143 1.152539 -0.045144
v 0.858677 0.884886 -0.080400
v 1.121916 0.478897 -0.105047
v 1.214353 0.000000 -0.113702
v 1.121916 -0.478897 -0.105047
v 0.858677 -0.884886 -0.080399
v 0.482143 -1.152539 -0.045144
v 0.462718 1.152539 0.142801
v 0.824082 0.884886 0.254322
v 1.076715 0.478897 0.332288
v 1.165428 0.000000 0.359666
v 1.076715 -0.478897 0.332288
v 0.824082 -0.884886 0.254322
v 0.462718 -1.152539 0.142801
v 0.372848 1.152539 0.309005
v 0.664027 0.884886 0.550326
v 0.867594 0.478897 0.719035
v 0.939077 0.000000 0.778278
v 0.867594 -0.478897 0.719035
v 0.664027 -0.884886 0.550326
v 0.372848 -1.152539 0.309005
v 0.226216 1.152539 0.428166
v 0.402881 0.884886 0.762547
v 0.402881 -0.884886 0.762547
v 0.545206 0.363264 1.031929
v 0.558777 0.244124 1.057615
v 0.566997 0.122646 1.073173
v 0.566997 -0.122646 1.073173
v 0.558777 -0.244124 1.057615
v 0.545206 -0.363264 1.031929
v 0.054285 1.102089 0.579767
v 0.063370 1.039996 0.676794
v 0.072156 0.967261 0.770629
v 0.087889 0.793870 0.938668
v 0.094534 0.695206 1.009633
v 0.100273 0.589884 1.070930
v 0.108802 0.363264 1.162019
v 0.111511 0.244124 1.190943
v 0.113151 0.122646 1.208463
v 0.113151 -0.122646 1.208463
v 0.111511 -0.244124 1.190943
v 0.108802 -0.363264 1.162019
v 0.100274 -0.589884 1.070930
v 0.094534 -0.695206 1.009633
v 0.087889 -0.793870 0.938668
v 0.072156 -0.967261 0.770629
v 0.063370 -1.039996 0.676794
v 0.054285 -1.102089 0.579766
v 0.214492 -0.478897 1.106179
v 0.321883 -0.478897 1.079796
v 0.426192 -0.478897 1.043072
v 0.461307 0.000000 1.129013
v 0.348404 0.000000 1.168762
v 0.232165 0.000000 1.197320
v 0.214492 0.478897 1.106179
v 0.321883 0.478897 1.079796
v 0.426192 0.478897 1.043072
v 0.183516 -1.152087 0.450617
v 0.139654 -1.151634 0.468485
v 0.093167 -1.152087 0.477549
v -0.171714 1.102089 0.556408
v -0.200452 1.039996 0.649526
v -0.228244 0.967261 0.739581
v -0.278013 0.793870 0.900850
v -0.299032 0.695206 0.968956
v -0.317187 0.589884 1.027783
v -0.344165 0.363264 1.115202
v -0.352732 0.244124 1.142961
v -0.357921 0.122646 1.159775
v -0.357921 -0.122646 1.159775
v -0.352732 -0.244124 1.142961
v -0.344165 -0.363264 1.115202
v -0.317187 -0.589884 1.027783
v -0.299032 -0.695206 0.968956
v -0.278013 -0.793870 0.900850
v -0.228244 -0.967261 0.739581
v -0.200452 -1.039996 0.649526
v -0.171714 -1.102089 0.556408
v -0.002897 -1.152087 0.486544
v -0.050258 -1.151634 0.486267
v -0.096675 -1.152087 0.476852
v -0.172323 -0.884886 0.845010
v -0.088659 -0.884886 0.857808
v -0.004146 -0.884886 0.862392
v -0.005416 -0.478897 1.126770
v -0.115838 -0.478897 1.120780
v -0.225151 -0.478897 1.104059
v -0.243702 0.000000 1.195025
v -0.125383 0.000000 1.213124
v -0.005863 0.000000 1.219607
v -0.005416 0.478897 1.126770
v -0.115839 0.478897 1.120780
v -0.225151 0.478897 1.104059
v -0.172323 0.884886 0.845010
v -0.088659 0.884886 0.857808
v -0.004146 0.884886 0.862392
v -0.002897 1.152087 0.486544
v -0.050258 1.151634 0.486267
v -0.096675 1.152087 0.476852
v -0.371572 1.102089 0.448342
v -0.433756 1.039996 0.523375
v -0.493896 0.967261 0.595939
v -0.601591 0.793870 0.725886
v -0.647073 0.695206 0.780764
v -0.686358 0.589884 0.828166
v -0.744737 0.363264 0.898606
v -0.763274 0.244124 0.920974
v -0.774503 0.122646 0.934522
v -0.774503 -0.122646 0.934522
v -0.763274 -0.244124 0.920974
v -0.744737 -0.363264 0.898606
v -0.686358 -0.589884 0.828166
v -0.647073 -0.695206 0.780764
v -0.601591 -0.793870 0.725886
v -0.493895 -0.967261 0.595939
v -0.433756 -1.039996 0.523375
v -0.371572 -1.102089 0.448342
v -0.482578 0.884886 0.714742
v -0.410179 0.884886 0.758583
v -0.333853 0.884886 0.795160
v -0.188869 1.152087 0.448399
v -0.232519 1.151634 0.430019
v -0.271799 1.152087 0.403558
v -0.271799 -1.152087 0.403558
v -0.232519 -1.151634 0.430019
v -0.188869 -1.152087 0.448399
v -0.333853 -0.884886 0.795160
v -0.410179 -0.884886 0.758583
v -0.482577 -0.884886 0.714742
v -0.630518 -0.478897 0.933856
v -0.535925 -0.478897 0.991137
v -0.436200 -0.478897 1.038927
v -0.472140 0.000000 1.124526
v -0.580081 0.000000 1.072798
v -0.682468 0.000000 1.010798
v -0.630518 0.478897 0.933856
v -0.535925 0.478897 0.991137
v -0.436200 0.478897 1.038927
v -0.514860 1.102089 0.272020
v -0.601025 1.039996 0.317544
v -0.684356 0.967261 0.361570
v -0.833582 0.793870 0.440412
v -0.896603 0.695206 0.473708
v -0.951037 0.589884 0.502468
v -1.031929 0.363264 0.545206
v -1.057615 0.244124 0.558776
v -1.073173 0.122646 0.566997
v -1.073173 -0.122646 0.566997
v -1.057615 -0.244124 0.558776
v -1.031929 -0.363264 0.545206
v -0.951037 -0.589884 0.502468
v -0.896602 -0.695206 0.473708
v -0.833582 -0.793870 0.440412
v -0.684356 -0.967261 0.361570
v -0.601025 -1.039996 0.317544
v -0.514860 -1.102089 0.272020
v -0.405544 -1.152087 0.268826
v -0.379380 -1.151634 0.308304
v -0.346087 -1.152087 0.341990
v -0.612735 -0.884886 0.606872
v -0.669253 -0.884886 0.543871
v -0.719363 -0.884886 0.475661
v -0.939894 -0.478897 0.621481
v -0.874422 -0.478897 0.710601
v -0.800577 -0.478897 0.792916
v -0.866538 0.000000 0.858246
v -0.946467 0.000000 0.769149
v -1.017334 0.000000 0.672687
v -0.939894 0.478897 0.621481
v -0.874422 0.478897 0.710601
v -0.800577 0.478897 0.792916
v -0.612735 0.884886 0.606872
v -0.669253 0.884886 0.543871
v -0.719363 0.884886 0.475661
v -0.405544 1.152087 0.268826
v -0.379380 1.151634 0.308304
v -0.346087 1.152087 0.341990
v -0.579766 1.102089 0.054285
v -0.676794 1.039996 0.063370
v -0.770629 0.967261 0.072156
v -0.938668 0.793870 0.087889
v -1.009633 0.695206 0.094534
v -1.070930 0.589884 0.100273
v -1.162019 0.363264 0.108802
v -1.190943 0.244124 0.111510
v -1.208463 0.122646 0.113151
v -1.208463 -0.122646 0.113151
v -1.190943 -0.244124 0.111510
v -1.162019 -0.363264 0.108802
v -1.070930 -0.589884 0.100273
v -1.009633 -0.695206 0.094534
v -0.938668 -0.793870 0.087889
v -0.770629 -0.967261 0.072156
v -0.676794 -1.039996 0.063370
v -0.579766 -1.102089 0.054285
v -0.477549 1.152087 0.093167
v -0.468485 1.151634 0.139654
v -0.450617 1.152087 0.183516
v -0.450617 -1.152087 0.183515
v -0.468485 -1.151634 0.139654
v -0.477549 -1.152087 0.093167
v -0.846633 -0.884886 0.164165
v -0.826440 -0.884886 0.246359
v -0.798333 -0.884886 0.326193
v -1.043072 -0.478897 0.426192
v -1.079796 -0.478897 0.321883
v -1.106179 -0.478897 0.214492
v -1.197320 0.000000 0.232165
v -1.168762 0.000000 0.348404
v -1.129013 0.000000 0.461307
v -1.043072 0.478897 0.426192
v -1.079796 0.478897 0.321883
v -1.106179 0.478897 0.214492
v -0.846633 0.884886 0.164165
v -0.826440 0.884886 0.246359
v -0.798333 0.884886 0.326193
v -0.556408 1.102089 -0.171715
v -0.649526 1.039996 -0.200452
v -0.739581 0.967261 -0.228244
v -0.900850 0.793870 -0.278013
v -0.968956 0.695206 -0.299032
v -1.027783 0.589884 -0.317187
v -1.115202 0.363264 -0.344165
v -1.142961 0.244124 -0.352732
v -1.159775 0.122646 -0.357921
v -1.159775 -0.122646 -0.357921
v -1.142961 -0.244124 -0.352732
v -1.115202 -0.363264 -0.344165
v -1.027783 -0.589884 -0.317187
v -0.968956 -0.695206 -0.299032
v -0.900850 -0.793870 -0.278013
v -0.739581 -0.967261 -0.228244
v -0.649526 -1.039996 -0.200452
v -0.556408 -1.102089 -0.171715
v -0.845010 -0.884886 -0.172324
v -0.857808 -0.884886 -0.088659
v -0.862392 -0.884886 -0.004146
v -1.126770 -0.478897 -0.005417
v -1.120780 -0.478897 -0.115839
v -1.104059 -0.478897 -0.225152
v -1.195025 0.000000 -0.243702
v -1.213124 0.000000 -0.125383
v -1.219607 0.000000 -0.005863
v -1.126770 0.478897 -0.005417
v -1.120780 0.478897 -0.115839
v -1.104059 0.478897 -0.225152
v -0.845010 0.884886 -0.172324
v -0.857808 0.884886 -0.088659
v -0.862392 0.884886 -0.004146
v -0.486544 1.152087 -0.002897
v -0.486267 1.151634 -0.050258
v -0.476852 1.152087 -0.096675
v -0.476852 -1.152087 -0.096675
v -0.486267 -1.151634 -0.050258
v -0.486544 -1.152087 -0.002897
v -0.448342 1.102089 -0.371572
v -0.523374 1.039996 -0.433757
v -0.595939 0.967261 -0.493896
v -0.725886 0.793870 -0.601591
v -0.780764 0.695206 -0.647073
v -0.828166 0.589884 -0.686358
v -0.898606 0.363264 -0.744737
v -0.920974 0.244124 -0.763274
v -0.934522 0.122646 -0.774503
v -0.934522 -0.122646 -0.774503
v -0.920974 -0.244124 -0.763274
v -0.898606 -0.363264 -0.744737
v -0.828166 -0.589884 -0.686358
v -0.780764 -0.695206 -0.647073
v -0.725886 -0.793870 -0.601591
v -0.595939 -0.967261 -0.493896
v -0.523374 -1.039996 -0.433757
v -0.448342 -1.102089 -0.371572
v -0.403558 -1.152087 -0.271799
v -0.430019 -1.151634 -0.232519
v -0.448399 -1.152087 -0.188869
v -0.795160 -0.884886 -0.333853
v -0.758583 -0.884886 -0.410179
v -0.714742 -0.884886 -0.482578
v -0.933856 -0.478897 -0.630518
v -0.991137 -0.478897 -0.535925
v -1.038927 -0.478897 -0.436200
v -1.124526 0.000000 -0.472140
v -1.072798 0.000000 -0.580081
v -1.010798 0.000000 -0.682468
v -0.933856 0.478897 -0.630518
v -0.991136 0.478897 -0.535925
v -1.038926 0.478897 -0.436200
v -0.795160 0.884886 -0.333853
v -0.758583 0.884886 -0.410179
v -0.714742 0.884886 -0.482578
v -0.403558 1.152087 -0.271799
v -0.430019 1.151634 -0.232519
v -0.448399 1.152087 -0.188869
v -0.272019 1.102089 -0.514861
v -0.317544 1.039996 -0.601026
v -0.361570 0.967261 -0.684356
v -0.440412 0.793870 -0.833582
v -0.473708 0.695206 -0.896603
v -0.502467 0.589884 -0.951037
v -0.545205 0.363264 -1.031929
v -0.558776 0.244124 -1.057615
v -0.566996 0.122646 -1.073174
v -0.566996 -0.122646 -1.073174
v -0.558776 -0.244124 -1.057615
v -0.545205 -0.363264 -1.031929
v -0.502467 -0.589884 -0.951037
v -0.473708 -0.695206 -0.896602
v -0.440412 -0.793870 -0.833582
v -0.361570 -0.967261 -0.684356
v -0.317544 -1.039996 -0.601026
v -0.272019 -1.102089 -0.514861
v -0.180926 -1.190953 -0.342445
v -0.135249 -1.219375 -0.255989
v -0.085741 -1.240961 -0.162284
v -0.621481 -0.478897 -0.939894
v -0.710601 -0.478897 -0.874422
v -0.792916 -0.478897 -0.800577
v -0.858246 0.000000 -0.866538
v -0.769149 0.000000 -0.946468
v -0.672686 0.000000 -1.017334
v -0.621481 0.478897 -0.939894
v -0.710601 0.478897 -0.874422
v -0.792916 0.478897 -0.800577
v -0.606872 0.884886 -0.612735
v -0.543870 0.884886 -0.669253
v -0.475661 0.884886 -0.719363
v -0.268826 1.152087 -0.405544
v -0.308304 1.151634 -0.379380
v -0.341990 1.152087 -0.346087
v -0.341990 -1.152087 -0.346087
v -0.308304 -1.151634 -0.379380
v -0.268826 -1.152087 -0.405544
v -0.475661 -0.884886 -0.719363
v -0.543870 -0.884886 -0.669253
v -0.606872 -0.884886 -0.612735
v -0.017111 1.240961 -0.182743
v -0.026990 1.219375 -0.288261
v -0.036106 1.190953 -0.385615
v -0.054285 1.102089 -0.579767
v -0.063369 1.039996 -0.676794
v -0.072156 0.967261 -0.770629
v -0.087889 0.793870 -0.938668
v -0.094534 0.695206 -1.009633
v -0.100273 0.589884 -1.070930
v -0.108802 0.363264 -1.162019
v -0.111510 0.244124 -1.190943
v -0.113151 0.122646 -1.208463
v -0.113151 -0.122646 -1.208463
v -0.111510 -0.244124 -1.190943
v -0.108802 -0.363264 -1.162019
v -0.100273 -0.589884 -1.070930
v -0.094534 -0.695206 -1.009633
v -0.087889 -0.793870 -0.938668
v -0.072155 -0.967261 -0.770629
v -0.063369 -1.039996 -0.676794
v -0.054285 -1.102089 -0.579766
v -0.183515 -1.152087 -0.450617
v -0.139654 -1.151634 -0.468485
v -0.093167 -1.152087 -0.477549
v -0.164165 -0.884886 -0.846633
v -0.246359 -0.884886 -0.826440
v -0.326193 -0.884886 -0.798333
v -0.426192 -0.478897 -1.043072
v -0.321883 -0.478897 -1.079796
v -0.214492 -0.478897 -1.106179
v -0.232164 0.000000 -1.197320
v -0.348404 0.000000 -1.168762
v -0.461306 0.000000 -1.129013
v -0.426192 0.478897 -1.043072
v -0.321883 0.478897 -1.079796
v -0.214492 0.478897 -1.106179
v -0.164165 0.884886 -0.846633
v -0.246359 0.884886 -0.826440
v -0.326193 0.884886 -0.798333
v -0.183515 1.152087 -0.450617
v -0.139654 1.151634 -0.468485
v -0.093167 1.152087 -0.477549
v 0.171715 1.102089 -0.556408
v 0.200452 1.039996 -0.649526
v 0.228244 0.967261 -0.739581
v 0.278014 0.793870 -0.900850
v 0.299032 0.695206 -0.968956
v 0.317187 0.589884 -1.027783
v 0.344165 0.363264 -1.115202
v 0.352732 0.244124 -1.142961
v 0.357921 0.122646 -1.159775
v 0.357921 -0.122646 -1.159775
v 0.352732 -0.244124 -1.142961
v 0.344165 -0.363264 -1.115202
v 0.317187 -0.589884 -1.027783
v 0.299032 -0.695206 -0.968956
v 0.278013 -0.793870 -0.900850
v 0.228244 -0.967261 -0.739581
v 0.200452 -1.039996 -0.649526
v 0.171715 -1.102089 -0.556408
v 0.243702 0.000000 -1.195025
v 0.125383 0.000000 -1.213124
v 0.005863 0.000000 -1.219607
v 0.005417 0.478897 -1.126770
v 0.115839 0.478897 -1.120780
v 0.225152 0.478897 -1.104059
v 0.172324 0.884886 -0.845010
v 0.088659 0.884886 -0.857808
v 0.004146 0.884886 -0.862392
v 0.002897 1.152087 -0.486544
v 0.050258 1.151634 -0.486267
v 0.096675 1.152087 -0.476852
v 0.096675 -1.152087 -0.476852
v 0.050258 -1.151634 -0.486267
v 0.002897 -1.152087 -0.486544
v 0.004146 -0.884886 -0.862392
v 0.088659 -0.884886 -0.857808
v 0.172324 -0.884886 -0.845010
v 0.225152 -0.478897 -1.104059
v 0.115839 -0.478897 -1.120780
v 0.005417 -0.478897 -1.126770
v 0.371572 1.102090 -0.448342
v 0.433757 1.039996 -0.523374
v 0.493896 0.967261 -0.595939
v 0.601591 0.793870 -0.725885
v 0.647073 0.695206 -0.780764
v 0.686358 0.589884 -0.828165
v 0.744737 0.363264 -0.898606
v 0.763274 0.244124 -0.920974
v 0.774503 0.122646 -0.934522
v 0.774503 -0.122646 -0.934522
v 0.763274 -0.244124 -0.920974
v 0.744737 -0.363264 -0.898606
v 0.686358 -0.589884 -0.828165
v 0.647073 -0.695206 -0.780764
v 0.601591 -0.793870 -0.725885
v 0.493896 -0.967261 -0.595939
v 0.433757 -1.039996 -0.523374
v 0.371572 -1.102089 -0.448342
v 0.271799 -1.152087 -0.403558
v 0.232519 -1.151634 -0.430019
v 0.188869 -1.152087 -0.448399
v 0.333853 -0.884886 -0.795160
v 0.410179 -0.884886 -0.758583
v 0.482578 -0.884886 -0.714742
v 0.630518 -0.478897 -0.933856
v 0.535925 -0.478897 -0.991136
v 0.436200 -0.478897 -1.038926
v 0.472140 0.000000 -1.124526
v 0.580081 0.000000 -1.072798
v 0.682468 0.000000 -1.010798
v 0.630518 0.478897 -0.933855
v 0.535925 0.478897 -0.991136
v 0.436200 0.478897 -1.038926
v 0.333853 0.884886 -0.795160
v 0.410179 0.884886 -0.758583
v 0.482578 0.884886 -0.714742
v 0.271799 1.152087 -0.403558
v 0.232519 1.151634 -0.430019
v 0.188869 1.152087 -0.448399
v 0.514861 1.102089 -0.272019
v 0.601025 1.039996 -0.317543
v 0.684356 0.967261 -0.361570
v 0.833582 0.793870 -0.440412
v 0.896602 0.695206 -0.473707
v 0.951037 0.589884 -0.502467
v 1.031929 0.363264 -0.545205
v 1.057615 0.244124 -0.558776
v 1.073174 0.122646 -0.566996
v 1.073174 -0.122646 -0.566996
v 1.057615 -0.244124 -0.558776
v 1.031929 -0.363264 -0.545205
v 0.951037 -0.589884 -0.502467
v 0.896602 -0.695206 -0.473707
v 0.833582 -0.793870 -0.440412
v 0.684356 -0.967261 -0.361570
v 0.601025 -1.039996 -0.317543
v 0.514861 -1.102089 -0.272019
v 0.939894 0.478897 -0.621481
v 0.874422 0.478897 -0.710601
v 0.800577 0.478897 -0.792916
v 0.612735 0.884886 -0.606872
v 0.669253 0.884886 -0.543870
v 0.719363 0.884886 -0.475661
v 0.405545 1.152087 -0.268826
v 0.379380 1.151634 -0.308304
v 0.346087 1.152087 -0.341990
v 0.346087 -1.152087 -0.341990
v 0.379380 -1.151634 -0.308304
v 0.405545 -1.152087 -0.268826
v 0.719363 -0.884886 -0.475661
v 0.669253 -0.884886 -0.543870
v 0.612735 -0.884886 -0.606872
v 0.800577 -0.478897 -0.792916
v 0.874422 -0.478897 -0.710601
v 0.939894 -0.478897 -0.621481
v 1.017334 0.000000 -0.672686
v 0.946468 0.000000 -0.769149
v 0.866538 -0.000000 -0.858246
v 0.579766 1.102089 -0.054285
v 0.676794 1.039996 -0.063369
v 0.770629 0.967261 -0.072155
v 0.938668 0.793870 -0.087889
v 1.009633 0.695206 -0.094534
v 1.070930 0.589884 -0.100273
v 1.162019 0.363264 -0.108802
v 1.190943 0.244124 -0.111510
v 1.208463 0.122646 -0.113150
v 1.208463 -0.122646 -0.113151
v 1.190943 -0.244124 -0.111510
v 1.162019 -0.363264 -0.108802
v 1.070930 -0.589884 -0.100273
v 1.009633 -0.695206 -0.094534
v 0.938668 -0.793870 -0.087889
v 0.770629 -0.967261 -0.072155
v 0.676794 -1.039996 -0.063369
v 0.579766 -1.102089 -0.054285
v 0.450617 -1.152087 -0.183515
v 0.468485 -1.151634 -0.139653
v 0.477549 -1.152087 -0.093167
v 0.846633 -0.884886 -0.164165
v 0.826440 -0.884886 -0.246358
v 0.798333 -0.884886 -0.326193
v 1.043072 -0.478897 -0.426191
v 1.079796 -0.478897 -0.321883
v 1.106179 -0.478897 -0.214492
v 1.197320 0.000000 -0.232164
v 1.168762 0.000000 -0.348403
v 1.129013 0.000000 -0.461306
v 1.043072 0.478897 -0.426191
v 1.079796 0.478897 -0.321883
v 1.106179 0.478897 -0.214492
v 0.846633 0.884886 -0.164165
v 0.826440 0.884886 -0.246358
v 0.798333 0.884886 -0.326193
v 0.450617 1.152087 -0.183515
v 0.468485 1.151634 -0.139653
v 0.477549 1.152087 -0.093167
v 0.556408 1.102089 0.171715
v 0.649526 1.039996 0.200452
v 0.739581 0.967261 0.228244
v 0.900850 0.793870 0.278014
v 0.968955 0.695206 0.299032
v 1.027783 0.589884 0.317187
v 1.115202 0.363264 0.344166
v 1.142961 0.244124 0.352732
v 1.159775 0.122646 0.357921
v 1.159775 -0.122646 0.357921
v 1.142961 -0.244124 0.352732
v 1.115202 -0.363264 0.344166
v 1.027783 -0.589884 0.317187
v 0.968956 -0.695206 0.299032
v 0.900850 -0.793870 0.278014
v 0.739581 -0.967261 0.228244
v 0.649526 -1.039996 0.200452
v 0.556408 -1.102089 0.171715
v 0.845010 0.884886 0.172324
v 0.857808 0.884886 0.088659
v 0.862392 0.884886 0.004146
v 0.486544 1.152087 0.002898
v 0.486267 1.151634 0.050258
v 0.476852 1.152087 0.096675
v 0.476852 -1.152087 0.096675
v 0.486267 -1.151634 0.050258
v 0.486544 -1.152087 0.002898
v 0.862392 -0.884886 0.004146
v 0.857808 -0.884886 0.088659
v 0.845010 -0.884886 0.172324
v 1.104059 -0.478897 0.225152
v 1.120780 -0.478897 0.115839
v 1.126769 -0.478897 0.005417
v 1.219607 0.000000 0.005863
v 1.213124 0.000000 0.125383
v 1.195024 0.000000 0.243703
v 1.104059 0.478897 0.225152
v 1.120780 0.478897 0.115839
v 1.126769 0.478897 0.005417
v 0.448342 1.102089 0.371572
v 0.523374 1.039996 0.433757
v 0.595939 0.967261 0.493896
v 0.725885 0.793870 0.601591
v 0.780764 0.695206 0.647073
v 0.828165 0.589884 0.686358
v 0.898606 0.363264 0.744737
v 0.920974 0.244124 0.763274
v 0.934522 0.122646 0.774503
v 0.934522 -0.122646 0.774503
v 0.920974 -0.244124 0.763274
v 0.898606 -0.363264 0.744737
v 0.828165 -0.589884 0.686358
v 0.780764 -0.695206 0.647073
v 0.725885 -0.793870 0.601591
v 0.595939 -0.967261 0.493896
v 0.523374 -1.039996 0.433757
v 0.448342 -1.102089 0.371572
v 0.403558 -1.152087 0.271799
v 0.430019 -1.151634 0.232519
v 0.448399 -1.152087 0.188869
v 0.795160 -0.884886 0.333854
v 0.758583 -0.884886 0.410179
v 0.714742 -0.884886 0.482578
v 0.933855 -0.478897 0.630518
v 0.991136 -0.478897 0.535925
v 1.038926 -0.478897 0.436201
v 1.124526 0.000000 0.472140
v 1.072798 0.000000 0.580081
v 1.010798 0.000000 0.682468
v 0.933855 0.478897 0.630518
v 0.991136 0.478897 0.535925
v 1.038926 0.478897 0.436201
v 0.795160 0.884886 0.333853
v 0.758583 0.884886 0.410179
v 0.714742 0.884886 0.482578
v 0.403558 1.152087 0.271799
v 0.430019 1.151634 0.232519
v 0.448399 1.152087 0.188869
v 0.272019 1.102089 0.514861
v 0.317543 1.039996 0.601026
v 0.361570 0.967261 0.684356
v 0.268826 1.152087 0.405544
v 0.308304 1.151634 0.379380
v 0.341990 1.152087 0.346087
v 0.475661 -0.884886 0.719363
v 0.543870 -0.884886 0.669253
v 0.606872 -0.884886 0.612735
v 0.475661 0.884886 0.719363
v 0.543870 0.884886 0.669253
v 0.606872 0.884886 0.612735
v 0.085741 1.240961 0.162284
v 0.135248 1.219375 0.255989
v 0.180926 1.190953 0.342445
v 0.440412 0.793870 0.833582
v 0.473708 0.695206 0.896603
v 0.502468 0.589884 0.951037
v 0.502468 -0.589884 0.951037
v 0.473708 -0.695206 0.896602
v 0.440412 -0.793870 0.833582
v 0.361570 -0.967261 0.684356
v 0.317544 -1.039996 0.601025
v 0.272019 -1.102089 0.514860
v 0.180926 -1.190953 0.342444
v 0.135249 -1.219375 0.255989
v 0.085741 -1.240961 0.162284
v 0.017111 1.240961 0.182742
v 0.026990 1.219375 0.288261
v 0.036106 1.190953 0.385615
v 0.036106 -1.190953 0.385615
v 0.026991 -1.219375 0.288261
v 0.017111 -1.240961 0.182742
v 0.326193 0.884886 0.798333
v 0.246359 0.884886 0.826440
v 0.164165 0.884886 0.846633
v 0.093167 1.152087 0.477549
v 0.139654 1.151634 0.468485
v 0.183515 1.152087 0.450617
v 0.164165 -0.884886 0.846633
v 0.246359 -0.884886 0.826440
v 0.326193 -0.884886 0.798333
v -0.054124 1.240961 0.175380
v -0.085377 1.219375 0.276647
v -0.114211 1.190953 0.370079
v -0.114211 -1.190953 0.370079
v -0.085377 -1.219375 0.276647
v -0.054124 -1.240961 0.175380
v -0.117119 1.240961 0.141317
v -0.184746 1.219375 0.222916
v -0.247140 1.190953 0.298202
v -0.247140 -1.190953 0.298202
v -0.184746 -1.219375 0.222916
v -0.117119 -1.240961 0.141317
v -0.162284 1.240961 0.085741
v -0.255989 1.219375 0.135249
v -0.342444 1.190953 0.180926
v -0.342444 -1.190953 0.180926
v -0.255989 -1.219375 0.135249
v -0.162284 -1.240961 0.085741
v -0.182742 1.240961 0.017111
v -0.288261 1.219375 0.026990
v -0.385615 1.190953 0.036106
v -0.385615 -1.190953 0.036106
v -0.288261 -1.219375 0.026990
v -0.182742 -1.240961 0.017111
v -0.175380 1.240961 -0.054124
v -0.276647 1.219375 -0.085377
v -0.370079 1.190953 -0.114211
v -0.370079 -1.190953 -0.114211
v -0.276647 -1.219375 -0.085377
v -0.175380 -1.240961 -0.054124
v -0.141317 1.240961 -0.117120
v -0.222916 1.219375 -0.184746
v -0.298202 1.190953 -0.247140
v -0.298202 -1.190953 -0.247140
v -0.222916 -1.219375 -0.184746
v -0.141317 -1.240961 -0.117120
v -0.085741 1.240961 -0.162284
v -0.135249 1.219375 -0.255989
v -0.180926 1.190953 -0.342445
v -0.036106 -1.190953 -0.385615
v -0.026990 -1.219375 -0.288261
v -0.017111 -1.240961 -0.182743
v 0.054124 1.240961 -0.175380
v 0.085377 1.219375 -0.276647
v 0.114211 1.190953 -0.370079
v 0.114211 -1.190953 -0.370079
v 0.085377 -1.219374 -0.276647
v 0.054124 -1.240961 -0.175380
v 0.117120 1.240961 -0.141317
v 0.184746 1.219375 -0.222916
v 0.247140 1.190953 -0.298202
v 0.247140 -1.190953 -0.298202
v 0.184746 -1.219375 -0.222916
v 0.117120 -1.240961 -0.141317
v 0.162284 1.240961 -0.085741
v 0.255989 1.219375 -0.135249
v 0.342445 1.190953 -0.180926
v 0.342445 -1.190953 -0.180926
v 0.255989 -1.219375 -0.135249
v 0.162284 -1.240961 -0.085741
v 0.182743 1.240961 -0.017111
v 0.288261 1.219375 -0.026990
v 0.385615 1.190953 -0.036106
v 0.385615 -1.190953 -0.036106
v 0.288261 -1.219375 -0.026990
v 0.182743 -1.240961 -0.017111
v 0.175380 1.240961 0.054124
v 0.276647 1.219375 0.085377
v 0.370079 1.190953 0.114211
v 0.370079 -1.190953 0.114211
v 0.276647 -1.219374 0.085377
v 0.175380 -1.240961 0.054124
v 0.141317 1.240961 0.117119
v 0.222916 1.219375 0.184746
v 0.298201 1.190953 0.247140
v 0.298202 -1.190953 0.247140
v 0.222916 -1.219375 0.184746
v 0.141317 -1.240961 0.117119
v 0.341990 -1.152087 0.346087
v 0.308304 -1.151634 0.379380
v 0.268826 -1.152087 0.405544
v 0.792916 -0.478897 0.800577
v 0.710601 -0.478897 0.874422
v 0.621481 -0.478897 0.939894
v 0.672687 0.000000 1.017334
v 0.769149 0.000000 0.946467
v 0.858246 0.000000 0.866538
v 0.792916 0.478897 0.800577
v 0.710601 0.478897 0.874422
v 0.621481 0.478897 0.939894
v 0.441426 -0.363264 1.080357
v 0.452414 -0.244124 1.107248
v 0.459069 -0.122646 1.123537
v 0.333389 -0.363264 1.118393
v 0.341687 -0.244124 1.146231
v 0.346714 -0.122646 1.163093
v 0.222159 -0.363264 1.145719
v 0.227689 -0.244124 1.174238
v 0.231039 -0.122646 1.191512
v 0.406823 0.589884 0.995669
v 0.383538 0.695206 0.938680
v 0.356580 0.793870 0.872702
v 0.307255 0.589884 1.030724
v 0.289669 0.695206 0.971728
v 0.269308 0.793870 0.903427
v 0.204745 0.589884 1.055908
v 0.193025 0.695206 0.995471
v 0.179458 0.793870 0.925501
v 0.095341 1.209206 0.319832
v 0.147062 1.189826 0.364307
v 0.108959 1.216192 0.285201
v 0.064883 1.233473 0.217656
v 0.064983 1.216192 0.298310
v 0.076412 1.189826 0.385367
v 0.114065 1.188393 0.382646
v 0.095341 -1.209206 0.319832
v 0.064883 -1.233473 0.217656
v 0.108959 -1.216192 0.285201
v 0.147063 -1.189826 0.364306
v 0.114065 -1.188393 0.382646
v 0.076412 -1.189826 0.385367
v 0.064983 -1.216192 0.298310
v 0.356580 -0.793870 0.872702
v 0.383538 -0.695206 0.938680
v 0.406823 -0.589884 0.995669
v 0.269308 -0.793870 0.903427
v 0.289669 -0.695206 0.971728
v 0.307255 -0.589884 1.030723
v 0.179458 -0.793870 0.925501
v 0.193025 -0.695206 0.995471
v 0.204744 -0.589884 1.055908
v 0.459069 0.122646 1.123537
v 0.452414 0.244124 1.107248
v 0.441426 0.363264 1.080357
v 0.346714 0.122646 1.163093
v 0.341687 0.244124 1.146231
v 0.333389 0.363264 1.118393
v 0.231039 0.122646 1.191512
v 0.227689 0.244124 1.174238
v 0.222159 0.363264 1.145719
v 0.292751 0.967254 0.716509
v 0.257144 1.039940 0.629526
v 0.220392 1.101899 0.540017
v 0.221118 0.967247 0.741767
v 0.194341 1.039883 0.651940
v 0.166896 1.101708 0.559875
v 0.147347 0.967254 0.759854
v 0.129516 1.039940 0.667572
v 0.111259 1.101899 0.572549
v 0.220393 -1.101899 0.540017
v 0.257144 -1.039940 0.629526
v 0.292751 -0.967254 0.716509
v 0.166897 -1.101708 0.559875
v 0.194341 -1.039883 0.651940
v 0.221118 -0.967247 0.741767
v 0.111259 -1.101899 0.572549
v 0.129516 -1.039940 0.667572
v 0.147347 -0.967254 0.759854
v -0.034311 -1.209206 0.331971
v -0.023350 -1.233473 0.225918
v -0.008476 -1.216192 0.305188
v -0.003546 -1.189826 0.392854
v -0.041050 -1.188393 0.397170
v -0.076878 -1.189826 0.385274
v -0.054122 -1.216192 0.300471
v -0.004532 -0.793870 0.942729
v -0.004874 -0.695206 1.014001
v -0.005170 -0.589884 1.075563
v -0.096918 -0.793870 0.937718
v -0.104245 -0.695206 1.008611
v -0.110574 -0.589884 1.069846
v -0.188376 -0.793870 0.923727
v -0.202618 -0.695206 0.993563
v -0.214919 -0.589884 1.053884
v -0.005834 0.122646 1.213691
v -0.005750 0.244124 1.196095
v -0.005610 0.363264 1.167046
v -0.124775 0.122646 1.207240
v -0.122966 0.244124 1.189738
v -0.119979 0.363264 1.160843
v -0.242520 0.122646 1.189228
v -0.239004 0.244124 1.171987
v -0.233199 0.363264 1.143524
v -0.003729 0.967254 0.773999
v -0.003339 1.039940 0.680011
v -0.003039 1.101899 0.583251
v -0.079575 0.967247 0.769921
v -0.069939 1.039883 0.676685
v -0.060062 1.101708 0.581125
v -0.154652 0.967254 0.758401
v -0.135812 1.039940 0.666319
v -0.116315 1.101899 0.571544
v -0.003039 -1.101899 0.583251
v -0.003339 -1.039940 0.680011
v -0.003729 -0.967254 0.773999
v -0.060062 -1.101708 0.581125
v -0.069939 -1.039883 0.676685
v -0.079575 -0.967247 0.769921
v -0.116315 -1.101899 0.571544
v -0.135812 -1.039940 0.666319
v -0.154652 -0.967254 0.758401
v -0.005610 -0.363264 1.167046
v -0.005750 -0.244124 1.196095
v -0.005834 -0.122646 1.213691
v -0.119979 -0.363264 1.160843
v -0.122966 -0.244124 1.189738
v -0.124775 -0.122646 1.207240
v -0.233199 -0.363264 1.143523
v -0.239004 -0.244124 1.171987
v -0.242520 -0.122646 1.189228
v -0.005170 0.589884 1.075563
v -0.004874 0.695206 1.014001
v -0.004532 0.793870 0.942729
v -0.110574 0.589884 1.069846
v -0.104245 0.695206 1.008611
v -0.096918 0.793870 0.937718
v -0.214919 0.589884 1.053884
v -0.202618 0.695206 0.993563
v -0.188376 0.793870 0.923727
v -0.034311 1.209206 0.331971
v -0.003546 1.189826 0.392854
v -0.008477 1.216192 0.305188
v -0.023350 1.233473 0.225918
v -0.054122 1.216192 0.300471
v -0.076878 1.189826 0.385274
v -0.041050 1.188393 0.397170
v -0.299642 0.967254 0.713655
v -0.263314 1.039940 0.626971
v -0.226009 1.101899 0.537691
v -0.368154 0.967247 0.680862
v -0.323571 1.039883 0.598411
v -0.277877 1.101708 0.513905
v -0.433107 0.967254 0.641488
v -0.380463 1.039940 0.563626
v -0.326181 1.101899 0.483526
v -0.226009 -1.101899 0.537691
v -0.263314 -1.039940 0.626971
v -0.299642 -0.967254 0.713655
v -0.277877 -1.101708 0.513905
v -0.323571 -1.039883 0.598411
v -0.368154 -0.967247 0.680862
v -0.326181 -1.101899 0.483526
v -0.380463 -1.039940 0.563626
v -0.433107 -0.967254 0.641488
v -0.451792 -0.363264 1.076063
v -0.463038 -0.244124 1.102848
v -0.469850 -0.122646 1.119071
v -0.555082 -0.363264 1.026565
v -0.568898 -0.244124 1.052117
v -0.577267 -0.122646 1.067595
v -0.653056 -0.363264 0.967236
v -0.669311 -0.244124 0.991312
v -0.679157 -0.122646 1.005895
v -0.416377 0.589884 0.991712
v -0.392545 0.695206 0.934949
v -0.364953 0.793870 0.869233
v -0.511569 0.589884 0.946094
v -0.482289 0.695206 0.891942
v -0.448390 0.793870 0.829249
v -0.601863 0.589884 0.891416
v -0.567415 0.695206 0.840394
v -0.527532 0.793870 0.781324
v -0.158739 1.209206 0.293571
v -0.153615 1.189826 0.361592
v -0.124622 1.216192 0.278713
v -0.108027 1.233473 0.199785
v -0.164987 1.216192 0.256887
v -0.218464 1.189826 0.326527
v -0.189915 1.188393 0.351228
v -0.158739 -1.209206 0.293571
v -0.108027 -1.233473 0.199785
v -0.124622 -1.216192 0.278713
v -0.153615 -1.189826 0.361592
v -0.189915 -1.188393 0.351228
v -0.218464 -1.189826 0.326527
v -0.164987 -1.216192 0.256887
v -0.364953 -0.793870 0.869233
v -0.392545 -0.695206 0.934949
v -0.416377 -0.589884 0.991712
v -0.448390 -0.793870 0.829249
v -0.482289 -0.695206 0.891942
v -0.511569 -0.589884 0.946094
v -0.527532 -0.793870 0.781324
v -0.567415 -0.695206 0.840394
v -0.601864 -0.589884 0.891416
v -0.469850 0.122646 1.119072
v -0.463038 0.244124 1.102848
v -0.451792 0.363264 1.076063
v -0.577267 0.122646 1.067595
v -0.568898 0.244124 1.052117
v -0.555082 0.363264 1.026565
v -0.679157 0.122646 1.005895
v -0.669311 0.244124 0.991312
v -0.653056 0.363264 0.967236
v -0.414570 -1.101899 0.410272
v -0.483201 -1.039940 0.478480
v -0.549937 -0.967254 0.544663
v -0.453388 -1.101708 0.368447
v -0.527943 -1.039883 0.429034
v -0.600685 -0.967247 0.488148
v -0.486390 -1.101899 0.321895
v -0.567192 -1.039940 0.375126
v -0.645626 -0.967254 0.426915
v -0.829193 -0.363264 0.821259
v -0.849833 -0.244124 0.841701
v -0.862335 -0.122646 0.854084
v -0.905678 -0.363264 0.736002
v -0.928221 -0.244124 0.754322
v -0.941876 -0.122646 0.765418
v -0.973490 -0.363264 0.643696
v -0.997722 -0.244124 0.659719
v -1.012399 -0.122646 0.669424
v -0.764194 0.589884 0.756882
v -0.720453 0.695206 0.713560
v -0.669814 0.793870 0.663405
v -0.834683 0.589884 0.678307
v -0.786908 0.695206 0.639483
v -0.731598 0.793870 0.594535
v -0.897179 0.589884 0.593238
v -0.845827 0.695206 0.559282
v -0.786376 0.793870 0.519972
v -0.259001 1.209206 0.210478
v -0.280297 1.189826 0.275282
v -0.221795 1.216192 0.209807
v -0.176259 1.233473 0.143237
v -0.250735 1.216192 0.174195
v -0.326791 1.189826 0.218069
v -0.309868 1.188393 0.251815
v -0.259001 -1.209206 0.210478
v -0.176259 -1.233473 0.143237
v -0.221795 -1.216192 0.209807
v -0.280297 -1.189826 0.275282
v -0.309868 -1.188393 0.251815
v -0.326791 -1.189826 0.218069
v -0.250735 -1.216192 0.174195
v -0.669814 -0.793870 0.663405
v -0.720453 -0.695206 0.713560
v -0.764194 -0.589884 0.756882
v -0.731598 -0.793870 0.594535
v -0.786908 -0.695206 0.639483
v -0.834683 -0.589884 0.678307
v -0.786376 -0.793870 0.519972
v -0.845828 -0.695206 0.559282
v -0.897180 -0.589884 0.593238
v -0.862335 0.122646 0.854084
v -0.849833 0.244124 0.841701
v -0.829193 0.363264 0.821259
v -0.941877 0.122646 0.765419
v -0.928222 0.244124 0.754322
v -0.905678 0.363264 0.736002
v -1.012399 0.122646 0.669424
v -0.997722 0.244124 0.659719
v -0.973490 0.363264 0.643696
v -0.549937 0.967254 0.544663
v -0.483201 1.039940 0.478480
v -0.414570 1.101899 0.410272
v -0.600685 0.967247 0.488148
v -0.527943 1.039883 0.429034
v -0.453388 1.101708 0.368447
v -0.645626 0.967254 0.426915
v -0.567192 1.039940 0.375126
v -0.486390 1.101899 0.321895
v -0.319832 1.209206 0.095341
v -0.364306 1.189826 0.147062
v -0.285201 1.216192 0.108959
v -0.217656 1.233473 0.064883
v -0.298310 1.216192 0.064983
v -0.385367 1.189826 0.076412
v -0.382646 1.188393 0.114065
v -0.319832 -1.209206 0.095341
v -0.217656 -1.233473 0.064883
v -0.285201 -1.216192 0.108959
v -0.364306 -1.189826 0.147062
v -0.382646 -1.188393 0.114065
v -0.385367 -1.189826 0.076412
v -0.298310 -1.216192 0.064983
v -0.872702 -0.793870 0.356580
v -0.938680 -0.695206 0.383538
v -0.995669 -0.589884 0.406823
v -0.903427 -0.793870 0.269308
v -0.971728 -0.695206 0.289669
v -1.030724 -0.589884 0.307255
v -0.925501 -0.793870 0.179458
v -0.995471 -0.695206 0.193025
v -1.055908 -0.589884 0.204744
v -1.123537 0.122646 0.459069
v -1.107248 0.244124 0.452414
v -1.080357 0.363264 0.441426
v -1.163093 0.122646 0.346714
v -1.146231 0.244124 0.341687
v -1.118393 0.363264 0.333389
v -1.191512 0.122646 0.231039
v -1.174238 0.244124 0.227689
v -1.145719 0.363264 0.222159
v -0.716509 0.967254 0.292751
v -0.629526 1.039940 0.257144
v -0.540017 1.101899 0.220393
v -0.741767 0.967247 0.221118
v -0.651940 1.039883 0.194341
v -0.559874 1.101708 0.166897
v -0.759854 0.967254 0.147347
v -0.667572 1.039940 0.129516
v -0.572549 1.101899 0.111259
v -0.540017 -1.101899 0.220393
v -0.629526 -1.039940 0.257144
v -0.716509 -0.967254 0.292751
v -0.559875 -1.101708 0.166897
v -0.651940 -1.039883 0.194341
v -0.741767 -0.967247 0.221118
v -0.572549 -1.101899 0.111259
v -0.667572 -1.039940 0.129516
v -0.759854 -0.967254 0.147347
v -1.080357 -0.363264 0.441426
v -1.107248 -0.244124 0.452414
v -1.123537 -0.122646 0.459069
v -1.118393 -0.363264 0.333389
v -1.146231 -0.244124 0.341687
v -1.163093 -0.122646 0.346714
v -1.145720 -0.363264 0.222159
v -1.174238 -0.244124 0.227689
v -1.191512 -0.122646 0.231039
v -0.995669 0.589884 0.406823
v -0.938680 0.695206 0.383538
v -0.872702 0.793870 0.356580
v -1.030724 0.589884 0.307255
v -0.971728 0.695206 0.289668
v -0.903427 0.793870 0.269308
v -1.055908 0.589884 0.204744
v -0.995471 0.695206 0.193025
v -0.925501 0.793870 0.179458
v -0.942729 -0.793870 -0.004532
v -1.014001 -0.695206 -0.004875
v -1.075563 -0.589884 -0.005171
v -0.937718 -0.793870 -0.096918
v -1.008611 -0.695206 -0.104245
v -1.069846 -0.589884 -0.110574
v -0.923727 -0.793870 -0.188376
v -0.993563 -0.695206 -0.202618
v -1.053884 -0.589884 -0.214919
v -1.213691 0.122646 -0.005835
v -1.196095 0.244124 -0.005750
v -1.167046 0.363264 -0.005610
v -1.207240 0.122646 -0.124775
v -1.189738 0.244124 -0.122966
v -1.160843 0.363264 -0.119979
v -1.189228 0.122646 -0.242520
v -1.171987 0.244124 -0.239004
v -1.143523 0.363264 -0.233200
v -0.773999 0.967254 -0.003730
v -0.680011 1.039940 -0.003339
v -0.583251 1.101899 -0.003039
v -0.769921 0.967247 -0.079576
v -0.676685 1.039883 -0.069939
v -0.581125 1.101708 -0.060062
v -0.758401 0.967254 -0.154652
v -0.666319 1.039940 -0.135812
v -0.571544 1.101899 -0.116315
v -0.583251 -1.101899 -0.003039
v -0.680011 -1.039940 -0.003339
v -0.773999 -0.967254 -0.003730
v -0.581125 -1.101708 -0.060062
v -0.676685 -1.039883 -0.069939
v -0.769921 -0.967247 -0.079576
v -0.571544 -1.101899 -0.116315
v -0.666319 -1.039940 -0.135812
v -0.758401 -0.967254 -0.154652
v -1.167046 -0.363264 -0.005610
v -1.196095 -0.244124 -0.005750
v -1.213691 -0.122646 -0.005834
v -1.160843 -0.363264 -0.119980
v -1.189738 -0.244124 -0.122966
v -1.207240 -0.122646 -0.124775
v -1.143523 -0.363264 -0.233200
v -1.171987 -0.244124 -0.239004
v -1.189228 -0.122646 -0.242520
v -1.075563 0.589884 -0.005171
v -1.014001 0.695206 -0.004875
v -0.942729 0.793870 -0.004532
v -1.069846 0.589884 -0.110574
v -1.008611 0.695206 -0.104245
v -0.937718 0.793870 -0.096918
v -1.053884 0.589884 -0.214919
v -0.993563 0.695206 -0.202618
v -0.923727 0.793870 -0.188376
v -0.331971 1.209206 -0.034311
v -0.392854 1.189826 -0.003546
v -0.305188 1.216192 -0.008477
v -0.225918 1.233473 -0.023350
v -0.300471 1.216192 -0.054122
v -0.385274 1.189826 -0.076878
v -0.397170 1.188393 -0.041050
v -0.331971 -1.209206 -0.034311
v -0.225918 -1.233473 -0.023350
v -0.305188 -1.216192 -0.008477
v -0.392854 -1.189826 -0.003546
v -0.397170 -1.188393 -0.041050
v -0.385274 -1.189826 -0.076878
v -0.300471 -1.216192 -0.054122
v -0.537691 -1.101899 -0.226009
v -0.626971 -1.039940 -0.263314
v -0.713655 -0.967254 -0.299642
v -0.513905 -1.101708 -0.277877
v -0.598411 -1.039883 -0.323572
v -0.680862 -0.967247 -0.368154
v -0.483526 -1.101899 -0.326181
v -0.563626 -1.039940 -0.380463
v -0.641488 -0.967254 -0.433107
v -1.076063 -0.363264 -0.451792
v -1.102848 -0.244124 -0.463038
v -1.119071 -0.122646 -0.469850
v -1.026565 -0.363264 -0.555082
v -1.052117 -0.244124 -0.568898
v -1.067595 -0.122646 -0.577268
v -0.967236 -0.363264 -0.653056
v -0.991312 -0.244124 -0.669311
v -1.005895 -0.122646 -0.679158
v -0.991712 0.589884 -0.416377
v -0.934949 0.695206 -0.392545
v -0.869233 0.793870 -0.364954
v -0.946094 0.589884 -0.511570
v -0.891942 0.695206 -0.482289
v -0.829249 0.793870 -0.448390
v -0.891416 0.589884 -0.601864
v -0.840394 0.695206 -0.567415
v -0.781324 0.793870 -0.527532
v -0.293571 1.209206 -0.158739
v -0.361592 1.189826 -0.153615
v -0.278713 1.216192 -0.124622
v -0.199785 1.233473 -0.108027
v -0.256887 1.216192 -0.164987
v -0.326527 1.189826 -0.218464
v -0.351228 1.188393 -0.189915
v -0.293571 -1.209206 -0.158739
v -0.199785 -1.233473 -0.108027
v -0.278713 -1.216192 -0.124622
v -0.361592 -1.189826 -0.153615
v -0.351228 -1.188393 -0.189915
v -0.326527 -1.189826 -0.218464
v -0.256887 -1.216192 -0.164987
v -0.869233 -0.793870 -0.364954
v -0.934949 -0.695206 -0.392545
v -0.991712 -0.589884 -0.416377
v -0.829249 -0.793870 -0.448390
v -0.891942 -0.695206 -0.482289
v -0.946094 -0.589884 -0.511570
v -0.781324 -0.793870 -0.527532
v -0.840394 -0.695206 -0.567415
v -0.891416 -0.589884 -0.601864
v -1.119071 0.122646 -0.469850
v -1.102848 0.244124 -0.463038
v -1.076063 0.363264 -0.451792
v -1.067595 0.122646 -0.577268
v -1.052117 0.244124 -0.568899
v -1.026565 0.363264 -0.555082
v -1.005895 0.122646 -0.679157
v -0.991312 0.244124 -0.669311
v -0.967236 0.363264 -0.653056
v -0.713655 0.967254 -0.299642
v -0.626971 1.039940 -0.263314
v -0.537691 1.101899 -0.226009
v -0.680862 0.967247 -0.368154
v -0.598411 1.039883 -0.323572
v -0.513905 1.101708 -0.277877
v -0.641488 0.967254 -0.433107
v -0.563626 1.039940 -0.380463
v -0.483526 1.101899 -0.326181
v -0.821259 -0.363264 -0.829193
v -0.841701 -0.244124 -0.849833
v -0.854083 -0.122646 -0.862335
v -0.736001 -0.363264 -0.905678
v -0.754321 -0.244124 -0.928221
v -0.765418 -0.122646 -0.941877
v -0.643696 -0.363264 -0.973490
v -0.659719 -0.244124 -0.997722
v -0.669424 -0.122646 -1.012399
v -0.756881 0.589884 -0.764194
v -0.713560 0.695206 -0.720454
v -0.663405 0.793870 -0.669814
v -0.678307 0.589884 -0.834683
v -0.639483 0.695206 -0.786908
v -0.594535 0.793870 -0.731598
v -0.593238 0.589884 -0.897179
v -0.559282 0.695206 -0.845828
v -0.519971 0.793870 -0.786376
v -0.210478 1.209206 -0.259001
v -0.275282 1.189826 -0.280297
v -0.209807 1.216192 -0.221795
v -0.143237 1.233473 -0.176259
v -0.174195 1.216192 -0.250735
v -0.218069 1.189826 -0.326791
v -0.251815 1.188393 -0.309868
v -0.210478 -1.209206 -0.259001
v -0.143237 -1.233473 -0.176259
v -0.209807 -1.216192 -0.221795
v -0.275282 -1.189826 -0.280297
v -0.251815 -1.188393 -0.309868
v -0.218069 -1.189826 -0.326791
v -0.174195 -1.216192 -0.250735
v -0.663405 -0.793870 -0.669814
v -0.713560 -0.695206 -0.720454
v -0.756882 -0.589884 -0.764194
v -0.594535 -0.793870 -0.731598
v -0.639483 -0.695206 -0.786908
v -0.678307 -0.589884 -0.834683
v -0.519972 -0.793870 -0.786376
v -0.559282 -0.695206 -0.845828
v -0.593238 -0.589884 -0.897180
v -0.854084 0.122646 -0.862335
v -0.841701 0.244124 -0.849833
v -0.821259 0.363264 -0.829193
v -0.765418 0.122646 -0.941877
v -0.754322 0.244124 -0.928222
v -0.736001 0.363264 -0.905678
v -0.669424 0.122646 -1.012399
v -0.659719 0.244124 -0.997722
v -0.643696 0.363264 -0.973490
v -0.544663 0.967254 -0.549937
v -0.478480 1.039940 -0.483201
v -0.410272 1.101899 -0.414570
v -0.488148 0.967247 -0.600685
v -0.429034 1.039883 -0.527943
v -0.368447 1.101708 -0.453388
v -0.426914 0.967254 -0.645626
v -0.375125 1.039940 -0.567192
v -0.321895 1.101899 -0.486390
v -0.410272 -1.101899 -0.414570
v -0.478480 -1.039940 -0.483201
v -0.544663 -0.967254 -0.549937
v -0.368447 -1.101708 -0.453388
v -0.429034 -1.039883 -0.527943
v -0.488148 -0.967247 -0.600685
v -0.321895 -1.101899 -0.486390
v -0.375125 -1.039940 -0.567192
v -0.426914 -0.967254 -0.645626
v -0.095341 -1.209207 -0.319832
v -0.064883 -1.233473 -0.217656
v -0.108959 -1.216192 -0.285201
v -0.147062 -1.189826 -0.364307
v -0.114065 -1.188393 -0.382646
v -0.076412 -1.189826 -0.385367
v -0.064983 -1.216192 -0.298310
v -0.356580 -0.793870 -0.872702
v -0.383538 -0.695206 -0.938680
v -0.406823 -0.589884 -0.995669
v -0.269308 -0.793870 -0.903427
v -0.289668 -0.695206 -0.971728
v -0.307255 -0.589884 -1.030724
v -0.179458 -0.793870 -0.925501
v -0.193025 -0.695206 -0.995471
v -0.204744 -0.589884 -1.055908
v -0.459069 0.122646 -1.123537
v -0.452414 0.244124 -1.107248
v -0.441426 0.363264 -1.080357
v -0.346714 0.122646 -1.163093
v -0.341687 0.244124 -1.146231
v -0.333389 0.363264 -1.118393
v -0.231038 0.122646 -1.191512
v -0.227689 0.244124 -1.174238
v -0.222159 0.363264 -1.145719
v -0.292751 0.967254 -0.716509
v -0.257144 1.039940 -0.629526
v -0.220392 1.101899 -0.540017
v -0.221118 0.967247 -0.741767
v -0.194341 1.039883 -0.651940
v -0.166896 1.101708 -0.559875
v -0.147347 0.967254 -0.759854
v -0.129516 1.039940 -0.667572
v -0.111259 1.101899 -0.572549
v -0.220392 -1.101899 -0.540017
v -0.257144 -1.039940 -0.629526
v -0.292751 -0.967254 -0.716509
v -0.166896 -1.101708 -0.559875
v -0.194341 -1.039883 -0.651940
v -0.221118 -0.967247 -0.741767
v -0.111259 -1.101899 -0.572549
v -0.129516 -1.039940 -0.667572
v -0.147347 -0.967254 -0.759854
v -0.441426 -0.363264 -1.080357
v -0.452413 -0.244124 -1.107248
v -0.459069 -0.122646 -1.123537
v -0.333389 -0.363264 -1.118393
v -0.341687 -0.244124 -1.146231
v -0.346714 -0.122646 -1.163093
v -0.222159 -0.363264 -1.145719
v -0.227689 -0.244124 -1.174238
v -0.231038 -0.122646 -1.191512
v -0.406823 0.589884 -0.995669
v -0.383538 0.695206 -0.938680
v -0.356580 0.793870 -0.872702
v -0.307255 0.589884 -1.030724
v -0.289668 0.695206 -0.971728
v -0.269308 0.793870 -0.903427
v -0.204744 0.589884 -1.055908
v -0.193025 0.695206 -0.995471
v -0.179458 0.793870 -0.925501
v -0.095341 1.209206 -0.319832
v -0.147062 1.189826 -0.364307
v -0.108959 1.216192 -0.285201
v -0.064883 1.233473 -0.217656
v -0.064983 1.216192 -0.298310
v -0.076412 1.189826 -0.385367
v -0.114065 1.188393 -0.382646
v 0.005835 0.122646 -1.213691
v 0.005750 0.244124 -1.196095
v 0.005610 0.363264 -1.167046
v 0.124775 0.122646 -1.207240
v 0.122966 0.244124 -1.189738
v 0.119980 0.363264 -1.160843
v 0.242520 0.122646 -1.189228
v 0.239004 0.244124 -1.171987
v 0.233200 0.363264 -1.143523
v 0.003730 0.967254 -0.773999
v 0.003339 1.039940 -0.680011
v 0.003040 1.101899 -0.583251
v 0.079576 0.967247 -0.769921
v 0.069939 1.039883 -0.676685
v 0.060063 1.101708 -0.581125
v 0.154652 0.967254 -0.758401
v 0.135812 1.039940 -0.666319
v 0.116315 1.101899 -0.571544
v 0.003040 -1.101899 -0.583251
v 0.003339 -1.039940 -0.680011
v 0.003730 -0.967254 -0.773999
v 0.060063 -1.101708 -0.581125
v 0.069939 -1.039883 -0.676685
v 0.079576 -0.967247 -0.769921
v 0.116315 -1.101899 -0.571544
v 0.135812 -1.039940 -0.666319
v 0.154652 -0.967254 -0.758401
v 0.005610 -0.363264 -1.167046
v 0.005750 -0.244124 -1.196095
v 0.005835 -0.122646 -1.213691
v 0.119980 -0.363264 -1.160843
v 0.122966 -0.244124 -1.189738
v 0.124775 -0.122646 -1.207240
v 0.233200 -0.363264 -1.143523
v 0.239004 -0.244124 -1.171987
v 0.242520 -0.122646 -1.189228
v 0.005171 0.589884 -1.075563
v 0.004875 0.695206 -1.014001
v 0.004532 0.793870 -0.942729
v 0.110574 0.589884 -1.069846
v 0.104245 0.695206 -1.008611
v 0.096918 0.793870 -0.937718
v 0.214919 0.589884 -1.053884
v 0.202618 0.695206 -0.993563
v 0.188377 0.793870 -0.923727
v 0.034311 1.209206 -0.331971
v 0.003546 1.189826 -0.392854
v 0.008477 1.216192 -0.305188
v 0.023350 1.233473 -0.225918
v 0.054122 1.216192 -0.300471
v 0.076878 1.189826 -0.385274
v 0.041050 1.188393 -0.397170
v 0.034311 -1.209207 -0.331971
v 0.023350 -1.233473 -0.225918
v 0.008477 -1.216192 -0.305188
v 0.003546 -1.189826 -0.392854
v 0.041050 -1.188393 -0.397170
v 0.076878 -1.189826 -0.385274
v 0.054122 -1.216192 -0.300471
v 0.004532 -0.793870 -0.942729
v 0.004875 -0.695206 -1.014001
v 0.005171 -0.589884 -1.075563
v 0.096918 -0.793870 -0.937718
v 0.104246 -0.695206 -1.008611
v 0.110574 -0.589884 -1.069846
v 0.188377 -0.793870 -0.923727
v 0.202618 -0.695206 -0.993563
v 0.214919 -0.589884 -1.053884
v 0.226009 -1.101899 -0.537691
v 0.263314 -1.039940 -0.626971
v 0.299642 -0.967254 -0.713655
v 0.277878 -1.101708 -0.513905
v 0.323572 -1.039883 -0.598411
v 0.368154 -0.967247 -0.680862
v 0.326181 -1.101899 -0.483526
v 0.380463 -1.039940 -0.563626
v 0.433108 -0.967254 -0.641488
v 0.451792 -0.363264 -1.076063
v 0.463038 -0.244124 -1.102847
v 0.469850 -0.122646 -1.119071
v 0.555082 -0.363263 -1.026565
v 0.568899 -0.244124 -1.052117
v 0.577268 -0.122646 -1.067595
v 0.653056 -0.363264 -0.967236
v 0.669311 -0.244124 -0.991312
v 0.679157 -0.122646 -1.005895
v 0.416377 0.589884 -0.991712
v 0.392545 0.695206 -0.934949
v 0.364954 0.793870 -0.869233
v 0.511570 0.589884 -0.946093
v 0.482289 0.695206 -0.891942
v 0.448390 0.793870 -0.829249
v 0.601864 0.589884 -0.891416
v 0.567415 0.695206 -0.840394
v 0.527532 0.793870 -0.781324
v 0.158739 1.209206 -0.293571
v 0.153615 1.189826 -0.361592
v 0.124622 1.216192 -0.278713
v 0.108027 1.233473 -0.199785
v 0.164987 1.216192 -0.256887
v 0.218464 1.189826 -0.326527
v 0.189915 1.188393 -0.351228
v 0.158739 -1.209207 -0.293571
v 0.108027 -1.233473 -0.199785
v 0.124622 -1.216192 -0.278713
v 0.153615 -1.189826 -0.361592
v 0.189915 -1.188393 -0.351228
v 0.218464 -1.189826 -0.326527
v 0.164987 -1.216192 -0.256887
v 0.364954 -0.793870 -0.869233
v 0.392545 -0.695206 -0.934949
v 0.416377 -0.589884 -0.991711
v 0.448390 -0.793870 -0.829249
v 0.482289 -0.695206 -0.891942
v 0.511570 -0.589884 -0.946093
v 0.527532 -0.793870 -0.781324
v 0.567415 -0.695206 -0.840394
v 0.601864 -0.589884 -0.891416
v 0.469850 0.122646 -1.119071
v 0.463038 0.244124 -1.102847
v 0.451792 0.363264 -1.076063
v 0.577268 0.122646 -1.067595
v 0.568899 0.244124 -1.052117
v 0.555082 0.363263 -1.026565
v 0.679158 0.122646 -1.005895
v 0.669311 0.244124 -0.991312
v 0.653056 0.363264 -0.967236
v 0.299642 0.967254 -0.713655
v 0.263314 1.039940 -0.626971
v 0.226009 1.101899 -0.537691
v 0.368154 0.967247 -0.680862
v 0.323572 1.039883 -0.598411
v 0.277878 1.101708 -0.513905
v 0.433108 0.967254 -0.641488
v 0.380463 1.039940 -0.563626
v 0.326181 1.101899 -0.483526
v 0.764194 0.589884 -0.756881
v 0.720454 0.695206 -0.713560
v 0.669814 0.793870 -0.663405
v 0.834683 0.589884 -0.678307
v 0.786908 0.695206 -0.639483
v 0.731598 0.793870 -0.594535
v 0.897180 0.589884 -0.593237
v 0.845827 0.695206 -0.559282
v 0.786376 0.793870 -0.519971
v 0.259001 1.209206 -0.210478
v 0.280297 1.189826 -0.275282
v 0.221795 1.216192 -0.209807
v 0.176259 1.233473 -0.143237
v 0.250735 1.216192 -0.174195
v 0.326791 1.189826 -0.218069
v 0.309868 1.188393 -0.251815
v 0.259001 -1.209207 -0.210478
v 0.176259 -1.233473 -0.143237
v 0.221795 -1.216192 -0.209807
v 0.280297 -1.189826 -0.275282
v 0.309868 -1.188393 -0.251815
v 0.326791 -1.189826 -0.218069
v 0.250735 -1.216192 -0.174195
v 0.669814 -0.793870 -0.663405
v 0.720454 -0.695206 -0.713560
v 0.764194 -0.589884 -0.756881
v 0.731598 -0.793870 -0.594535
v 0.786908 -0.695206 -0.639483
v 0.834683 -0.589884 -0.678307
v 0.786376 -0.793870 -0.519971
v 0.845828 -0.695206 -0.559282
v 0.897179 -0.589884 -0.593237
v 0.862335 0.122646 -0.854083
v 0.849833 0.244124 -0.841701
v 0.829193 0.363263 -0.821259
v 0.941877 0.122646 -0.765418
v 0.928222 0.244124 -0.754321
v 0.905678 0.363264 -0.736001
v 1.012399 0.122646 -0.669424
v 0.997722 0.244124 -0.659718
v 0.973490 0.363264 -0.643696
v 0.549937 0.967254 -0.544663
v 0.483202 1.039940 -0.478480
v 0.414570 1.101899 -0.410272
v 0.600685 0.967247 -0.488148
v 0.527943 1.039883 -0.429034
v 0.453388 1.101708 -0.368447
v 0.645626 0.967254 -0.426914
v 0.567192 1.039940 -0.375125
v 0.486390 1.101899 -0.321895
v 0.414570 -1.101899 -0.410272
v 0.483202 -1.039940 -0.478480
v 0.549937 -0.967254 -0.544663
v 0.453388 -1.101708 -0.368447
v 0.527943 -1.039883 -0.429034
v 0.600685 -0.967247 -0.488148
v 0.486390 -1.101899 -0.321895
v 0.567192 -1.039940 -0.375125
v 0.645626 -0.967254 -0.426914
v 0.829193 -0.363263 -0.821259
v 0.849833 -0.244124 -0.841701
v 0.862335 -0.122646 -0.854083
v 0.905678 -0.363264 -0.736001
v 0.928222 -0.244124 -0.754321
v 0.941877 -0.122646 -0.765418
v 0.973490 -0.363264 -0.643696
v 0.997722 -0.244124 -0.659718
v 1.012399 -0.122646 -0.669424
v 0.319832 -1.209207 -0.095341
v 0.217656 -1.233473 -0.064883
v 0.285201 -1.216192 -0.108959
v 0.364307 -1.189826 -0.147062
v 0.382646 -1.188393 -0.114065
v 0.385367 -1.189826 -0.076412
v 0.298310 -1.216192 -0.064983
v 0.872702 -0.793870 -0.356579
v 0.938680 -0.695206 -0.383537
v 0.995669 -0.589884 -0.406823
v 0.903427 -0.793870 -0.269308
v 0.971728 -0.695206 -0.289668
v 1.030723 -0.589884 -0.307255
v 0.925501 -0.793870 -0.179458
v 0.995471 -0.695206 -0.193025
v 1.055908 -0.589884 -0.204744
v 1.123537 0.122646 -0.459069
v 1.107248 0.244124 -0.452413
v 1.080357 0.363264 -0.441426
v 1.163093 0.122646 -0.346713
v 1.146231 0.244124 -0.341687
v 1.118393 0.363264 -0.333389
v 1.191512 0.122646 -0.231038
v 1.174238 0.244124 -0.227689
v 1.145719 0.363264 -0.222159
v 0.716509 0.967254 -0.292751
v 0.629526 1.039940 -0.257144
v 0.540017 1.101899 -0.220392
v 0.741767 0.967247 -0.221118
v 0.651940 1.039883 -0.194341
v 0.559875 1.101708 -0.166896
v 0.759854 0.967254 -0.147347
v 0.667572 1.039940 -0.129516
v 0.572549 1.101899 -0.111259
v 0.540017 -1.101899 -0.220392
v 0.629526 -1.039940 -0.257144
v 0.716509 -0.967254 -0.292751
v 0.559875 -1.101708 -0.166896
v 0.651940 -1.039883 -0.194341
v 0.741767 -0.967247 -0.221118
v 0.572549 -1.101899 -0.111259
v 0.667572 -1.039940 -0.129516
v 0.759854 -0.967254 -0.147347
v 1.080357 -0.363264 -0.441426
v 1.107248 -0.244124 -0.452413
v 1.123537 -0.122646 -0.459069
v 1.118393 -0.363264 -0.333389
v 1.146231 -0.244124 -0.341687
v 1.163093 -0.122646 -0.346713
v 1.145719 -0.363264 -0.222159
v 1.174238 -0.244124 -0.227689
v 1.191512 -0.122646 -0.231038
v 0.995669 0.589884 -0.406823
v 0.938680 0.695206 -0.383537
v 0.872702 0.793870 -0.356579
v 1.030723 0.589884 -0.307255
v 0.971728 0.695206 -0.289668
v 0.903427 0.793870 -0.269308
v 1.055908 0.589884 -0.204744
v 0.995471 0.695206 -0.193025
v 0.925501 0.793870 -0.179458
v 0.319832 1.209206 -0.095341
v 0.364307 1.189826 -0.147062
v 0.285201 1.216192 -0.108959
v 0.217656 1.233473 -0.064883
v 0.298310 1.216192 -0.064983
v 0.385367 1.189826 -0.076412
v 0.382646 1.188393 -0.114065
v 0.773999 0.967254 0.003730
v 0.680011 1.039940 0.003339
v 0.583251 1.101899 0.003040
v 0.769921 0.967247 0.079576
v 0.676685 1.039883 0.069939
v 0.581125 1.101708 0.060063
v 0.758401 0.967254 0.154653
v 0.666319 1.039940 0.135812
v 0.571544 1.101899 0.116315
v 0.583251 -1.101899 0.003040
v 0.680011 -1.039940 0.003339
v 0.773999 -0.967254 0.003730
v 0.581125 -1.101708 0.060063
v 0.676685 -1.039883 0.069939
v 0.769921 -0.967247 0.079576
v 0.571544 -1.101899 0.116315
v 0.666319 -1.039940 0.135812
v 0.758401 -0.967254 0.154653
v 1.167046 -0.363264 0.005611
v 1.196095 -0.244124 0.005750
v 1.213691 -0.122646 0.005835
v 1.160843 -0.363264 0.119980
v 1.189737 -0.244124 0.122966
v 1.207240 -0.122646 0.124775
v 1.143523 -0.363264 0.233200
v 1.171987 -0.244124 0.239004
v 1.189228 -0.122646 0.242521
v 1.075563 0.589884 0.005171
v 1.014000 0.695206 0.004875
v 0.942729 0.793870 0.004532
v 1.069845 0.589884 0.110575
v 1.008611 0.695206 0.104246
v 0.937718 0.793870 0.096918
v 1.053884 0.589884 0.214920
v 0.993562 0.695206 0.202618
v 0.923727 0.793870 0.188377
v 0.331971 1.209206 0.034311
v 0.392854 1.189826 0.003546
v 0.305188 1.216192 0.008477
v 0.225918 1.233473 0.023350
v 0.300471 1.216192 0.054122
v 0.385274 1.189826 0.076878
v 0.397170 1.188393 0.041050
v 0.331971 -1.209207 0.034311
v 0.225918 -1.233473 0.023350
v 0.305188 -1.216192 0.008477
v 0.392854 -1.189826 0.003546
v 0.397170 -1.188393 0.041050
v 0.385274 -1.189826 0.076878
v 0.300471 -1.216192 0.054122
v 0.942729 -0.793870 0.004532
v 1.014000 -0.695206 0.004875
v 1.075562 -0.589884 0.005171
v 0.937717 -0.793870 0.096918
v 1.008611 -0.695206 0.104246
v 1.069845 -0.589884 0.110575
v 0.923727 -0.793870 0.188377
v 0.993563 -0.695206 0.202618
v 1.053884 -0.589884 0.214920
v 1.213691 0.122646 0.005835
v 1.196095 0.244124 0.005750
v 1.167046 0.363264 0.005611
v 1.207240 0.122646 0.124775
v 1.189737 0.244124 0.122966
v 1.160843 0.363264 0.119980
v 1.189228 0.122646 0.242521
v 1.171987 0.244124 0.239005
v 1.143523 0.363264 0.233200
v 0.537691 -1.101899 0.226009
v 0.626970 -1.039940 0.263314
v 0.713655 -0.967254 0.299642
v 0.513905 -1.101708 0.277878
v 0.598411 -1.039883 0.323572
v 0.680862 -0.967247 0.368154
v 0.483526 -1.101899 0.326181
v 0.563626 -1.039940 0.380463
v 0.641488 -0.967254 0.433108
v 1.076063 -0.363264 0.451793
v 1.102847 -0.244124 0.463038
v 1.119071 -0.122646 0.469850
v 1.026564 -0.363264 0.555082
v 1.052117 -0.244124 0.568899
v 1.067595 -0.122646 0.577268
v 0.967236 -0.363264 0.653056
v 0.991312 -0.244124 0.669311
v 1.005895 -0.122646 0.679158
v 0.991711 0.589884 0.416377
v 0.934949 0.695206 0.392545
v 0.869233 0.793870 0.364954
v 0.946093 0.589884 0.511570
v 0.891942 0.695206 0.482289
v 0.829249 0.793870 0.448390
v 0.891415 0.589884 0.601864
v 0.840393 0.695206 0.567415
v 0.781324 0.793870 0.527532
v 0.293571 1.209206 0.158739
v 0.361592 1.189826 0.153615
v 0.278713 1.216192 0.124622
v 0.199785 1.233473 0.108027
v 0.256887 1.216192 0.164987
v 0.326527 1.189826 0.218464
v 0.351228 1.188393 0.189915
v 0.293571 -1.209207 0.158739
v 0.199785 -1.233473 0.108027
v 0.278713 -1.216192 0.124622
v 0.361592 -1.189826 0.153615
v 0.351228 -1.188393 0.189915
v 0.326527 -1.189826 0.218464
v 0.256887 -1.216192 0.164987
v 0.869233 -0.793870 0.364954
v 0.934949 -0.695206 0.392545
v 0.991711 -0.589884 0.416377
v 0.829249 -0.793870 0.448390
v 0.891942 -0.695206 0.482289
v 0.946093 -0.589884 0.511570
v 0.781324 -0.793870 0.527532
v 0.840393 -0.695206 0.567415
v 0.891416 -0.589884 0.601864
v 1.119071 0.122646 0.469850
v 1.102847 0.244124 0.463038
v 1.076063 0.363264 0.451793
v 1.067595 0.122646 0.577268
v 1.052117 0.244124 0.568899
v 1.026564 0.363264 0.555082
v 1.005895 0.122646 0.679158
v 0.991312 0.244124 0.669311
v 0.967236 0.363264 0.653056
v 0.713655 0.967254 0.299642
v 0.626971 1.039940 0.263314
v 0.537691 1.101899 0.226009
v 0.680862 0.967247 0.368155
v 0.598411 1.039883 0.323572
v 0.513905 1.101708 0.277878
v 0.641488 0.967254 0.433108
v 0.563626 1.039940 0.380463
v 0.483526 1.101899 0.326181
v 0.210478 1.209206 0.259001
v 0.275282 1.189826 0.280297
v 0.209807 1.216192 0.221795
v 0.143237 1.233473 0.176259
v 0.174195 1.216192 0.250735
v 0.218069 1.189826 0.326791
v 0.251815 1.188393 0.309868
v 0.210478 -1.209207 0.259001
v 0.143237 -1.233473 0.176259
v 0.209807 -1.216192 0.221795
v 0.275282 -1.189826 0.280297
v 0.251815 -1.188393 0.309868
v 0.218069 -1.189826 0.326791
v 0.174195 -1.216192 0.250735
v 0.663405 -0.793870 0.669814
v 0.713560 -0.695206 0.720454
v 0.756881 -0.589884 0.764194
v 0.594535 -0.793870 0.731598
v 0.639483 -0.695206 0.786908
v 0.678307 -0.589884 0.834683
v 0.519971 -0.793870 0.786376
v 0.559282 -0.695206 0.845828
v 0.593238 -0.589884 0.897179
v 0.854083 0.122646 0.862335
v 0.841701 0.244124 0.849833
v 0.821259 0.363264 0.829193
v 0.765418 0.122646 0.941877
v 0.754322 0.244124 0.928222
v 0.736001 0.363264 0.905678
v 0.669424 0.122646 1.012399
v 0.659719 0.244124 0.997722
v 0.643696 0.363264 0.973490
v 0.544663 0.967254 0.549937
v 0.478479 1.039940 0.483201
v 0.410272 1.101899 0.414570
v 0.488148 0.967247 0.600685
v 0.429034 1.039883 0.527943
v 0.368447 1.101708 0.453388
v 0.426914 0.967254 0.645626
v 0.375125 1.039940 0.567192
v 0.321895 1.101899 0.486390
v 0.410272 -1.101899 0.414570
v 0.478479 -1.039940 0.483201
v 0.544663 -0.967254 0.549937
v 0.368447 -1.101708 0.453388
v 0.429034 -1.039883 0.527943
v 0.488148 -0.967247 0.600685
v 0.321895 -1.101899 0.486390
v 0.375125 -1.039940 0.567192
v 0.426914 -0.967254 0.645626
v 0.821259 -0.363264 0.829193
v 0.841701 -0.244124 0.849833
v 0.854083 -0.122646 0.862335
v 0.736001 -0.363264 0.905678
v 0.754321 -0.244124 0.928221
v 0.765418 -0.122646 0.941877
v 0.643696 -0.363264 0.973490
v 0.659719 -0.244124 0.997722
v 0.669424 -0.122646 1.012399
v 0.756881 0.589884 0.764194
v 0.713560 0.695206 0.720454
v 0.663405 0.793870 0.669814
v 0.678307 0.589884 0.834683
v 0.639483 0.695206 0.786908
v 0.594535 0.793870 0.731598
v 0.593238 0.589884 0.897179
v 0.559282 0.695206 0.845827
v 0.519971 0.793870 0.786376
v 0.000000 0.000000 -1.574983
v -0.307264 0.000000 -1.544720
v -0.602720 0.000000 -1.455095
v -0.875014 0.000000 -1.309551
v -1.113682 0.000000 -1.113681
v -1.309551 0.000000 -0.875014
v -1.455095 0.000000 -0.602720
v -1.544721 0.000000 -0.307264
v -1.574984 0.000000 0.000000
v -1.544721 0.000000 0.307264
v -1.455095 0.000000 0.602720
v -1.309551 0.000000 0.875014
v -1.113681 0.000000 1.113682
v -0.875014 0.000000 1.309551
v -0.602720 0.000000 1.455095
v -0.307264 0.000000 1.544721
v -0.000000 0.000000 1.574984
v 0.307264 0.000000 1.544721
v 0.602720 0.000000 1.455095
v 0.875014 0.000000 1.309551
v 1.113681 0.000000 1.113682
v 1.309551 0.000000 0.875014
v 1.455095 0.000000 0.602720
v 1.544720 0.000000 0.307264
v 1.574983 0.000000 0.000000
v 1.544720 0.000000 -0.307264
v 1.455095 0.000000 -0.602720
v 1.309551 0.000000 -0.875014
v 1.113682 0.000000 -1.113681
v 0.875014 0.000000 -1.309551
v 0.602720 0.000000 -1.455095
v 0.307264 0.000000 -1.544720
v 0.000000 0.000000 -2.711379
v -0.528964 0.000000 -2.659281
v -1.037600 0.000000 -2.504988
v -1.506362 0.000000 -2.254430
v -1.917235 0.000000 -1.917235
v -2.254430 0.000000 -1.506362
v -2.504987 0.000000 -1.037600
v -2.659281 0.000000 -0.528964
v -2.711380 0.000000 0.000000
v -2.659281 0.000000 0.528964
v -2.504988 0.000000 1.037600
v -2.254430 0.000000 1.506362
v -1.917235 0.000000 1.917235
v -1.506362 0.000000 2.254430
v -1.037600 0.000000 2.504987
v -0.528964 0.000000 2.659281
v 0.000000 0.000000 2.711379
v 0.528964 0.000000 2.659281
v 1.037600 0.000000 2.504988
v 1.506362 0.000000 2.254430
v 1.917235 0.000000 1.917235
v 2.254430 0.000000 1.506362
v 2.504987 0.000000 1.037600
v 2.659281 0.000000 0.528964
v 2.711379 0.000000 0.000000
v 2.659281 0.000000 -0.528964
v 2.504988 0.000000 -1.037600
v 2.254430 0.000000 -1.506362
v 1.917235 0.000000 -1.917235
v 1.506362 0.000000 -2.254430
v 1.037600 0.000000 -2.504987
v 0.528964 0.000000 -2.659281
v -0.077280 0.000000 -1.573083
v -0.154375 0.000000 -1.567393
v -0.231098 0.000000 -1.557933
v -0.382689 0.000000 -1.527780
v -0.457192 0.000000 -1.507159
v -0.530595 0.000000 -1.482913
v -0.673390 0.000000 -1.423765
v -0.742439 0.000000 -1.389006
v -0.809702 0.000000 -1.350905
v -0.938214 0.000000 -1.265036
v -0.999155 0.000000 -1.217474
v -1.057692 0.000000 -1.166983
v -1.166983 0.000000 -1.057692
v -1.217474 0.000000 -0.999155
v -1.265036 0.000000 -0.938214
v -1.350905 0.000000 -0.809702
v -1.389006 0.000000 -0.742439
v -1.423765 0.000000 -0.673390
v -1.482913 0.000000 -0.530595
v -1.507160 0.000000 -0.457192
v -1.527780 0.000000 -0.382689
v -1.557933 0.000000 -0.231098
v -1.567394 0.000000 -0.154375
v -1.573083 0.000000 -0.077280
v -1.573083 0.000000 0.077280
v -1.567394 0.000000 0.154375
v -1.557933 0.000000 0.231098
v -1.527780 0.000000 0.382688
v -1.507159 0.000000 0.457192
v -1.482913 0.000000 0.530595
v -1.423766 0.000000 0.673390
v -1.389006 0.000000 0.742439
v -1.350905 0.000000 0.809702
v -1.265036 0.000000 0.938214
v -1.217474 0.000000 0.999155
v -1.166983 0.000000 1.057692
v -1.057692 0.000000 1.166983
v -0.999155 0.000000 1.217474
v -0.938214 0.000000 1.265036
v -0.809702 0.000000 1.350905
v -0.742439 0.000000 1.389006
v -0.673390 0.000000 1.423765
v -0.530595 0.000000 1.482913
v -0.457192 0.000000 1.507159
v -0.382689 0.000000 1.527780
v -0.231098 0.000000 1.557933
v -0.154375 0.000000 1.567394
v -0.077280 0.000000 1.573083
v 0.077280 0.000000 1.573083
v 0.154375 0.000000 1.567393
v 0.231098 0.000000 1.557933
v 0.382689 0.000000 1.527780
v 0.457192 0.000000 1.507159
v 0.530595 0.000000 1.482913
v 0.673390 0.000000 1.423766
v 0.742439 0.000000 1.389006
v 0.809702 0.000000 1.350905
v 0.938214 0.000000 1.265036
v 0.999155 0.000000 1.217474
v 1.057692 0.000000 1.166983
v 1.166983 0.000000 1.057692
v 1.217474 0.000000 0.999155
v 1.265036 0.000000 0.938214
v 1.350905 0.000000 0.809702
v 1.389006 0.000000 0.742439
v 1.423765 0.000000 0.673390
v 1.482913 0.000000 0.530595
v 1.507159 0.000000 0.457192
v 1.527780 0.000000 0.382688
v 1.557933 0.000000 0.231098
v 1.567393 0.000000 0.154375
v 1.573083 0.000000 0.077280
v 1.573083 0.000000 -0.077280
v 1.567393 0.000000 -0.154375
v 1.557933 0.000000 -0.231098
v 1.527780 0.000000 -0.382689
v 1.507159 0.000000 -0.457192
v 1.482913 0.000000 -0.530595
v 1.423765 0.000000 -0.673391
v 1.389006 0.000000 -0.742439
v 1.350905 0.000000 -0.809702
v 1.265036 0.000000 -0.938214
v 1.217474 0.000000 -0.999155
v 1.166983 0.000000 -1.057692
v 1.057692 0.000000 -1.166983
v 0.999155 0.000000 -1.217474
v 0.938214 0.000000 -1.265036
v 0.809702 0.000000 -1.350905
v 0.742439 0.000000 -1.389006
v 0.673390 0.000000 -1.423765
v 0.530595 0.000000 -1.482913
v 0.457192 0.000000 -1.507159
v 0.382689 0.000000 -1.527780
v 0.231098 0.000000 -1.557933
v 0.154375 0.000000 -1.567393
v 0.077280 0.000000 -1.573083
v -0.397842 0.000000 -2.682027
v -0.265761 0.000000 -2.698313
v -0.133040 0.000000 -2.708107
v -0.913435 0.000000 -2.552877
v -0.787069 0.000000 -2.594618
v -0.658809 0.000000 -2.630117
v -1.393925 0.000000 -2.325622
v -1.278131 0.000000 -2.391214
v -1.159261 0.000000 -2.451053
v -1.820848 0.000000 -2.008995
v -1.720074 0.000000 -2.095916
v -1.615163 0.000000 -2.177796
v -2.177796 0.000000 -1.615163
v -2.095917 0.000000 -1.720074
v -2.008995 0.000000 -1.820848
v -2.451053 0.000000 -1.159261
v -2.391214 0.000000 -1.278130
v -2.325622 0.000000 -1.393925
v -2.630117 0.000000 -0.658809
v -2.594618 0.000000 -0.787069
v -2.552877 0.000000 -0.913435
v -2.708108 0.000000 -0.133040
v -2.698313 0.000000 -0.265761
v -2.682027 0.000000 -0.397842
v -2.682027 0.000000 0.397842
v -2.698313 0.000000 0.265761
v -2.708107 0.000000 0.133040
v -2.552877 0.000000 0.913435
v -2.594618 0.000000 0.787069
v -2.630117 0.000000 0.658809
v -2.325622 0.000000 1.393925
v -2.391214 0.000000 1.278131
v -2.451053 0.000000 1.159261
v -2.008995 0.000000 1.820848
v -2.095916 0.000000 1.720074
v -2.177796 0.000000 1.615163
v -1.615163 0.000000 2.177796
v -1.720074 0.000000 2.095917
v -1.820848 0.000000 2.008995
v -1.159261 0.000000 2.451053
v -1.278130 0.000000 2.391214
v -1.393925 0.000000 2.325623
v -0.658809 0.000000 2.630117
v -0.787069 0.000000 2.594618
v -0.913435 0.000000 2.552877
v -0.133040 0.000000 2.708107
v -0.265761 0.000000 2.698313
v -0.397842 0.000000 2.682027
v 0.397842 0.000000 2.682027
v 0.265761 0.000000 2.698313
v 0.133040 0.000000 2.708107
v 0.913435 0.000000 2.552877
v 0.787069 0.000000 2.594618
v 0.658809 0.000000 2.630117
v 1.393925 0.000000 2.325622
v 1.278131 0.000000 2.391214
v 1.159261 0.000000 2.451053
v 1.820848 0.000000 2.008995
v 1.720074 0.000000 2.095917
v 1.615163 0.000000 2.177796
v 2.177796 0.000000 1.615163
v 2.095916 0.000000 1.720074
v 2.008995 0.000000 1.820848
v 2.451053 0.000000 1.159261
v 2.391214 0.000000 1.278131
v 2.325623 0.000000 1.393925
v 2.630117 0.000000 0.658809
v 2.594618 0.000000 0.787069
v 2.552877 0.000000 0.913435
v 2.708107 0.000000 0.133040
v 2.698313 0.000000 0.265761
v 2.682027 0.000000 0.397842
v 2.682027 0.000000 -0.397842
v 2.698313 0.000000 -0.265761
v 2.708107 0.000000 -0.133040
v 2.552877 0.000000 -0.913435
v 2.594618 0.000000 -0.787069
v 2.630117 0.000000 -0.658809
v 2.325622 0.000000 -1.393925
v 2.391214 0.000000 -1.278130
v 2.451053 0.000000 -1.159261
v 2.008995 0.000000 -1.820848
v 2.095916 0.000000 -1.720074
v 2.177796 0.000000 -1.615163
v 1.615163 0.000000 -2.177796
v 1.720074 0.000000 -2.095917
v 1.820848 0.000000 -2.008995
v 1.159261 0.000000 -2.451053
v 1.278131 0.000000 -2.391214
v 1.393925 0.000000 -2.325623
v 0.658809 0.000000 -2.630117
v 0.787069 0.000000 -2.594618
v 0.913435 0.000000 -2.552877
v 0.133040 0.000000 -2.708107
v 0.265761 0.000000 -2.698313
v 0.397842 0.000000 -2.682027
v -0.711440 0.000000 1.717568
v -0.820160 0.000000 1.980041
v -0.928880 0.000000 2.242515
v -0.473539 0.000000 2.380641
v -0.418114 0.000000 2.102001
v -0.362689 0.000000 1.823361
v -0.362689 0.000000 -1.823360
v -0.418114 0.000000 -2.102000
v -0.473539 0.000000 -2.380641
v -0.928880 0.000000 -2.242515
v -0.820160 0.000000 -1.980041
v -0.711440 0.000000 -1.717568
v 1.314570 0.000000 -1.314570
v 1.515458 0.000000 -1.515458
v 1.716346 0.000000 -1.716346
v 1.348525 0.000000 -2.018210
v 1.190688 0.000000 -1.781990
v 1.032851 0.000000 -1.545770
v 0.000000 0.000000 2.427280
v -0.000000 0.000000 2.143181
v -0.000000 0.000000 1.859082
v -1.348524 0.000000 -2.018210
v -1.190688 0.000000 -1.781990
v -1.032851 0.000000 -1.545770
v 0.928880 0.000000 -2.242515
v 0.820160 0.000000 -1.980041
v 0.711440 0.000000 -1.717568
v 0.473539 0.000000 2.380641
v 0.418114 0.000000 2.102001
v 0.362689 0.000000 1.823361
v -1.716346 0.000000 -1.716346
v -1.515458 0.000000 -1.515458
v -1.314570 0.000000 -1.314570
v 0.473539 0.000000 -2.380641
v 0.418114 0.000000 -2.102001
v 0.362689 0.000000 -1.823360
v 0.928880 0.000000 2.242515
v 0.820160 0.000000 1.980042
v 0.711440 0.000000 1.717568
v -2.018210 0.000000 -1.348525
v -1.781990 0.000000 -1.190688
v -1.545771 0.000000 -1.032851
v 0.000000 0.000000 -2.427280
v 0.000000 0.000000 -2.143181
v 0.000000 0.000000 -1.859082
v 1.348525 0.000000 2.018210
v 1.190688 0.000000 1.781990
v 1.032851 0.000000 1.545771
v -2.242515 0.000000 -0.928880
v -1.980041 0.000000 -0.820160
v -1.717568 0.000000 -0.711440
v 1.716346 0.000000 1.716346
v 1.515458 0.000000 1.515458
v 1.314570 0.000000 1.314570
v -2.380641 0.000000 -0.473539
v -2.102001 0.000000 -0.418114
v -1.823361 0.000000 -0.362689
v 2.018210 0.000000 1.348525
v 1.781990 0.000000 1.190688
v 1.545770 0.000000 1.032851
v -2.427281 0.000000 0.000000
v -2.143181 0.000000 0.000000
v -1.859083 0.000000 0.000000
v 2.242515 0.000000 0.928880
v 1.980041 0.000000 0.820160
v 1.717568 0.000000 0.711440
v -2.380641 0.000000 0.473539
v -2.102001 0.000000 0.418114
v -1.823361 0.000000 0.362689
v 2.380641 0.000000 0.473539
v 2.102001 0.000000 0.418114
v 1.823360 0.000000 0.362689
v -2.242515 0.000000 0.928880
v -1.980042 0.000000 0.820160
v -1.717568 0.000000 0.711440
v 2.427280 0.000000 0.000000
v 2.143181 0.000000 0.000000
v 1.859082 0.000000 0.000000
v -2.018210 0.000000 1.348525
v -1.781990 0.000000 1.190688
v -1.545771 0.000000 1.032851
v 2.380641 0.000000 -0.473539
v 2.102001 0.000000 -0.418114
v 1.823360 0.000000 -0.362689
v -1.716346 0.000000 1.716346
v -1.515458 0.000000 1.515458
v -1.314570 0.000000 1.314570
v 2.242514 0.000000 -0.928880
v 1.980041 0.000000 -0.820160
v 1.717568 0.000000 -0.711440
v -1.348525 0.000000 2.018210
v -1.190688 0.000000 1.781990
v -1.032851 0.000000 1.545771
v 2.018210 0.000000 -1.348525
v 1.781990 0.000000 -1.190688
v 1.545771 0.000000 -1.032851
v -0.451719 0.000000 1.803364
v -0.539661 0.000000 1.779024
v -0.626305 0.000000 1.750404
v -0.520749 0.000000 2.078948
v -0.622130 0.000000 2.050889
v -0.722015 0.000000 2.017895
v -0.589779 0.000000 2.354533
v -0.704599 0.000000 2.322753
v -0.817725 0.000000 2.285386
v -0.626305 0.000000 -1.750404
v -0.539661 0.000000 -1.779024
v -0.451719 0.000000 -1.803364
v -0.722015 0.000000 -2.017895
v -0.622130 0.000000 -2.050888
v -0.520749 0.000000 -2.078948
v -0.817725 0.000000 -2.285386
v -0.704599 0.000000 -2.322753
v -0.589779 0.000000 -2.354533
v 1.107451 0.000000 -1.493226
v 1.179385 0.000000 -1.437084
v 1.248481 0.000000 -1.377486
v 1.276688 0.000000 -1.721416
v 1.359615 0.000000 -1.656695
v 1.439270 0.000000 -1.587989
v 1.445925 0.000000 -1.949606
v 1.539844 0.000000 -1.876306
v 1.630059 0.000000 -1.798492
v -0.091220 0.000000 1.856839
v -0.182221 0.000000 1.850123
v -0.272784 0.000000 1.838957
v -0.105160 0.000000 2.140595
v -0.210068 0.000000 2.132853
v -0.314470 0.000000 2.119980
v -0.119100 0.000000 2.424351
v -0.237914 0.000000 2.415583
v -0.356156 0.000000 2.401004
v -0.955758 0.000000 -1.594585
v -0.876362 0.000000 -1.639558
v -0.794858 0.000000 -1.680587
v -1.101813 0.000000 -1.838263
v -1.010285 0.000000 -1.890110
v -0.916326 0.000000 -1.937409
v -1.247869 0.000000 -2.081943
v -1.144207 0.000000 -2.140662
v -1.037793 0.000000 -2.194231
v 0.794858 0.000000 -1.680587
v 0.876362 0.000000 -1.639558
v 0.955757 0.000000 -1.594584
v 0.916326 0.000000 -1.937409
v 1.010285 0.000000 -1.890110
v 1.101813 0.000000 -1.838263
v 1.037793 0.000000 -2.194231
v 1.144207 0.000000 -2.140662
v 1.247869 0.000000 -2.081943
v 0.272784 0.000000 1.838957
v 0.182221 0.000000 1.850123
v 0.091220 0.000000 1.856839
v 0.314470 0.000000 2.119980
v 0.210068 0.000000 2.132853
v 0.105160 0.000000 2.140595
v 0.356156 0.000000 2.401004
v 0.237914 0.000000 2.415583
v 0.119100 0.000000 2.424351
v -1.248481 0.000000 -1.377486
v -1.179385 0.000000 -1.437085
v -1.107451 0.000000 -1.493226
v -1.439270 0.000000 -1.587989
v -1.359614 0.000000 -1.656695
v -1.276688 0.000000 -1.721416
v -1.630059 0.000000 -1.798492
v -1.539844 0.000000 -1.876306
v -1.445925 0.000000 -1.949606
v 0.451719 0.000000 -1.803364
v 0.539661 0.000000 -1.779024
v 0.626305 0.000000 -1.750404
v 0.520749 0.000000 -2.078948
v 0.622130 0.000000 -2.050889
v 0.722015 0.000000 -2.017895
v 0.589779 0.000000 -2.354533
v 0.704600 0.000000 -2.322753
v 0.817725 0.000000 -2.285386
v 0.626305 0.000000 1.750404
v 0.539661 0.000000 1.779024
v 0.451719 0.000000 1.803364
v 0.722015 0.000000 2.017895
v 0.622130 0.000000 2.050889
v 0.520749 0.000000 2.078949
v 0.817725 0.000000 2.285386
v 0.704599 0.000000 2.322753
v 0.589779 0.000000 2.354533
v -1.493226 0.000000 -1.107451
v -1.437085 0.000000 -1.179384
v -1.377486 0.000000 -1.248481
v -1.721416 0.000000 -1.276689
v -1.656695 0.000000 -1.359615
v -1.587989 0.000000 -1.439270
v -1.949606 0.000000 -1.445925
v -1.876306 0.000000 -1.539844
v -1.798492 0.000000 -1.630059
v 0.091220 0.000000 -1.856839
v 0.182221 0.000000 -1.850123
v 0.272784 0.000000 -1.838956
v 0.105160 0.000000 -2.140595
v 0.210068 0.000000 -2.132853
v 0.314470 0.000000 -2.119980
v 0.119100 0.000000 -2.424351
v 0.237914 0.000000 -2.415583
v 0.356156 0.000000 -2.401004
v 0.955758 0.000000 1.594585
v 0.876362 0.000000 1.639558
v 0.794858 0.000000 1.680587
v 1.101813 0.000000 1.838264
v 1.010285 0.000000 1.890110
v 0.916326 0.000000 1.937409
v 1.247869 0.000000 2.081943
v 1.144207 0.000000 2.140662
v 1.037793 0.000000 2.194231
v -1.680587 0.000000 -0.794858
v -1.639558 0.000000 -0.876362
v -1.594584 0.000000 -0.955758
v -1.937409 0.000000 -0.916326
v -1.890110 0.000000 -1.010285
v -1.838263 0.000000 -1.101813
v -2.194231 0.000000 -1.037793
v -2.140662 0.000000 -1.144207
v -2.081943 0.000000 -1.247869
v 1.248481 0.000000 1.377486
v 1.179385 0.000000 1.437085
v 1.107451 0.000000 1.493226
v 1.439270 0.000000 1.587989
v 1.359614 0.000000 1.656695
v 1.276688 0.000000 1.721416
v 1.630059 0.000000 1.798492
v 1.539844 0.000000 1.876306
v 1.445926 0.000000 1.949606
v -1.803364 0.000000 -0.451719
v -1.779024 0.000000 -0.539661
v -1.750404 0.000000 -0.626305
v -2.078948 0.000000 -0.520749
v -2.050889 0.000000 -0.622130
v -2.017895 0.000000 -0.722015
v -2.354533 0.000000 -0.589779
v -2.322753 0.000000 -0.704600
v -2.285386 0.000000 -0.817725
v 1.493226 0.000000 1.107451
v 1.437084 0.000000 1.179385
v 1.377486 0.000000 1.248481
v 1.721416 0.000000 1.276689
v 1.656695 0.000000 1.359615
v 1.587989 0.000000 1.439270
v 1.949606 0.000000 1.445925
v 1.876306 0.000000 1.539844
v 1.798492 0.000000 1.630059
v -1.856839 0.000000 -0.091220
v -1.850123 0.000000 -0.182221
v -1.838957 0.000000 -0.272784
v -2.140595 0.000000 -0.105160
v -2.132853 0.000000 -0.210068
v -2.119980 0.000000 -0.314470
v -2.424351 0.000000 -0.119100
v -2.415583 0.000000 -0.237914
v -2.401004 0.000000 -0.356156
v 1.680587 0.000000 0.794858
v 1.639558 0.000000 0.876362
v 1.594584 0.000000 0.955757
v 1.937409 0.000000 0.916326
v 1.890110 0.000000 1.010285
v 1.838264 0.000000 1.101814
v 2.194231 0.000000 1.037793
v 2.140662 0.000000 1.144207
v 2.081943 0.000000 1.247869
v -1.838957 0.000000 0.272784
v -1.850123 0.000000 0.182221
v -1.856839 0.000000 0.091220
v -2.119980 0.000000 0.314470
v -2.132853 0.000000 0.210068
v -2.140596 0.000000 0.105160
v -2.401004 0.000000 0.356156
v -2.415583 0.000000 0.237914
v -2.424351 0.000000 0.119100
v 1.803364 0.000000 0.451719
v 1.779024 0.000000 0.539661
v 1.750404 0.000000 0.626305
v 2.078948 0.000000 0.520749
v 2.050889 0.000000 0.622130
v 2.017895 0.000000 0.722015
v 2.354533 0.000000 0.589779
v 2.322753 0.000000 0.704600
v 2.285386 0.000000 0.817725
v -1.750404 0.000000 0.626305
v -1.779024 0.000000 0.539661
v -1.803364 0.000000 0.451719
v -2.017895 0.000000 0.722015
v -2.050889 0.000000 0.622130
v -2.078949 0.000000 0.520749
v -2.285386 0.000000 0.817725
v -2.322753 0.000000 0.704599
v -2.354533 0.000000 0.589779
v 1.856839 0.000000 0.091220
v 1.850123 0.000000 0.182221
v 1.838956 0.000000 0.272784
v 2.140595 0.000000 0.105160
v 2.132853 0.000000 0.210068
v 2.119980 0.000000 0.314470
v 2.424351 0.000000 0.119100
v 2.415583 0.000000 0.237914
v 2.401004 0.000000 0.356156
v -1.594585 0.000000 0.955758
v -1.639558 0.000000 0.876362
v -1.680587 0.000000 0.794858
v -1.838264 0.000000 1.101813
v -1.890110 0.000000 1.010285
v -1.937409 0.000000 0.916326
v -2.081943 0.000000 1.247869
v -2.140662 0.000000 1.144207
v -2.194231 0.000000 1.037793
v 1.838956 0.000000 -0.272784
v 1.850123 0.000000 -0.182221
v 1.856839 0.000000 -0.091220
v 2.119980 0.000000 -0.314470
v 2.132853 0.000000 -0.210068
v 2.140595 0.000000 -0.105160
v 2.401003 0.000000 -0.356156
v 2.415583 0.000000 -0.237914
v 2.424351 0.000000 -0.119100
v -1.377486 0.000000 1.248481
v -1.437085 0.000000 1.179385
v -1.493226 0.000000 1.107451
v -1.587989 0.000000 1.439270
v -1.656695 0.000000 1.359615
v -1.721416 0.000000 1.276688
v -1.798492 0.000000 1.630059
v -1.876306 0.000000 1.539844
v -1.949606 0.000000 1.445926
v 1.750404 0.000000 -0.626305
v 1.779024 0.000000 -0.539661
v 1.803364 0.000000 -0.451719
v 2.017895 0.000000 -0.722015
v 2.050888 0.000000 -0.622130
v 2.078948 0.000000 -0.520749
v 2.285386 0.000000 -0.817725
v 2.322753 0.000000 -0.704599
v 2.354533 0.000000 -0.589779
v -1.107451 0.000000 1.493226
v -1.179384 0.000000 1.437085
v -1.248481 0.000000 1.377486
v -1.276688 0.000000 1.721416
v -1.359615 0.000000 1.656695
v -1.439270 0.000000 1.587989
v -1.445925 0.000000 1.949606
v -1.539844 0.000000 1.876306
v -1.630059 0.000000 1.798492
v 1.594585 0.000000 -0.955758
v 1.639558 0.000000 -0.876362
v 1.680587 0.000000 -0.794858
v 1.838263 0.000000 -1.101813
v 1.890110 0.000000 -1.010285
v 1.937409 0.000000 -0.916326
v 2.081943 0.000000 -1.247869
v 2.140661 0.000000 -1.144207
v 2.194231 0.000000 -1.037793
v -0.794858 0.000000 1.680587
v -0.876362 0.000000 1.639558
v -0.955758 0.000000 1.594585
v -0.916326 0.000000 1.937409
v -1.010285 0.000000 1.890110
v -1.101813 0.000000 1.838263
v -1.037793 0.000000 2.194231
v -1.144207 0.000000 2.140662
v -1.247869 0.000000 2.081943
v -0.272784 0.000000 -1.838956
v -0.182221 0.000000 -1.850123
v -0.091220 0.000000 -1.856839
v -0.314470 0.000000 -2.119980
v -0.210068 0.000000 -2.132853
v -0.105160 0.000000 -2.140595
v -0.356156 0.000000 -2.401003
v -0.237914 0.000000 -2.415583
v -0.119100 0.000000 -2.424351
v 1.377486 0.000000 -1.248481
v 1.437085 0.000000 -1.179385
v 1.493226 0.000000 -1.107451
v 1.587989 0.000000 -1.439270
v 1.656695 0.000000 -1.359615
v 1.721416 0.000000 -1.276688
v 1.798491 0.000000 -1.630059
v 1.876306 0.000000 -1.539844
v 1.949606 0.000000 -1.445925
vn -0.3625 0.2828 -0.8880
vn -0.2740 0.2828 -0.9192
vn -0.2805 0.1901 -0.9409
vn -0.3710 0.1901 -0.9090
vn -0.2844 0.0957 -0.9539
vn -0.3762 0.0957 -0.9216
vn -0.1829 0.2828 -0.9416
vn -0.1872 0.1901 -0.9638
vn -0.1898 0.0957 -0.9771
vn -0.4333 0.3739 -0.8201
vn -0.3505 0.3739 -0.8587
vn -0.4481 0.2828 -0.8481
vn -0.4586 0.1901 -0.8681
vn -0.4650 0.0957 -0.8801
vn -0.3779 -0.0000 -0.9258
vn -0.4671 -0.0000 -0.8842
vn -0.2857 -0.0000 -0.9583
vn -0.1907 -0.0000 -0.9817
vn -0.0928 0.0957 -0.9911
vn -0.0932 -0.0000 -0.9956
vn -0.0915 0.1901 -0.9775
vn -0.0894 0.2828 -0.9550
vn -0.1769 0.3739 -0.9105
vn -0.0865 0.3739 -0.9234
vn -0.2650 0.3738 -0.8888
vn -0.3352 -0.4617 -0.8212
vn -0.2534 -0.4617 -0.8501
vn -0.2395 -0.5450 -0.8035
vn -0.3169 -0.5451 -0.7762
vn -0.2233 -0.6237 -0.7491
vn -0.2954 -0.6237 -0.7237
vn -0.1691 -0.4617 -0.8708
vn -0.1599 -0.5451 -0.8230
vn -0.1491 -0.6237 -0.7673
vn -0.4333 -0.3739 -0.8201
vn -0.3505 -0.3739 -0.8587
vn -0.4144 -0.4617 -0.7843
vn -0.3917 -0.5451 -0.7413
vn -0.3652 -0.6237 -0.6912
vn -0.2711 -0.6967 -0.6641
vn -0.3351 -0.6968 -0.6342
vn -0.2049 -0.6967 -0.6875
vn -0.1367 -0.6967 -0.7042
vn -0.0729 -0.6237 -0.7783
vn -0.0669 -0.6968 -0.7142
vn -0.0782 -0.5451 -0.8347
vn -0.0827 -0.4617 -0.8832
vn -0.1769 -0.3739 -0.9105
vn -0.0865 -0.3739 -0.9234
vn -0.2650 -0.3738 -0.8888
vn -0.1467 -0.9430 -0.2987
vn -0.0971 -0.9404 -0.3259
vn -0.0793 -0.9607 -0.2660
vn -0.1034 -0.9693 -0.2232
vn -0.0533 -0.9824 -0.1788
vn -0.0357 -0.9693 -0.2434
vn -0.0408 -0.9430 -0.3303
vn -0.1943 -0.9094 -0.3677
vn -0.1701 -0.9080 -0.3830
vn -0.1519 -0.9456 -0.2875
vn -0.1097 -0.9720 -0.2076
vn -0.1205 -0.9067 -0.4043
vn -0.0000 -1.0000 -0.0000
vn -0.0678 -0.9894 -0.1283
vn -0.0135 -0.9894 -0.1444
vn -0.0219 -0.9720 -0.2338
vn -0.0388 -0.9094 -0.4140
vn -0.0303 -0.9456 -0.3238
vn -0.0673 -0.9080 -0.4136
vn -0.0533 0.9824 -0.1788
vn -0.0357 0.9693 -0.2434
vn -0.0793 0.9607 -0.2660
vn -0.1034 0.9693 -0.2232
vn -0.1467 0.9430 -0.2987
vn -0.0971 0.9404 -0.3259
vn -0.0408 0.9430 -0.3303
vn -0.0000 1.0000 -0.0000
vn -0.0135 0.9894 -0.1444
vn -0.0678 0.9894 -0.1283
vn -0.1097 0.9720 -0.2076
vn -0.0219 0.9720 -0.2338
vn -0.1943 0.9094 -0.3677
vn -0.1519 0.9456 -0.2875
vn -0.1701 0.9080 -0.3830
vn -0.1205 0.9067 -0.4043
vn -0.0388 0.9094 -0.4140
vn -0.0673 0.9080 -0.4136
vn -0.0303 0.9456 -0.3238
vn -0.2954 0.6237 -0.7237
vn -0.2233 0.6237 -0.7491
vn -0.2395 0.5450 -0.8035
vn -0.3169 0.5451 -0.7762
vn -0.2534 0.4617 -0.8501
vn -0.3352 0.4617 -0.8212
vn -0.1491 0.6237 -0.7673
vn -0.1599 0.5451 -0.8230
vn -0.1691 0.4617 -0.8708
vn -0.3351 0.6968 -0.6342
vn -0.2711 0.6967 -0.6641
vn -0.3652 0.6237 -0.6912
vn -0.3917 0.5451 -0.7413
vn -0.4144 0.4617 -0.7843
vn -0.0827 0.4617 -0.8832
vn -0.0782 0.5451 -0.8347
vn -0.0729 0.6237 -0.7783
vn -0.1367 0.6967 -0.7042
vn -0.0669 0.6968 -0.7142
vn -0.2049 0.6967 -0.6875
vn -0.3762 -0.0957 -0.9216
vn -0.2844 -0.0957 -0.9539
vn -0.2805 -0.1901 -0.9409
vn -0.3710 -0.1901 -0.9090
vn -0.2740 -0.2828 -0.9192
vn -0.3625 -0.2828 -0.8880
vn -0.1898 -0.0957 -0.9771
vn -0.1872 -0.1901 -0.9638
vn -0.1829 -0.2828 -0.9416
vn -0.4650 -0.0957 -0.8801
vn -0.4586 -0.1901 -0.8681
vn -0.4481 -0.2828 -0.8481
vn -0.0894 -0.2828 -0.9550
vn -0.0915 -0.1901 -0.9775
vn -0.0928 -0.0957 -0.9911
vn -0.2455 -0.7614 -0.6000
vn -0.1853 -0.7612 -0.6214
vn -0.1650 -0.8163 -0.5536
vn -0.2202 -0.8167 -0.5333
vn -0.1437 -0.8643 -0.4820
vn -0.1953 -0.8651 -0.4620
vn -0.1231 -0.7614 -0.6365
vn -0.1077 -0.8167 -0.5669
vn -0.0895 -0.8651 -0.4935
vn -0.3027 -0.7616 -0.5730
vn -0.2692 -0.8172 -0.5096
vn -0.2336 -0.8660 -0.4422
vn -0.0466 -0.8660 -0.4979
vn -0.0537 -0.8172 -0.5738
vn -0.0604 -0.7616 -0.6452
vn -0.1953 0.8651 -0.4620
vn -0.1437 0.8643 -0.4820
vn -0.1650 0.8163 -0.5536
vn -0.2202 0.8167 -0.5333
vn -0.1853 0.7612 -0.6214
vn -0.2455 0.7614 -0.6000
vn -0.0895 0.8651 -0.4935
vn -0.1077 0.8167 -0.5669
vn -0.1231 0.7614 -0.6365
vn -0.2336 0.8660 -0.4422
vn -0.2692 0.8172 -0.5096
vn -0.3027 0.7616 -0.5730
vn -0.0604 0.7616 -0.6452
vn -0.0537 0.8172 -0.5738
vn -0.0466 0.8660 -0.4979
vn 0.0192 0.9824 -0.1856
vn 0.0602 0.9693 -0.2385
vn 0.0285 0.9607 -0.2761
vn -0.0101 0.9693 -0.2458
vn -0.0212 0.9430 -0.3322
vn 0.0350 0.9404 -0.3383
vn 0.0887 0.9430 -0.3208
vn 0.0428 0.9894 -0.1386
vn 0.0692 0.9720 -0.2244
vn -0.0106 0.9080 -0.4189
vn 0.0434 0.9067 -0.4196
vn 0.1226 0.9094 -0.3973
vn 0.0961 0.9080 -0.4079
vn 0.0959 0.9456 -0.3107
vn 0.0040 0.6237 -0.7817
vn 0.0804 0.6237 -0.7776
vn 0.0862 0.5450 -0.8340
vn 0.0043 0.5451 -0.8384
vn 0.0912 0.4617 -0.8823
vn 0.0046 0.4617 -0.8870
vn 0.1559 0.6237 -0.7660
vn 0.1673 0.5451 -0.8215
vn 0.1770 0.4617 -0.8692
vn 0.0036 0.6967 -0.7173
vn 0.0048 0.3739 -0.9275
vn 0.0954 0.3738 -0.9226
vn 0.1850 0.3739 -0.9088
vn 0.2616 0.4617 -0.8476
vn 0.2735 0.3739 -0.8862
vn 0.2472 0.5451 -0.8011
vn 0.2305 0.6237 -0.7469
vn 0.1432 0.6967 -0.7029
vn 0.2115 0.6968 -0.6854
vn 0.0737 0.6967 -0.7135
vn 0.0051 -0.0957 -0.9954
vn 0.1023 -0.0957 -0.9901
vn 0.1009 -0.1901 -0.9766
vn 0.0050 -0.1901 -0.9818
vn 0.0986 -0.2828 -0.9541
vn 0.0049 -0.2828 -0.9592
vn 0.1986 -0.0957 -0.9754
vn 0.1959 -0.1901 -0.9620
vn 0.1913 -0.2828 -0.9399
vn 0.0051 -0.0000 -1.0000
vn 0.0048 -0.3739 -0.9275
vn 0.0954 -0.3738 -0.9226
vn 0.1850 -0.3739 -0.9088
vn 0.2828 -0.2828 -0.9165
vn 0.2735 -0.3739 -0.8862
vn 0.2895 -0.1901 -0.9381
vn 0.2935 -0.0957 -0.9511
vn 0.1995 -0.0000 -0.9799
vn 0.2949 -0.0000 -0.9555
vn 0.1028 -0.0000 -0.9947
vn 0.0028 -0.7614 -0.6482
vn 0.0667 -0.7612 -0.6450
vn 0.0594 -0.8163 -0.5746
vn 0.0006 -0.8167 -0.5770
vn 0.0517 -0.8643 -0.5003
vn -0.0036 -0.8651 -0.5015
vn 0.1299 -0.7614 -0.6351
vn 0.1174 -0.8167 -0.5649
vn 0.1061 -0.8651 -0.4902
vn 0.0036 -0.6967 -0.7173
vn -0.0106 -0.9080 -0.4189
vn 0.0434 -0.9067 -0.4196
vn 0.0961 -0.9080 -0.4079
vn 0.1475 -0.8660 -0.4778
vn 0.1226 -0.9094 -0.3973
vn 0.1699 -0.8172 -0.5507
vn 0.1911 -0.7616 -0.6192
vn 0.1432 -0.6967 -0.7029
vn 0.2115 -0.6968 -0.6854
vn 0.0737 -0.6967 -0.7135
vn -0.0036 0.8651 -0.5015
vn 0.0517 0.8643 -0.5003
vn 0.0594 0.8163 -0.5746
vn 0.0006 0.8167 -0.5770
vn 0.0667 0.7612 -0.6450
vn 0.0028 0.7614 -0.6482
vn 0.1061 0.8651 -0.4902
vn 0.1174 0.8167 -0.5649
vn 0.1299 0.7614 -0.6351
vn 0.1911 0.7616 -0.6192
vn 0.1699 0.8172 -0.5507
vn 0.1475 0.8660 -0.4778
vn 0.0049 0.2828 -0.9592
vn 0.0986 0.2828 -0.9541
vn 0.1009 0.1901 -0.9766
vn 0.0050 0.1901 -0.9818
vn 0.1023 0.0957 -0.9901
vn 0.0051 0.0957 -0.9954
vn 0.1913 0.2828 -0.9399
vn 0.1959 0.1901 -0.9620
vn 0.1986 0.0957 -0.9754
vn 0.2935 0.0957 -0.9511
vn 0.2895 0.1901 -0.9381
vn 0.2828 0.2828 -0.9165
vn 0.0046 -0.4617 -0.8870
vn 0.0912 -0.4617 -0.8823
vn 0.0862 -0.5450 -0.8340
vn 0.0043 -0.5451 -0.8384
vn 0.0804 -0.6237 -0.7776
vn 0.0040 -0.6237 -0.7817
vn 0.1770 -0.4617 -0.8692
vn 0.1673 -0.5451 -0.8215
vn 0.1559 -0.6237 -0.7660
vn 0.2305 -0.6237 -0.7469
vn 0.2472 -0.5451 -0.8011
vn 0.2616 -0.4617 -0.8476
vn -0.0212 -0.9430 -0.3322
vn 0.0350 -0.9404 -0.3383
vn 0.0285 -0.9607 -0.2761
vn -0.0101 -0.9693 -0.2458
vn 0.0192 -0.9824 -0.1856
vn 0.0602 -0.9693 -0.2385
vn 0.0887 -0.9430 -0.3208
vn 0.0428 -0.9894 -0.1386
vn 0.0692 -0.9720 -0.2244
vn 0.0959 -0.9456 -0.3107
vn 0.2506 -0.7614 -0.5978
vn 0.3084 -0.7612 -0.5704
vn 0.2748 -0.8163 -0.5081
vn 0.2214 -0.8167 -0.5328
vn 0.2392 -0.8643 -0.4424
vn 0.1886 -0.8651 -0.4647
vn 0.3630 -0.7614 -0.5371
vn 0.3247 -0.8167 -0.4770
vn 0.2856 -0.8651 -0.4123
vn 0.2779 -0.6967 -0.6613
vn 0.1505 -0.9080 -0.3911
vn 0.2007 -0.9067 -0.3711
vn 0.2449 -0.9080 -0.3401
vn 0.3191 -0.8660 -0.3850
vn 0.2653 -0.9094 -0.3202
vn 0.3677 -0.8172 -0.4437
vn 0.4135 -0.7616 -0.4990
vn 0.4012 -0.6967 -0.5946
vn 0.4577 -0.6968 -0.5523
vn 0.3412 -0.6967 -0.6310
vn 0.1886 0.8651 -0.4647
vn 0.2392 0.8643 -0.4424
vn 0.2748 0.8163 -0.5081
vn 0.2214 0.8167 -0.5328
vn 0.3084 0.7612 -0.5704
vn 0.2506 0.7614 -0.5978
vn 0.2856 0.8651 -0.4123
vn 0.3247 0.8167 -0.4770
vn 0.3630 0.7614 -0.5371
vn 0.1505 0.9080 -0.3911
vn 0.2779 0.6967 -0.6613
vn 0.3412 0.6967 -0.6310
vn 0.4012 0.6967 -0.5946
vn 0.4135 0.7616 -0.4990
vn 0.4577 0.6968 -0.5523
vn 0.3677 0.8172 -0.4437
vn 0.3191 0.8660 -0.3850
vn 0.2449 0.9080 -0.3401
vn 0.2653 0.9094 -0.3202
vn 0.2007 0.9067 -0.3711
vn 0.3716 0.2828 -0.8843
vn 0.4562 0.2828 -0.8437
vn 0.4670 0.1901 -0.8636
vn 0.3804 0.1901 -0.9051
vn 0.4735 0.0957 -0.8756
vn 0.3856 0.0957 -0.9177
vn 0.5365 0.2828 -0.7951
vn 0.5491 0.1901 -0.8139
vn 0.5567 0.0957 -0.8252
vn 0.3593 0.3739 -0.8551
vn 0.3874 -0.0000 -0.9219
vn 0.4756 -0.0000 -0.8796
vn 0.5593 -0.0000 -0.8290
vn 0.6352 0.0957 -0.7664
vn 0.6381 -0.0000 -0.7699
vn 0.6265 0.1901 -0.7559
vn 0.6121 0.2828 -0.7385
vn 0.5187 0.3739 -0.7689
vn 0.5918 0.3739 -0.7141
vn 0.4411 0.3738 -0.8159
vn 0.3437 -0.4617 -0.8178
vn 0.4219 -0.4617 -0.7803
vn 0.3988 -0.5450 -0.7375
vn 0.3248 -0.5451 -0.7729
vn 0.3718 -0.6237 -0.6876
vn 0.3028 -0.6237 -0.7206
vn 0.4961 -0.4617 -0.7353
vn 0.4689 -0.5451 -0.6950
vn 0.4372 -0.6237 -0.6480
vn 0.3593 -0.3739 -0.8551
vn 0.4988 -0.6237 -0.6019
vn 0.5350 -0.5451 -0.6455
vn 0.5660 -0.4617 -0.6830
vn 0.5187 -0.3739 -0.7689
vn 0.5918 -0.3739 -0.7141
vn 0.4411 -0.3738 -0.8159
vn 0.1075 -0.9430 -0.3150
vn 0.1617 -0.9404 -0.2991
vn 0.1320 -0.9607 -0.2442
vn 0.0847 -0.9693 -0.2309
vn 0.0887 -0.9824 -0.1641
vn 0.1469 -0.9693 -0.1973
vn 0.2047 -0.9430 -0.2624
vn 0.0926 -0.9894 -0.1117
vn 0.1498 -0.9720 -0.1808
vn 0.2075 -0.9456 -0.2504
vn 0.0887 0.9824 -0.1641
vn 0.1469 0.9693 -0.1973
vn 0.1320 0.9607 -0.2442
vn 0.0847 0.9693 -0.2309
vn 0.1075 0.9430 -0.3150
vn 0.1617 0.9404 -0.2991
vn 0.2047 0.9430 -0.2624
vn 0.0926 0.9894 -0.1117
vn 0.1498 0.9720 -0.1808
vn 0.2075 0.9456 -0.2504
vn 0.3028 0.6237 -0.7206
vn 0.3718 0.6237 -0.6876
vn 0.3988 0.5450 -0.7375
vn 0.3248 0.5451 -0.7729
vn 0.4219 0.4617 -0.7803
vn 0.3437 0.4617 -0.8178
vn 0.4372 0.6237 -0.6480
vn 0.4689 0.5451 -0.6950
vn 0.4961 0.4617 -0.7353
vn 0.5660 0.4617 -0.6830
vn 0.5350 0.5451 -0.6455
vn 0.4988 0.6237 -0.6019
vn 0.3856 -0.0957 -0.9177
vn 0.4735 -0.0957 -0.8756
vn 0.4670 -0.1901 -0.8636
vn 0.3804 -0.1901 -0.9051
vn 0.4562 -0.2828 -0.8437
vn 0.3716 -0.2828 -0.8843
vn 0.5567 -0.0957 -0.8252
vn 0.5491 -0.1901 -0.8139
vn 0.5365 -0.2828 -0.7951
vn 0.6121 -0.2828 -0.7385
vn 0.6265 -0.1901 -0.7559
vn 0.6352 -0.0957 -0.7664
vn 0.3521 0.8651 -0.3572
vn 0.3903 0.8643 -0.3172
vn 0.4483 0.8163 -0.3643
vn 0.4084 0.8167 -0.4076
vn 0.5032 0.7612 -0.4090
vn 0.4603 0.7614 -0.4564
vn 0.4217 0.8651 -0.2716
vn 0.4825 0.8167 -0.3164
vn 0.5409 0.7614 -0.3573
vn 0.2887 0.9080 -0.3037
vn 0.5098 0.6967 -0.5046
vn 0.5567 0.6967 -0.4524
vn 0.5982 0.6967 -0.3958
vn 0.5730 0.7616 -0.3027
vn 0.6342 0.6968 -0.3351
vn 0.5096 0.8172 -0.2692
vn 0.4422 0.8660 -0.2336
vn 0.3564 0.9080 -0.2205
vn 0.3677 0.9094 -0.1943
vn 0.3274 0.9067 -0.2661
vn 0.6817 0.2828 -0.6747
vn 0.7444 0.2828 -0.6049
vn 0.7619 0.1901 -0.6192
vn 0.6978 0.1901 -0.6906
vn 0.7725 0.0957 -0.6278
vn 0.7075 0.0957 -0.7002
vn 0.7999 0.2828 -0.5293
vn 0.8188 0.1901 -0.5418
vn 0.8301 0.0957 -0.5493
vn 0.6592 0.3739 -0.6525
vn 0.7107 -0.0000 -0.7035
vn 0.7761 -0.0000 -0.6307
vn 0.8340 -0.0000 -0.5518
vn 0.8801 0.0957 -0.4650
vn 0.8842 -0.0000 -0.4671
vn 0.8681 0.1901 -0.4586
vn 0.8481 0.2828 -0.4481
vn 0.7735 0.3739 -0.5118
vn 0.8201 0.3739 -0.4333
vn 0.7198 0.3738 -0.5849
vn 0.6304 -0.4617 -0.6240
vn 0.6884 -0.4617 -0.5594
vn 0.6506 -0.5450 -0.5288
vn 0.5959 -0.5451 -0.5898
vn 0.6066 -0.6237 -0.4930
vn 0.5556 -0.6237 -0.5499
vn 0.7397 -0.4617 -0.4895
vn 0.6992 -0.5451 -0.4627
vn 0.6519 -0.6237 -0.4314
vn 0.6592 -0.3739 -0.6525
vn 0.5098 -0.6967 -0.5046
vn 0.5567 -0.6967 -0.4524
vn 0.5982 -0.6967 -0.3958
vn 0.6912 -0.6237 -0.3652
vn 0.6342 -0.6968 -0.3351
vn 0.7413 -0.5451 -0.3917
vn 0.7843 -0.4617 -0.4144
vn 0.7735 -0.3739 -0.5118
vn 0.8201 -0.3739 -0.4333
vn 0.7198 -0.3738 -0.5849
vn 0.2199 -0.9430 -0.2499
vn 0.2639 -0.9404 -0.2145
vn 0.2154 -0.9607 -0.1750
vn 0.1666 -0.9693 -0.1810
vn 0.1448 -0.9824 -0.1176
vn 0.2112 -0.9693 -0.1261
vn 0.2896 -0.9430 -0.1641
vn 0.2887 -0.9080 -0.3037
vn 0.3274 -0.9067 -0.2661
vn 0.1282 -0.9894 -0.0678
vn 0.2076 -0.9720 -0.1097
vn 0.3677 -0.9094 -0.1943
vn 0.2875 -0.9456 -0.1519
vn 0.3564 -0.9080 -0.2205
vn 0.1448 0.9824 -0.1176
vn 0.2112 0.9693 -0.1261
vn 0.2154 0.9607 -0.1750
vn 0.1666 0.9693 -0.1810
vn 0.2199 0.9430 -0.2499
vn 0.2639 0.9404 -0.2145
vn 0.2896 0.9430 -0.1641
vn 0.1283 0.9894 -0.0678
vn 0.2076 0.9720 -0.1097
vn 0.2875 0.9456 -0.1519
vn 0.5556 0.6237 -0.5499
vn 0.6066 0.6237 -0.4930
vn 0.6506 0.5450 -0.5288
vn 0.5959 0.5451 -0.5898
vn 0.6884 0.4617 -0.5594
vn 0.6304 0.4617 -0.6240
vn 0.6519 0.6237 -0.4314
vn 0.6992 0.5451 -0.4627
vn 0.7397 0.4617 -0.4895
vn 0.7843 0.4617 -0.4144
vn 0.7413 0.5451 -0.3917
vn 0.6912 0.6237 -0.3652
vn 0.7075 -0.0957 -0.7002
vn 0.7725 -0.0957 -0.6278
vn 0.7619 -0.1901 -0.6192
vn 0.6978 -0.1901 -0.6906
vn 0.7444 -0.2828 -0.6049
vn 0.6817 -0.2828 -0.6747
vn 0.8301 -0.0957 -0.5493
vn 0.8188 -0.1901 -0.5418
vn 0.7999 -0.2828 -0.5293
vn 0.8481 -0.2828 -0.4481
vn 0.8681 -0.1901 -0.4586
vn 0.8801 -0.0957 -0.4650
vn 0.4603 -0.7614 -0.4564
vn 0.5033 -0.7612 -0.4090
vn 0.4483 -0.8163 -0.3643
vn 0.4084 -0.8167 -0.4076
vn 0.3903 -0.8643 -0.3172
vn 0.3521 -0.8651 -0.3572
vn 0.5409 -0.7614 -0.3573
vn 0.4825 -0.8167 -0.3164
vn 0.4217 -0.8651 -0.2716
vn 0.4422 -0.8660 -0.2336
vn 0.5096 -0.8172 -0.2692
vn 0.5730 -0.7616 -0.3027
vn 0.2987 -0.9430 -0.1467
vn 0.3259 -0.9404 -0.0971
vn 0.2660 -0.9607 -0.0793
vn 0.2232 -0.9693 -0.1034
vn 0.1788 -0.9824 -0.0533
vn 0.2434 -0.9693 -0.0357
vn 0.3303 -0.9430 -0.0408
vn 0.3830 -0.9080 -0.1701
vn 0.4043 -0.9067 -0.1205
vn 0.1444 -0.9894 -0.0135
vn 0.2338 -0.9720 -0.0219
vn 0.4140 -0.9094 -0.0388
vn 0.3238 -0.9456 -0.0303
vn 0.4136 -0.9080 -0.0673
vn 0.1788 0.9824 -0.0533
vn 0.2434 0.9693 -0.0357
vn 0.2660 0.9607 -0.0793
vn 0.2232 0.9693 -0.1034
vn 0.2987 0.9430 -0.1467
vn 0.3259 0.9404 -0.0971
vn 0.3303 0.9430 -0.0408
vn 0.1444 0.9894 -0.0135
vn 0.2338 0.9720 -0.0219
vn 0.3830 0.9080 -0.1701
vn 0.4043 0.9067 -0.1205
vn 0.4140 0.9094 -0.0388
vn 0.4136 0.9080 -0.0673
vn 0.3238 0.9456 -0.0303
vn 0.7237 0.6237 -0.2954
vn 0.7491 0.6237 -0.2233
vn 0.8035 0.5450 -0.2395
vn 0.7762 0.5451 -0.3169
vn 0.8501 0.4617 -0.2534
vn 0.8212 0.4617 -0.3352
vn 0.7673 0.6237 -0.1491
vn 0.8230 0.5451 -0.1599
vn 0.8708 0.4617 -0.1691
vn 0.6641 0.6967 -0.2711
vn 0.8587 0.3739 -0.3505
vn 0.8888 0.3738 -0.2650
vn 0.9105 0.3739 -0.1769
vn 0.8832 0.4617 -0.0827
vn 0.9234 0.3739 -0.0865
vn 0.8347 0.5451 -0.0782
vn 0.7783 0.6237 -0.0729
vn 0.7042 0.6967 -0.1367
vn 0.7142 0.6968 -0.0669
vn 0.6875 0.6967 -0.2049
vn 0.9216 -0.0957 -0.3762
vn 0.9539 -0.0957 -0.2844
vn 0.9409 -0.1901 -0.2805
vn 0.9090 -0.1901 -0.3710
vn 0.9192 -0.2828 -0.2740
vn 0.8880 -0.2828 -0.3625
vn 0.9771 -0.0957 -0.1898
vn 0.9638 -0.1901 -0.1872
vn 0.9416 -0.2828 -0.1829
vn 0.9258 -0.0000 -0.3779
vn 0.8587 -0.3739 -0.3505
vn 0.8888 -0.3738 -0.2650
vn 0.9105 -0.3739 -0.1769
vn 0.9550 -0.2828 -0.0894
vn 0.9234 -0.3739 -0.0865
vn 0.9775 -0.1901 -0.0915
vn 0.9911 -0.0957 -0.0928
vn 0.9817 -0.0000 -0.1907
vn 0.9956 -0.0000 -0.0932
vn 0.9583 -0.0000 -0.2857
vn 0.6000 -0.7614 -0.2455
vn 0.6214 -0.7612 -0.1853
vn 0.5536 -0.8163 -0.1650
vn 0.5333 -0.8167 -0.2202
vn 0.4820 -0.8643 -0.1437
vn 0.4620 -0.8651 -0.1953
vn 0.6365 -0.7614 -0.1231
vn 0.5669 -0.8167 -0.1077
vn 0.4935 -0.8651 -0.0895
vn 0.6641 -0.6967 -0.2711
vn 0.4979 -0.8660 -0.0466
vn 0.5738 -0.8172 -0.0537
vn 0.6452 -0.7616 -0.0604
vn 0.7042 -0.6967 -0.1367
vn 0.7142 -0.6968 -0.0669
vn 0.6875 -0.6967 -0.2049
vn 0.4620 0.8651 -0.1953
vn 0.4820 0.8643 -0.1437
vn 0.5536 0.8163 -0.1650
vn 0.5333 0.8167 -0.2202
vn 0.6214 0.7612 -0.1853
vn 0.6000 0.7614 -0.2455
vn 0.4935 0.8651 -0.0895
vn 0.5669 0.8167 -0.1077
vn 0.6365 0.7614 -0.1231
vn 0.6452 0.7616 -0.0604
vn 0.5738 0.8172 -0.0537
vn 0.4979 0.8660 -0.0466
vn 0.8880 0.2828 -0.3625
vn 0.9192 0.2828 -0.2740
vn 0.9409 0.1901 -0.2805
vn 0.9090 0.1901 -0.3710
vn 0.9539 0.0957 -0.2844
vn 0.9216 0.0957 -0.3762
vn 0.9416 0.2828 -0.1829
vn 0.9638 0.1901 -0.1872
vn 0.9771 0.0957 -0.1898
vn 0.9911 0.0957 -0.0928
vn 0.9775 0.1901 -0.0915
vn 0.9550 0.2828 -0.0894
vn 0.8212 -0.4617 -0.3352
vn 0.8501 -0.4617 -0.2534
vn 0.8035 -0.5450 -0.2395
vn 0.7762 -0.5451 -0.3169
vn 0.7491 -0.6237 -0.2233
vn 0.7237 -0.6237 -0.2954
vn 0.8708 -0.4617 -0.1691
vn 0.8230 -0.5451 -0.1599
vn 0.7673 -0.6237 -0.1491
vn 0.7783 -0.6237 -0.0729
vn 0.8347 -0.5451 -0.0782
vn 0.8832 -0.4617 -0.0827
vn 0.7817 0.6237 0.0040
vn 0.7776 0.6237 0.0804
vn 0.8340 0.5450 0.0862
vn 0.8384 0.5451 0.0043
vn 0.8823 0.4617 0.0912
vn 0.8870 0.4617 0.0046
vn 0.7660 0.6237 0.1559
vn 0.8215 0.5451 0.1673
vn 0.8692 0.4617 0.1770
vn 0.7173 0.6967 0.0036
vn 0.9275 0.3739 0.0048
vn 0.9226 0.3738 0.0954
vn 0.9088 0.3739 0.1850
vn 0.8476 0.4617 0.2616
vn 0.8862 0.3739 0.2735
vn 0.8011 0.5451 0.2472
vn 0.7469 0.6237 0.2305
vn 0.7029 0.6967 0.1432
vn 0.6854 0.6968 0.2115
vn 0.7135 0.6967 0.0737
vn 0.9954 -0.0957 0.0051
vn 0.9901 -0.0957 0.1023
vn 0.9766 -0.1901 0.1009
vn 0.9818 -0.1901 0.0050
vn 0.9541 -0.2828 0.0986
vn 0.9592 -0.2828 0.0049
vn 0.9754 -0.0957 0.1986
vn 0.9620 -0.1901 0.1959
vn 0.9399 -0.2828 0.1913
vn 1.0000 -0.0000 0.0051
vn 0.9275 -0.3739 0.0048
vn 0.9226 -0.3738 0.0954
vn 0.9088 -0.3739 0.1850
vn 0.9165 -0.2828 0.2828
vn 0.8862 -0.3739 0.2735
vn 0.9381 -0.1901 0.2895
vn 0.9511 -0.0957 0.2935
vn 0.9799 -0.0000 0.1995
vn 0.9555 -0.0000 0.2949
vn 0.9947 -0.0000 0.1028
vn 0.6482 -0.7614 0.0028
vn 0.6450 -0.7612 0.0667
vn 0.5746 -0.8163 0.0594
vn 0.5770 -0.8167 0.0006
vn 0.5003 -0.8643 0.0517
vn 0.5015 -0.8651 -0.0036
vn 0.6351 -0.7614 0.1299
vn 0.5649 -0.8167 0.1174
vn 0.4902 -0.8651 0.1061
vn 0.7173 -0.6967 0.0036
vn 0.4189 -0.9080 -0.0106
vn 0.4196 -0.9067 0.0434
vn 0.4079 -0.9080 0.0961
vn 0.4778 -0.8660 0.1475
vn 0.3973 -0.9094 0.1226
vn 0.5507 -0.8172 0.1699
vn 0.6192 -0.7616 0.1911
vn 0.7029 -0.6967 0.1432
vn 0.6854 -0.6968 0.2115
vn 0.7135 -0.6967 0.0737
vn 0.5015 0.8651 -0.0036
vn 0.5003 0.8643 0.0517
vn 0.5746 0.8163 0.0594
vn 0.5770 0.8167 0.0006
vn 0.6450 0.7612 0.0667
vn 0.6482 0.7614 0.0028
vn 0.4902 0.8651 0.1061
vn 0.5649 0.8167 0.1174
vn 0.6351 0.7614 0.1299
vn 0.4189 0.9080 -0.0106
vn 0.6192 0.7616 0.1911
vn 0.5507 0.8172 0.1699
vn 0.4778 0.8660 0.1475
vn 0.4079 0.9080 0.0961
vn 0.3973 0.9094 0.1226
vn 0.4196 0.9067 0.0434
vn 0.9592 0.2828 0.0049
vn 0.9541 0.2828 0.0986
vn 0.9766 0.1901 0.1009
vn 0.9818 0.1901 0.0050
vn 0.9901 0.0957 0.1023
vn 0.9954 0.0957 0.0051
vn 0.9399 0.2828 0.1913
vn 0.9620 0.1901 0.1959
vn 0.9754 0.0957 0.1986
vn 0.9511 0.0957 0.2935
vn 0.9381 0.1901 0.2895
vn 0.9165 0.2828 0.2828
vn 0.8870 -0.4617 0.0046
vn 0.8823 -0.4617 0.0912
vn 0.8340 -0.5450 0.0862
vn 0.8384 -0.5451 0.0043
vn 0.7776 -0.6237 0.0804
vn 0.7817 -0.6237 0.0040
vn 0.8692 -0.4617 0.1770
vn 0.8215 -0.5451 0.1673
vn 0.7660 -0.6237 0.1559
vn 0.7469 -0.6237 0.2305
vn 0.8011 -0.5451 0.2472
vn 0.8476 -0.4617 0.2616
vn 0.3322 -0.9430 -0.0212
vn 0.3383 -0.9404 0.0350
vn 0.2761 -0.9607 0.0285
vn 0.2458 -0.9693 -0.0101
vn 0.1856 -0.9824 0.0192
vn 0.2385 -0.9693 0.0602
vn 0.3208 -0.9430 0.0887
vn 0.1386 -0.9894 0.0428
vn 0.2244 -0.9720 0.0692
vn 0.3107 -0.9456 0.0959
vn 0.1856 0.9824 0.0192
vn 0.2385 0.9693 0.0602
vn 0.2761 0.9607 0.0285
vn 0.2458 0.9693 -0.0101
vn 0.3322 0.9430 -0.0212
vn 0.3383 0.9404 0.0350
vn 0.3208 0.9430 0.0887
vn 0.1386 0.9894 0.0428
vn 0.2244 0.9720 0.0692
vn 0.3107 0.9456 0.0959
vn 0.4647 0.8651 0.1886
vn 0.4424 0.8643 0.2392
vn 0.5081 0.8163 0.2748
vn 0.5328 0.8167 0.2214
vn 0.5704 0.7612 0.3084
vn 0.5978 0.7614 0.2506
vn 0.4123 0.8651 0.2856
vn 0.4770 0.8167 0.3247
vn 0.5371 0.7614 0.3630
vn 0.3911 0.9080 0.1505
vn 0.6613 0.6967 0.2779
vn 0.6310 0.6967 0.3412
vn 0.5946 0.6967 0.4012
vn 0.4990 0.7616 0.4135
vn 0.5523 0.6968 0.4577
vn 0.4437 0.8172 0.3677
vn 0.3850 0.8660 0.3191
vn 0.3401 0.9080 0.2449
vn 0.3202 0.9094 0.2653
vn 0.3711 0.9067 0.2007
vn 0.8843 0.2828 0.3716
vn 0.8437 0.2828 0.4562
vn 0.8636 0.1901 0.4670
vn 0.9051 0.1901 0.3804
vn 0.8756 0.0957 0.4735
vn 0.9177 0.0957 0.3856
vn 0.7951 0.2828 0.5365
vn 0.8139 0.1901 0.5491
vn 0.8252 0.0957 0.5567
vn 0.8551 0.3739 0.3593
vn 0.9219 -0.0000 0.3874
vn 0.8796 -0.0000 0.4756
vn 0.8290 -0.0000 0.5593
vn 0.7664 0.0957 0.6352
vn 0.7699 -0.0000 0.6381
vn 0.7559 0.1901 0.6265
vn 0.7385 0.2828 0.6121
vn 0.7689 0.3739 0.5187
vn 0.7141 0.3739 0.5918
vn 0.8159 0.3738 0.4411
vn 0.8178 -0.4617 0.3437
vn 0.7803 -0.4617 0.4219
vn 0.7375 -0.5450 0.3988
vn 0.7729 -0.5451 0.3248
vn 0.6876 -0.6237 0.3718
vn 0.7206 -0.6237 0.3028
vn 0.7353 -0.4617 0.4961
vn 0.6950 -0.5451 0.4689
vn 0.6480 -0.6237 0.4372
vn 0.8551 -0.3739 0.3593
vn 0.6613 -0.6967 0.2779
vn 0.6310 -0.6967 0.3412
vn 0.5946 -0.6967 0.4012
vn 0.6019 -0.6237 0.4988
vn 0.5523 -0.6968 0.4577
vn 0.6455 -0.5451 0.5350
vn 0.6830 -0.4617 0.5660
vn 0.7689 -0.3739 0.5187
vn 0.7141 -0.3739 0.5918
vn 0.8159 -0.3738 0.4411
vn 0.3150 -0.9430 0.1075
vn 0.2991 -0.9404 0.1617
vn 0.2442 -0.9607 0.1320
vn 0.2309 -0.9693 0.0847
vn 0.1641 -0.9824 0.0887
vn 0.1973 -0.9693 0.1469
vn 0.2624 -0.9430 0.2047
vn 0.3911 -0.9080 0.1505
vn 0.3711 -0.9067 0.2007
vn 0.1117 -0.9894 0.0926
vn 0.1808 -0.9720 0.1498
vn 0.3202 -0.9094 0.2653
vn 0.2504 -0.9456 0.2075
vn 0.3401 -0.9080 0.2449
vn 0.1641 0.9824 0.0887
vn 0.1973 0.9693 0.1469
vn 0.2442 0.9607 0.1320
vn 0.2309 0.9693 0.0847
vn 0.3150 0.9430 0.1075
vn 0.2991 0.9404 0.1617
vn 0.2624 0.9430 0.2047
vn 0.1117 0.9894 0.0926
vn 0.1808 0.9720 0.1498
vn 0.2504 0.9456 0.2075
vn 0.7206 0.6237 0.3028
vn 0.6876 0.6237 0.3718
vn 0.7375 0.5450 0.3988
vn 0.7729 0.5451 0.3248
vn 0.7803 0.4617 0.4219
vn 0.8178 0.4617 0.3437
vn 0.6480 0.6237 0.4372
vn 0.6950 0.5451 0.4689
vn 0.7353 0.4617 0.4961
vn 0.6830 0.4617 0.5660
vn 0.6455 0.5451 0.5350
vn 0.6019 0.6237 0.4988
vn 0.9177 -0.0957 0.3856
vn 0.8756 -0.0957 0.4735
vn 0.8636 -0.1901 0.4670
vn 0.9051 -0.1901 0.3804
vn 0.8437 -0.2828 0.4562
vn 0.8843 -0.2828 0.3716
vn 0.8252 -0.0957 0.5567
vn 0.8139 -0.1901 0.5491
vn 0.7951 -0.2828 0.5365
vn 0.7385 -0.2828 0.6121
vn 0.7559 -0.1901 0.6265
vn 0.7664 -0.0957 0.6352
vn 0.5978 -0.7614 0.2506
vn 0.5704 -0.7612 0.3084
vn 0.5081 -0.8163 0.2748
vn 0.5328 -0.8167 0.2214
vn 0.4424 -0.8643 0.2392
vn 0.4647 -0.8651 0.1886
vn 0.5371 -0.7614 0.3630
vn 0.4770 -0.8167 0.3247
vn 0.4123 -0.8651 0.2856
vn 0.3850 -0.8660 0.3191
vn 0.4437 -0.8172 0.3677
vn 0.4990 -0.7616 0.4135
vn 0.6747 0.2828 0.6817
vn 0.6049 0.2828 0.7444
vn 0.6192 0.1901 0.7619
vn 0.6906 0.1901 0.6978
vn 0.6278 0.0957 0.7725
vn 0.7002 0.0957 0.7075
vn 0.5293 0.2828 0.7999
vn 0.5418 0.1901 0.8188
vn 0.5493 0.0957 0.8301
vn 0.6525 0.3739 0.6592
vn 0.7035 -0.0000 0.7107
vn 0.6307 -0.0000 0.7761
vn 0.5518 -0.0000 0.8340
vn 0.4650 0.0957 0.8801
vn 0.4671 -0.0000 0.8842
vn 0.4586 0.1901 0.8681
vn 0.4481 0.2828 0.8481
vn 0.5118 0.3739 0.7735
vn 0.4333 0.3739 0.8201
vn 0.5849 0.3738 0.7198
vn 0.6240 -0.4617 0.6304
vn 0.5594 -0.4617 0.6884
vn 0.5288 -0.5450 0.6506
vn 0.5898 -0.5451 0.5959
vn 0.4930 -0.6237 0.6066
vn 0.5499 -0.6237 0.5556
vn 0.4895 -0.4617 0.7397
vn 0.4627 -0.5451 0.6992
vn 0.4314 -0.6237 0.6519
vn 0.6525 -0.3739 0.6592
vn 0.5046 -0.6967 0.5098
vn 0.4524 -0.6967 0.5567
vn 0.3958 -0.6967 0.5982
vn 0.3652 -0.6237 0.6912
vn 0.3351 -0.6968 0.6342
vn 0.3917 -0.5451 0.7413
vn 0.4144 -0.4617 0.7843
vn 0.5118 -0.3739 0.7735
vn 0.4333 -0.3739 0.8201
vn 0.5849 -0.3738 0.7198
vn 0.2499 -0.9430 0.2199
vn 0.2145 -0.9404 0.2639
vn 0.1750 -0.9607 0.2154
vn 0.1810 -0.9693 0.1666
vn 0.1176 -0.9824 0.1448
vn 0.1261 -0.9693 0.2112
vn 0.1641 -0.9430 0.2896
vn 0.3037 -0.9080 0.2887
vn 0.2661 -0.9067 0.3274
vn 0.0678 -0.9894 0.1283
vn 0.1097 -0.9720 0.2076
vn 0.1943 -0.9094 0.3677
vn 0.1519 -0.9456 0.2875
vn 0.2205 -0.9080 0.3564
vn 0.1176 0.9824 0.1448
vn 0.1261 0.9693 0.2112
vn 0.1750 0.9607 0.2154
vn 0.1810 0.9693 0.1666
vn 0.2499 0.9430 0.2199
vn 0.2145 0.9404 0.2639
vn 0.1641 0.9430 0.2896
vn 0.0678 0.9894 0.1283
vn 0.1097 0.9720 0.2076
vn 0.3037 0.9080 0.2887
vn 0.2661 0.9067 0.3274
vn 0.1943 0.9094 0.3677
vn 0.2205 0.9080 0.3564
vn 0.1519 0.9456 0.2875
vn 0.5499 0.6237 0.5556
vn 0.4930 0.6237 0.6066
vn 0.5288 0.5450 0.6506
vn 0.5898 0.5451 0.5959
vn 0.5594 0.4617 0.6884
vn 0.6240 0.4617 0.6304
vn 0.4314 0.6237 0.6519
vn 0.4627 0.5451 0.6992
vn 0.4895 0.4617 0.7397
vn 0.5046 0.6967 0.5098
vn 0.4144 0.4617 0.7843
vn 0.3917 0.5451 0.7413
vn 0.3652 0.6237 0.6912
vn 0.3958 0.6967 0.5982
vn 0.3351 0.6968 0.6342
vn 0.4524 0.6967 0.5567
vn 0.7002 -0.0957 0.7075
vn 0.6278 -0.0957 0.7725
vn 0.6192 -0.1901 0.7619
vn 0.6906 -0.1901 0.6978
vn 0.6049 -0.2828 0.7444
vn 0.6747 -0.2828 0.6817
vn 0.5493 -0.0957 0.8301
vn 0.5418 -0.1901 0.8188
vn 0.5293 -0.2828 0.7999
vn 0.4481 -0.2828 0.8481
vn 0.4586 -0.1901 0.8681
vn 0.4650 -0.0957 0.8801
vn 0.4564 -0.7614 0.4603
vn 0.4090 -0.7612 0.5032
vn 0.3643 -0.8163 0.4483
vn 0.4076 -0.8167 0.4084
vn 0.3172 -0.8643 0.3903
vn 0.3572 -0.8651 0.3521
vn 0.3573 -0.7614 0.5409
vn 0.3164 -0.8167 0.4825
vn 0.2716 -0.8651 0.4217
vn 0.2336 -0.8660 0.4422
vn 0.2692 -0.8172 0.5096
vn 0.3027 -0.7616 0.5730
vn 0.3572 0.8651 0.3521
vn 0.3172 0.8643 0.3903
vn 0.3643 0.8163 0.4483
vn 0.4076 0.8167 0.4084
vn 0.4090 0.7612 0.5032
vn 0.4564 0.7614 0.4603
vn 0.2716 0.8651 0.4217
vn 0.3164 0.8167 0.4825
vn 0.3573 0.7614 0.5409
vn 0.3027 0.7616 0.5730
vn 0.2692 0.8172 0.5096
vn 0.2336 0.8660 0.4422
vn 0.0533 0.9824 0.1788
vn 0.0357 0.9693 0.2434
vn 0.0793 0.9607 0.2660
vn 0.1034 0.9693 0.2232
vn 0.1467 0.9430 0.2987
vn 0.0971 0.9404 0.3259
vn 0.0408 0.9430 0.3303
vn 0.0135 0.9894 0.1444
vn 0.0219 0.9720 0.2338
vn 0.1701 0.9080 0.3830
vn 0.1205 0.9067 0.4043
vn 0.0388 0.9094 0.4140
vn 0.0673 0.9080 0.4136
vn 0.0303 0.9456 0.3238
vn 0.2954 0.6237 0.7237
vn 0.2233 0.6237 0.7491
vn 0.2395 0.5450 0.8035
vn 0.3169 0.5451 0.7762
vn 0.2534 0.4617 0.8501
vn 0.3352 0.4617 0.8212
vn 0.1491 0.6237 0.7673
vn 0.1599 0.5451 0.8230
vn 0.1691 0.4617 0.8708
vn 0.2711 0.6967 0.6641
vn 0.3505 0.3739 0.8587
vn 0.2650 0.3738 0.8888
vn 0.1769 0.3739 0.9105
vn 0.0827 0.4617 0.8832
vn 0.0865 0.3739 0.9234
vn 0.0782 0.5451 0.8347
vn 0.0729 0.6237 0.7783
vn 0.1367 0.6967 0.7042
vn 0.0669 0.6968 0.7142
vn 0.2049 0.6967 0.6875
vn 0.3762 -0.0957 0.9216
vn 0.2844 -0.0957 0.9539
vn 0.2805 -0.1901 0.9409
vn 0.3710 -0.1901 0.9090
vn 0.2740 -0.2828 0.9192
vn 0.3625 -0.2828 0.8880
vn 0.1898 -0.0957 0.9771
vn 0.1872 -0.1901 0.9638
vn 0.1829 -0.2828 0.9416
vn 0.3779 -0.0000 0.9258
vn 0.3505 -0.3739 0.8587
vn 0.2650 -0.3738 0.8888
vn 0.1769 -0.3739 0.9105
vn 0.0894 -0.2828 0.9550
vn 0.0865 -0.3739 0.9234
vn 0.0915 -0.1901 0.9775
vn 0.0928 -0.0957 0.9911
vn 0.1907 -0.0000 0.9817
vn 0.0932 -0.0000 0.9956
vn 0.2857 -0.0000 0.9583
vn 0.2455 -0.7614 0.6000
vn 0.1853 -0.7612 0.6214
vn 0.1650 -0.8163 0.5536
vn 0.2202 -0.8167 0.5333
vn 0.1437 -0.8643 0.4820
vn 0.1953 -0.8651 0.4620
vn 0.1231 -0.7614 0.6365
vn 0.1077 -0.8167 0.5669
vn 0.0895 -0.8651 0.4935
vn 0.2711 -0.6967 0.6641
vn 0.1701 -0.9080 0.3830
vn 0.1205 -0.9067 0.4043
vn 0.0673 -0.9080 0.4136
vn 0.0466 -0.8660 0.4979
vn 0.0388 -0.9094 0.4140
vn 0.0537 -0.8172 0.5738
vn 0.0604 -0.7616 0.6452
vn 0.1367 -0.6967 0.7042
vn 0.0669 -0.6968 0.7142
vn 0.2049 -0.6967 0.6875
vn 0.1953 0.8651 0.4620
vn 0.1437 0.8643 0.4820
vn 0.1650 0.8163 0.5536
vn 0.2202 0.8167 0.5333
vn 0.1853 0.7612 0.6214
vn 0.2455 0.7614 0.6000
vn 0.0895 0.8651 0.4935
vn 0.1077 0.8167 0.5669
vn 0.1231 0.7614 0.6365
vn 0.0604 0.7616 0.6452
vn 0.0537 0.8172 0.5738
vn 0.0466 0.8660 0.4979
vn 0.3625 0.2828 0.8880
vn 0.2740 0.2828 0.9192
vn 0.2805 0.1901 0.9409
vn 0.3710 0.1901 0.9090
vn 0.2844 0.0957 0.9539
vn 0.3762 0.0957 0.9216
vn 0.1829 0.2828 0.9416
vn 0.1872 0.1901 0.9638
vn 0.1898 0.0957 0.9771
vn 0.0928 0.0957 0.9911
vn 0.0915 0.1901 0.9775
vn 0.0894 0.2828 0.9550
vn 0.3352 -0.4617 0.8212
vn 0.2534 -0.4617 0.8501
vn 0.2395 -0.5450 0.8035
vn 0.3169 -0.5451 0.7762
vn 0.2233 -0.6237 0.7491
vn 0.2954 -0.6237 0.7237
vn 0.1691 -0.4617 0.8708
vn 0.1599 -0.5451 0.8230
vn 0.1491 -0.6237 0.7673
vn 0.0729 -0.6237 0.7783
vn 0.0782 -0.5451 0.8347
vn 0.0827 -0.4617 0.8832
vn 0.1467 -0.9430 0.2987
vn 0.0971 -0.9404 0.3259
vn 0.0793 -0.9607 0.2660
vn 0.1034 -0.9693 0.2232
vn 0.0533 -0.9824 0.1788
vn 0.0357 -0.9693 0.2434
vn 0.0408 -0.9430 0.3303
vn 0.0135 -0.9894 0.1444
vn 0.0219 -0.9720 0.2338
vn 0.0303 -0.9456 0.3238
vn -0.0051 -0.0957 0.9954
vn -0.1023 -0.0957 0.9901
vn -0.1009 -0.1901 0.9766
vn -0.0050 -0.1901 0.9818
vn -0.0986 -0.2828 0.9541
vn -0.0049 -0.2828 0.9592
vn -0.1986 -0.0957 0.9754
vn -0.1959 -0.1901 0.9620
vn -0.1913 -0.2828 0.9399
vn -0.0051 -0.0000 1.0000
vn -0.0048 -0.3739 0.9275
vn -0.0954 -0.3738 0.9226
vn -0.1850 -0.3739 0.9088
vn -0.2828 -0.2828 0.9165
vn -0.2735 -0.3739 0.8862
vn -0.2895 -0.1901 0.9381
vn -0.2935 -0.0957 0.9511
vn -0.1995 -0.0000 0.9799
vn -0.2949 -0.0000 0.9555
vn -0.1028 -0.0000 0.9947
vn -0.0028 -0.7614 0.6482
vn -0.0667 -0.7612 0.6450
vn -0.0594 -0.8163 0.5746
vn -0.0006 -0.8167 0.5770
vn -0.0517 -0.8643 0.5003
vn 0.0036 -0.8651 0.5015
vn -0.1299 -0.7614 0.6351
vn -0.1174 -0.8167 0.5649
vn -0.1061 -0.8651 0.4902
vn -0.0036 -0.6967 0.7173
vn 0.0106 -0.9080 0.4189
vn -0.0434 -0.9067 0.4196
vn -0.0961 -0.9080 0.4079
vn -0.1475 -0.8660 0.4778
vn -0.1226 -0.9094 0.3973
vn -0.1699 -0.8172 0.5507
vn -0.1911 -0.7616 0.6192
vn -0.1432 -0.6967 0.7029
vn -0.2115 -0.6968 0.6854
vn -0.0737 -0.6967 0.7135
vn 0.0036 0.8651 0.5015
vn -0.0517 0.8643 0.5003
vn -0.0594 0.8163 0.5746
vn -0.0006 0.8167 0.5770
vn -0.0667 0.7612 0.6450
vn -0.0028 0.7614 0.6482
vn -0.1061 0.8651 0.4902
vn -0.1174 0.8167 0.5649
vn -0.1299 0.7614 0.6351
vn 0.0106 0.9080 0.4189
vn -0.0036 0.6967 0.7173
vn -0.0737 0.6967 0.7135
vn -0.1432 0.6967 0.7029
vn -0.1911 0.7616 0.6192
vn -0.2115 0.6968 0.6854
vn -0.1699 0.8172 0.5507
vn -0.1475 0.8660 0.4778
vn -0.0961 0.9080 0.4079
vn -0.1226 0.9094 0.3973
vn -0.0434 0.9067 0.4196
vn -0.0049 0.2828 0.9592
vn -0.0986 0.2828 0.9541
vn -0.1009 0.1901 0.9766
vn -0.0050 0.1901 0.9818
vn -0.1023 0.0957 0.9901
vn -0.0051 0.0957 0.9954
vn -0.1913 0.2828 0.9399
vn -0.1959 0.1901 0.9620
vn -0.1986 0.0957 0.9754
vn -0.0048 0.3739 0.9275
vn -0.2935 0.0957 0.9511
vn -0.2895 0.1901 0.9381
vn -0.2828 0.2828 0.9165
vn -0.1850 0.3739 0.9088
vn -0.2735 0.3739 0.8862
vn -0.0954 0.3738 0.9226
vn -0.0046 -0.4617 0.8870
vn -0.0912 -0.4617 0.8823
vn -0.0862 -0.5450 0.8340
vn -0.0043 -0.5451 0.8384
vn -0.0804 -0.6237 0.7776
vn -0.0040 -0.6237 0.7817
vn -0.1770 -0.4617 0.8692
vn -0.1673 -0.5451 0.8215
vn -0.1559 -0.6237 0.7660
vn -0.2305 -0.6237 0.7469
vn -0.2472 -0.5451 0.8011
vn -0.2616 -0.4617 0.8476
vn 0.0212 -0.9430 0.3322
vn -0.0350 -0.9404 0.3383
vn -0.0285 -0.9607 0.2761
vn 0.0101 -0.9693 0.2458
vn -0.0192 -0.9824 0.1856
vn -0.0602 -0.9693 0.2385
vn -0.0887 -0.9430 0.3208
vn -0.0428 -0.9894 0.1386
vn -0.0692 -0.9720 0.2244
vn -0.0959 -0.9456 0.3107
vn -0.0192 0.9824 0.1856
vn -0.0602 0.9693 0.2385
vn -0.0285 0.9607 0.2761
vn 0.0101 0.9693 0.2458
vn 0.0212 0.9430 0.3322
vn -0.0350 0.9404 0.3383
vn -0.0887 0.9430 0.3208
vn -0.0428 0.9894 0.1386
vn -0.0692 0.9720 0.2244
vn -0.0959 0.9456 0.3107
vn -0.0040 0.6237 0.7817
vn -0.0804 0.6237 0.7776
vn -0.0862 0.5450 0.8340
vn -0.0043 0.5451 0.8384
vn -0.0912 0.4617 0.8823
vn -0.0046 0.4617 0.8870
vn -0.1559 0.6237 0.7660
vn -0.1673 0.5451 0.8215
vn -0.1770 0.4617 0.8692
vn -0.2616 0.4617 0.8476
vn -0.2472 0.5451 0.8011
vn -0.2305 0.6237 0.7469
vn -0.1886 0.8651 0.4647
vn -0.2392 0.8643 0.4424
vn -0.2748 0.8163 0.5081
vn -0.2214 0.8167 0.5328
vn -0.3084 0.7612 0.5704
vn -0.2506 0.7614 0.5978
vn -0.2856 0.8651 0.4123
vn -0.3247 0.8167 0.4770
vn -0.3630 0.7614 0.5371
vn -0.1505 0.9080 0.3911
vn -0.2779 0.6967 0.6613
vn -0.3412 0.6967 0.6310
vn -0.4012 0.6967 0.5946
vn -0.4135 0.7616 0.4990
vn -0.4577 0.6968 0.5523
vn -0.3677 0.8172 0.4437
vn -0.3191 0.8660 0.3850
vn -0.2449 0.9080 0.3401
vn -0.2653 0.9094 0.3202
vn -0.2007 0.9067 0.3711
vn -0.3716 0.2828 0.8843
vn -0.4562 0.2828 0.8437
vn -0.4670 0.1901 0.8636
vn -0.3804 0.1901 0.9051
vn -0.4735 0.0957 0.8756
vn -0.3856 0.0957 0.9177
vn -0.5365 0.2828 0.7951
vn -0.5491 0.1901 0.8139
vn -0.5567 0.0957 0.8252
vn -0.3593 0.3739 0.8551
vn -0.3874 -0.0000 0.9219
vn -0.4756 -0.0000 0.8796
vn -0.5593 -0.0000 0.8290
vn -0.6352 0.0957 0.7664
vn -0.6381 -0.0000 0.7699
vn -0.6265 0.1901 0.7559
vn -0.6121 0.2828 0.7385
vn -0.5187 0.3739 0.7689
vn -0.5918 0.3739 0.7141
vn -0.4411 0.3738 0.8159
vn -0.3437 -0.4617 0.8178
vn -0.4219 -0.4617 0.7803
vn -0.3988 -0.5450 0.7375
vn -0.3248 -0.5451 0.7729
vn -0.3718 -0.6237 0.6876
vn -0.3028 -0.6237 0.7206
vn -0.4961 -0.4617 0.7353
vn -0.4689 -0.5451 0.6950
vn -0.4372 -0.6237 0.6480
vn -0.3593 -0.3739 0.8551
vn -0.2779 -0.6967 0.6613
vn -0.3412 -0.6967 0.6310
vn -0.4012 -0.6967 0.5946
vn -0.4988 -0.6237 0.6019
vn -0.4577 -0.6968 0.5523
vn -0.5350 -0.5451 0.6455
vn -0.5660 -0.4617 0.6830
vn -0.5187 -0.3739 0.7689
vn -0.5918 -0.3739 0.7141
vn -0.4411 -0.3738 0.8159
vn -0.1075 -0.9430 0.3150
vn -0.1617 -0.9404 0.2991
vn -0.1320 -0.9607 0.2442
vn -0.0847 -0.9693 0.2309
vn -0.0887 -0.9824 0.1641
vn -0.1469 -0.9693 0.1973
vn -0.2047 -0.9430 0.2624
vn -0.1505 -0.9080 0.3911
vn -0.2007 -0.9067 0.3711
vn -0.0926 -0.9894 0.1117
vn -0.1498 -0.9720 0.1808
vn -0.2653 -0.9094 0.3202
vn -0.2075 -0.9456 0.2504
vn -0.2449 -0.9080 0.3401
vn -0.0887 0.9824 0.1641
vn -0.1469 0.9693 0.1973
vn -0.1320 0.9607 0.2442
vn -0.0847 0.9693 0.2309
vn -0.1075 0.9430 0.3150
vn -0.1617 0.9404 0.2991
vn -0.2047 0.9430 0.2624
vn -0.0926 0.9894 0.1117
vn -0.1498 0.9720 0.1808
vn -0.2075 0.9456 0.2504
vn -0.3028 0.6237 0.7206
vn -0.3718 0.6237 0.6876
vn -0.3988 0.5450 0.7375
vn -0.3248 0.5451 0.7729
vn -0.4219 0.4617 0.7803
vn -0.3437 0.4617 0.8178
vn -0.4372 0.6237 0.6480
vn -0.4689 0.5451 0.6950
vn -0.4961 0.4617 0.7353
vn -0.5660 0.4617 0.6830
vn -0.5350 0.5451 0.6455
vn -0.4988 0.6237 0.6019
vn -0.3856 -0.0957 0.9177
vn -0.4735 -0.0957 0.8756
vn -0.4670 -0.1901 0.8636
vn -0.3804 -0.1901 0.9051
vn -0.4562 -0.2828 0.8437
vn -0.3716 -0.2828 0.8843
vn -0.5567 -0.0957 0.8252
vn -0.5491 -0.1901 0.8139
vn -0.5365 -0.2828 0.7951
vn -0.6121 -0.2828 0.7385
vn -0.6265 -0.1901 0.7559
vn -0.6352 -0.0957 0.7664
vn -0.2506 -0.7614 0.5978
vn -0.3084 -0.7612 0.5704
vn -0.2748 -0.8163 0.5081
vn -0.2214 -0.8167 0.5328
vn -0.2392 -0.8643 0.4424
vn -0.1886 -0.8651 0.4647
vn -0.3630 -0.7614 0.5371
vn -0.3247 -0.8167 0.4770
vn -0.2856 -0.8651 0.4123
vn -0.3191 -0.8660 0.3850
vn -0.3677 -0.8172 0.4437
vn -0.4135 -0.7616 0.4990
vn -0.6304 -0.4617 0.6240
vn -0.6884 -0.4617 0.5594
vn -0.6506 -0.5450 0.5288
vn -0.5959 -0.5451 0.5898
vn -0.6066 -0.6237 0.4930
vn -0.5556 -0.6237 0.5499
vn -0.7397 -0.4617 0.4895
vn -0.6992 -0.5451 0.4627
vn -0.6519 -0.6237 0.4314
vn -0.6592 -0.3739 0.6525
vn -0.5098 -0.6967 0.5046
vn -0.5567 -0.6967 0.4524
vn -0.5982 -0.6967 0.3958
vn -0.6912 -0.6237 0.3652
vn -0.6342 -0.6968 0.3351
vn -0.7413 -0.5451 0.3917
vn -0.7843 -0.4617 0.4144
vn -0.7735 -0.3739 0.5118
vn -0.8201 -0.3739 0.4333
vn -0.7198 -0.3738 0.5849
vn -0.2199 -0.9430 0.2499
vn -0.2639 -0.9404 0.2145
vn -0.2154 -0.9607 0.1750
vn -0.1666 -0.9693 0.1810
vn -0.1448 -0.9824 0.1176
vn -0.2112 -0.9693 0.1261
vn -0.2896 -0.9430 0.1641
vn -0.2887 -0.9080 0.3037
vn -0.3274 -0.9067 0.2661
vn -0.1283 -0.9894 0.0678
vn -0.2076 -0.9720 0.1097
vn -0.3677 -0.9094 0.1943
vn -0.2875 -0.9456 0.1519
vn -0.3564 -0.9080 0.2205
vn -0.1448 0.9824 0.1176
vn -0.2112 0.9693 0.1261
vn -0.2154 0.9607 0.1750
vn -0.1666 0.9693 0.1810
vn -0.2199 0.9430 0.2499
vn -0.2639 0.9404 0.2145
vn -0.2896 0.9430 0.1641
vn -0.1283 0.9894 0.0678
vn -0.2076 0.9720 0.1097
vn -0.2887 0.9080 0.3037
vn -0.3274 0.9067 0.2661
vn -0.3677 0.9094 0.1943
vn -0.3564 0.9080 0.2205
vn -0.2875 0.9456 0.1519
vn -0.5556 0.6237 0.5499
vn -0.6066 0.6237 0.4930
vn -0.6506 0.5450 0.5288
vn -0.5959 0.5451 0.5898
vn -0.6884 0.4617 0.5594
vn -0.6304 0.4617 0.6240
vn -0.6519 0.6237 0.4314
vn -0.6992 0.5451 0.4627
vn -0.7397 0.4617 0.4895
vn -0.5098 0.6967 0.5046
vn -0.6592 0.3739 0.6525
vn -0.7198 0.3738 0.5849
vn -0.7735 0.3739 0.5118
vn -0.7843 0.4617 0.4144
vn -0.8201 0.3739 0.4333
vn -0.7413 0.5451 0.3917
vn -0.6912 0.6237 0.3652
vn -0.5982 0.6967 0.3958
vn -0.6342 0.6968 0.3351
vn -0.5567 0.6967 0.4524
vn -0.7075 -0.0957 0.7002
vn -0.7725 -0.0957 0.6278
vn -0.7619 -0.1901 0.6192
vn -0.6978 -0.1901 0.6906
vn -0.7444 -0.2828 0.6049
vn -0.6817 -0.2828 0.6747
vn -0.8301 -0.0957 0.5493
vn -0.8188 -0.1901 0.5418
vn -0.7999 -0.2828 0.5293
vn -0.7107 -0.0000 0.7035
vn -0.8481 -0.2828 0.4481
vn -0.8681 -0.1901 0.4586
vn -0.8801 -0.0957 0.4650
vn -0.8340 -0.0000 0.5518
vn -0.8842 -0.0000 0.4671
vn -0.7761 -0.0000 0.6307
vn -0.4603 -0.7614 0.4564
vn -0.5033 -0.7612 0.4090
vn -0.4483 -0.8163 0.3643
vn -0.4084 -0.8167 0.4076
vn -0.3903 -0.8643 0.3172
vn -0.3521 -0.8651 0.3572
vn -0.5409 -0.7614 0.3573
vn -0.4825 -0.8167 0.3164
vn -0.4217 -0.8651 0.2716
vn -0.4422 -0.8660 0.2336
vn -0.5096 -0.8172 0.2692
vn -0.5730 -0.7616 0.3027
vn -0.3521 0.8651 0.3572
vn -0.3903 0.8643 0.3172
vn -0.4483 0.8163 0.3643
vn -0.4084 0.8167 0.4076
vn -0.5033 0.7612 0.4090
vn -0.4603 0.7614 0.4564
vn -0.4217 0.8651 0.2716
vn -0.4825 0.8167 0.3164
vn -0.5409 0.7614 0.3573
vn -0.5730 0.7616 0.3027
vn -0.5096 0.8172 0.2692
vn -0.4422 0.8660 0.2336
vn -0.6817 0.2828 0.6747
vn -0.7444 0.2828 0.6049
vn -0.7619 0.1901 0.6192
vn -0.6978 0.1901 0.6906
vn -0.7725 0.0957 0.6278
vn -0.7075 0.0957 0.7002
vn -0.7999 0.2828 0.5293
vn -0.8188 0.1901 0.5418
vn -0.8301 0.0957 0.5493
vn -0.8801 0.0957 0.4650
vn -0.8681 0.1901 0.4586
vn -0.8481 0.2828 0.4481
vn -0.1788 0.9824 0.0533
vn -0.2434 0.9693 0.0357
vn -0.2660 0.9607 0.0793
vn -0.2232 0.9693 0.1034
vn -0.2987 0.9430 0.1467
vn -0.3259 0.9404 0.0971
vn -0.3303 0.9430 0.0408
vn -0.1444 0.9894 0.0135
vn -0.2338 0.9720 0.0219
vn -0.3830 0.9080 0.1701
vn -0.4043 0.9067 0.1205
vn -0.4140 0.9094 0.0388
vn -0.4136 0.9080 0.0673
vn -0.3238 0.9456 0.0303
vn -0.7237 0.6237 0.2954
vn -0.7491 0.6237 0.2233
vn -0.8035 0.5450 0.2395
vn -0.7762 0.5451 0.3169
vn -0.8501 0.4617 0.2534
vn -0.8212 0.4617 0.3352
vn -0.7673 0.6237 0.1491
vn -0.8230 0.5451 0.1599
vn -0.8708 0.4617 0.1691
vn -0.6641 0.6967 0.2711
vn -0.8587 0.3739 0.3505
vn -0.8888 0.3738 0.2650
vn -0.9105 0.3739 0.1769
vn -0.8832 0.4617 0.0827
vn -0.9234 0.3739 0.0865
vn -0.8347 0.5451 0.0782
vn -0.7783 0.6237 0.0729
vn -0.7042 0.6967 0.1367
vn -0.7142 0.6968 0.0669
vn -0.6875 0.6967 0.2049
vn -0.9216 -0.0957 0.3762
vn -0.9539 -0.0957 0.2844
vn -0.9409 -0.1901 0.2805
vn -0.9090 -0.1901 0.3710
vn -0.9192 -0.2828 0.2740
vn -0.8880 -0.2828 0.3625
vn -0.9771 -0.0957 0.1898
vn -0.9638 -0.1901 0.1872
vn -0.9416 -0.2828 0.1829
vn -0.9258 -0.0000 0.3779
vn -0.8587 -0.3739 0.3505
vn -0.8888 -0.3738 0.2650
vn -0.9105 -0.3739 0.1769
vn -0.9550 -0.2828 0.0894
vn -0.9234 -0.3739 0.0865
vn -0.9775 -0.1901 0.0915
vn -0.9911 -0.0957 0.0928
vn -0.9817 -0.0000 0.1907
vn -0.9956 -0.0000 0.0932
vn -0.9583 -0.0000 0.2857
vn -0.6000 -0.7614 0.2455
vn -0.6214 -0.7612 0.1853
vn -0.5536 -0.8163 0.1650
vn -0.5333 -0.8167 0.2202
vn -0.4820 -0.8643 0.1437
vn -0.4620 -0.8651 0.1953
vn -0.6365 -0.7614 0.1231
vn -0.5669 -0.8167 0.1077
vn -0.4935 -0.8651 0.0895
vn -0.6641 -0.6967 0.2711
vn -0.3830 -0.9080 0.1701
vn -0.4043 -0.9067 0.1205
vn -0.4136 -0.9080 0.0673
vn -0.4979 -0.8660 0.0466
vn -0.4140 -0.9094 0.0388
vn -0.5738 -0.8172 0.0537
vn -0.6452 -0.7616 0.0604
vn -0.7042 -0.6967 0.1367
vn -0.7142 -0.6968 0.0669
vn -0.6875 -0.6967 0.2049
vn -0.4620 0.8651 0.1953
vn -0.4820 0.8643 0.1437
vn -0.5536 0.8163 0.1650
vn -0.5333 0.8167 0.2202
vn -0.6214 0.7612 0.1853
vn -0.6000 0.7614 0.2455
vn -0.4935 0.8651 0.0895
vn -0.5669 0.8167 0.1077
vn -0.6365 0.7614 0.1231
vn -0.6452 0.7616 0.0604
vn -0.5738 0.8172 0.0537
vn -0.4979 0.8660 0.0466
vn -0.8880 0.2828 0.3625
vn -0.9192 0.2828 0.2740
vn -0.9409 0.1901 0.2805
vn -0.9090 0.1901 0.3710
vn -0.9539 0.0957 0.2844
vn -0.9216 0.0957 0.3762
vn -0.9416 0.2828 0.1829
vn -0.9638 0.1901 0.1872
vn -0.9771 0.0957 0.1898
vn -0.9911 0.0957 0.0928
vn -0.9775 0.1901 0.0915
vn -0.9550 0.2828 0.0894
vn -0.8212 -0.4617 0.3352
vn -0.8501 -0.4617 0.2534
vn -0.8035 -0.5450 0.2395
vn -0.7762 -0.5451 0.3169
vn -0.7491 -0.6237 0.2233
vn -0.7237 -0.6237 0.2954
vn -0.8708 -0.4617 0.1691
vn -0.8230 -0.5451 0.1599
vn -0.7673 -0.6237 0.1491
vn -0.7783 -0.6237 0.0729
vn -0.8347 -0.5451 0.0782
vn -0.8832 -0.4617 0.0827
vn -0.2987 -0.9430 0.1467
vn -0.3259 -0.9404 0.0971
vn -0.2660 -0.9607 0.0793
vn -0.2232 -0.9693 0.1034
vn -0.1788 -0.9824 0.0533
vn -0.2434 -0.9693 0.0357
vn -0.3303 -0.9430 0.0408
vn -0.1444 -0.9894 0.0135
vn -0.2338 -0.9720 0.0219
vn -0.3238 -0.9456 0.0303
vn -0.6482 -0.7614 -0.0028
vn -0.6450 -0.7612 -0.0667
vn -0.5746 -0.8163 -0.0594
vn -0.5770 -0.8167 -0.0006
vn -0.5003 -0.8643 -0.0517
vn -0.5015 -0.8651 0.0036
vn -0.6351 -0.7614 -0.1299
vn -0.5649 -0.8167 -0.1174
vn -0.4902 -0.8651 -0.1061
vn -0.7173 -0.6967 -0.0036
vn -0.4189 -0.9080 0.0106
vn -0.4196 -0.9067 -0.0434
vn -0.4079 -0.9080 -0.0961
vn -0.4778 -0.8660 -0.1475
vn -0.3973 -0.9094 -0.1226
vn -0.5507 -0.8172 -0.1699
vn -0.6192 -0.7616 -0.1911
vn -0.7029 -0.6967 -0.1432
vn -0.6854 -0.6968 -0.2115
vn -0.7135 -0.6967 -0.0737
vn -0.5015 0.8651 0.0036
vn -0.5003 0.8643 -0.0517
vn -0.5746 0.8163 -0.0594
vn -0.5770 0.8167 -0.0006
vn -0.6450 0.7612 -0.0667
vn -0.6482 0.7614 -0.0028
vn -0.4902 0.8651 -0.1061
vn -0.5649 0.8167 -0.1174
vn -0.6351 0.7614 -0.1299
vn -0.4189 0.9080 0.0106
vn -0.7173 0.6967 -0.0036
vn -0.7135 0.6967 -0.0737
vn -0.7029 0.6967 -0.1432
vn -0.6192 0.7616 -0.1911
vn -0.6854 0.6968 -0.2115
vn -0.5507 0.8172 -0.1699
vn -0.4778 0.8660 -0.1475
vn -0.4079 0.9080 -0.0961
vn -0.3973 0.9094 -0.1226
vn -0.4196 0.9067 -0.0434
vn -0.9592 0.2828 -0.0049
vn -0.9541 0.2828 -0.0986
vn -0.9766 0.1901 -0.1009
vn -0.9818 0.1901 -0.0050
vn -0.9901 0.0957 -0.1023
vn -0.9954 0.0957 -0.0051
vn -0.9399 0.2828 -0.1913
vn -0.9620 0.1901 -0.1959
vn -0.9754 0.0957 -0.1986
vn -0.9275 0.3739 -0.0048
vn -1.0000 -0.0000 -0.0051
vn -0.9947 -0.0000 -0.1028
vn -0.9799 -0.0000 -0.1995
vn -0.9511 0.0957 -0.2935
vn -0.9555 -0.0000 -0.2949
vn -0.9381 0.1901 -0.2895
vn -0.9165 0.2828 -0.2828
vn -0.9088 0.3739 -0.1850
vn -0.8862 0.3739 -0.2735
vn -0.9226 0.3738 -0.0954
vn -0.8870 -0.4617 -0.0046
vn -0.8823 -0.4617 -0.0912
vn -0.8340 -0.5450 -0.0862
vn -0.8384 -0.5451 -0.0043
vn -0.7776 -0.6237 -0.0804
vn -0.7817 -0.6237 -0.0040
vn -0.8692 -0.4617 -0.1770
vn -0.8215 -0.5451 -0.1673
vn -0.7660 -0.6237 -0.1559
vn -0.9275 -0.3739 -0.0048
vn -0.7469 -0.6237 -0.2305
vn -0.8011 -0.5451 -0.2472
vn -0.8476 -0.4617 -0.2616
vn -0.9088 -0.3739 -0.1850
vn -0.8862 -0.3739 -0.2735
vn -0.9226 -0.3738 -0.0954
vn -0.3322 -0.9430 0.0212
vn -0.3383 -0.9404 -0.0350
vn -0.2761 -0.9607 -0.0285
vn -0.2458 -0.9693 0.0101
vn -0.1856 -0.9824 -0.0192
vn -0.2385 -0.9693 -0.0602
vn -0.3208 -0.9430 -0.0887
vn -0.1386 -0.9894 -0.0428
vn -0.2244 -0.9720 -0.0692
vn -0.3107 -0.9456 -0.0959
vn -0.1856 0.9824 -0.0192
vn -0.2385 0.9693 -0.0602
vn -0.2761 0.9607 -0.0285
vn -0.2458 0.9693 0.0101
vn -0.3322 0.9430 0.0212
vn -0.3383 0.9404 -0.0350
vn -0.3208 0.9430 -0.0887
vn -0.1386 0.9894 -0.0428
vn -0.2244 0.9720 -0.0692
vn -0.3107 0.9456 -0.0959
vn -0.7817 0.6237 -0.0040
vn -0.7776 0.6237 -0.0804
vn -0.8340 0.5450 -0.0862
vn -0.8384 0.5451 -0.0043
vn -0.8823 0.4617 -0.0912
vn -0.8870 0.4617 -0.0046
vn -0.7660 0.6237 -0.1559
vn -0.8215 0.5451 -0.1673
vn -0.8692 0.4617 -0.1770
vn -0.8476 0.4617 -0.2616
vn -0.8011 0.5451 -0.2472
vn -0.7469 0.6237 -0.2305
vn -0.9954 -0.0957 -0.0051
vn -0.9901 -0.0957 -0.1023
vn -0.9766 -0.1901 -0.1009
vn -0.9818 -0.1901 -0.0050
vn -0.9541 -0.2828 -0.0986
vn -0.9592 -0.2828 -0.0049
vn -0.9754 -0.0957 -0.1986
vn -0.9620 -0.1901 -0.1959
vn -0.9399 -0.2828 -0.1913
vn -0.9165 -0.2828 -0.2828
vn -0.9381 -0.1901 -0.2895
vn -0.9511 -0.0957 -0.2935
vn -0.4647 0.8651 -0.1886
vn -0.4424 0.8643 -0.2392
vn -0.5081 0.8163 -0.2748
vn -0.5328 0.8167 -0.2214
vn -0.5704 0.7612 -0.3084
vn -0.5978 0.7614 -0.2506
vn -0.4123 0.8651 -0.2856
vn -0.4770 0.8167 -0.3247
vn -0.5371 0.7614 -0.3630
vn -0.3911 0.9080 -0.1505
vn -0.6613 0.6967 -0.2779
vn -0.6310 0.6967 -0.3412
vn -0.5946 0.6967 -0.4012
vn -0.4990 0.7616 -0.4135
vn -0.5523 0.6968 -0.4577
vn -0.4437 0.8172 -0.3677
vn -0.3850 0.8660 -0.3191
vn -0.3401 0.9080 -0.2449
vn -0.3202 0.9094 -0.2653
vn -0.3711 0.9067 -0.2007
vn -0.8843 0.2828 -0.3716
vn -0.8437 0.2828 -0.4562
vn -0.8636 0.1901 -0.4670
vn -0.9051 0.1901 -0.3804
vn -0.8756 0.0957 -0.4735
vn -0.9177 0.0957 -0.3856
vn -0.7951 0.2828 -0.5365
vn -0.8139 0.1901 -0.5491
vn -0.8252 0.0957 -0.5567
vn -0.8551 0.3739 -0.3593
vn -0.9219 -0.0000 -0.3874
vn -0.8796 -0.0000 -0.4756
vn -0.8290 -0.0000 -0.5593
vn -0.7664 0.0957 -0.6352
vn -0.7699 -0.0000 -0.6381
vn -0.7559 0.1901 -0.6265
vn -0.7385 0.2828 -0.6121
vn -0.7689 0.3739 -0.5187
vn -0.7141 0.3739 -0.5918
vn -0.8159 0.3738 -0.4411
vn -0.8178 -0.4617 -0.3437
vn -0.7803 -0.4617 -0.4219
vn -0.7375 -0.5450 -0.3988
vn -0.7729 -0.5451 -0.3248
vn -0.6876 -0.6237 -0.3718
vn -0.7206 -0.6237 -0.3028
vn -0.7353 -0.4617 -0.4961
vn -0.6950 -0.5451 -0.4689
vn -0.6480 -0.6237 -0.4372
vn -0.8551 -0.3739 -0.3593
vn -0.6613 -0.6967 -0.2779
vn -0.6310 -0.6967 -0.3412
vn -0.5946 -0.6967 -0.4012
vn -0.6019 -0.6237 -0.4988
vn -0.5523 -0.6968 -0.4577
vn -0.6455 -0.5451 -0.5350
vn -0.6830 -0.4617 -0.5660
vn -0.7689 -0.3739 -0.5187
vn -0.7141 -0.3739 -0.5918
vn -0.8159 -0.3738 -0.4411
vn -0.3150 -0.9430 -0.1075
vn -0.2991 -0.9404 -0.1617
vn -0.2442 -0.9607 -0.1320
vn -0.2309 -0.9693 -0.0847
vn -0.1641 -0.9824 -0.0887
vn -0.1973 -0.9693 -0.1469
vn -0.2624 -0.9430 -0.2047
vn -0.3911 -0.9080 -0.1505
vn -0.3711 -0.9067 -0.2007
vn -0.1117 -0.9894 -0.0926
vn -0.1808 -0.9720 -0.1498
vn -0.3202 -0.9094 -0.2653
vn -0.2504 -0.9456 -0.2075
vn -0.3401 -0.9080 -0.2449
vn -0.1641 0.9824 -0.0887
vn -0.1973 0.9693 -0.1469
vn -0.2442 0.9607 -0.1320
vn -0.2309 0.9693 -0.0847
vn -0.3150 0.9430 -0.1075
vn -0.2991 0.9404 -0.1617
vn -0.2624 0.9430 -0.2047
vn -0.1117 0.9894 -0.0926
vn -0.1808 0.9720 -0.1498
vn -0.2504 0.9456 -0.2075
vn -0.7206 0.6237 -0.3028
vn -0.6876 0.6237 -0.3718
vn -0.7375 0.5450 -0.3988
vn -0.7729 0.5451 -0.3248
vn -0.7803 0.4617 -0.4219
vn -0.8178 0.4617 -0.3437
vn -0.6480 0.6237 -0.4372
vn -0.6950 0.5451 -0.4689
vn -0.7353 0.4617 -0.4961
vn -0.6830 0.4617 -0.5660
vn -0.6455 0.5451 -0.5350
vn -0.6019 0.6237 -0.4988
vn -0.9177 -0.0957 -0.3856
vn -0.8756 -0.0957 -0.4735
vn -0.8636 -0.1901 -0.4670
vn -0.9051 -0.1901 -0.3804
vn -0.8437 -0.2828 -0.4562
vn -0.8843 -0.2828 -0.3716
vn -0.8252 -0.0957 -0.5567
vn -0.8139 -0.1901 -0.5491
vn -0.7951 -0.2828 -0.5365
vn -0.7385 -0.2828 -0.6121
vn -0.7559 -0.1901 -0.6265
vn -0.7664 -0.0957 -0.6352
vn -0.5978 -0.7614 -0.2506
vn -0.5704 -0.7612 -0.3084
vn -0.5081 -0.8163 -0.2748
vn -0.5328 -0.8167 -0.2214
vn -0.4424 -0.8643 -0.2392
vn -0.4647 -0.8651 -0.1886
vn -0.5371 -0.7614 -0.3630
vn -0.4770 -0.8167 -0.3247
vn -0.4123 -0.8651 -0.2856
vn -0.3850 -0.8660 -0.3191
vn -0.4437 -0.8172 -0.3677
vn -0.4990 -0.7616 -0.4135
vn -0.2499 -0.9430 -0.2199
vn -0.2145 -0.9404 -0.2639
vn -0.1750 -0.9607 -0.2154
vn -0.1810 -0.9693 -0.1666
vn -0.1176 -0.9824 -0.1448
vn -0.1261 -0.9693 -0.2112
vn -0.1641 -0.9430 -0.2896
vn -0.3037 -0.9080 -0.2887
vn -0.2661 -0.9067 -0.3274
vn -0.2205 -0.9080 -0.3564
vn -0.1176 0.9824 -0.1448
vn -0.1261 0.9693 -0.2112
vn -0.1750 0.9607 -0.2154
vn -0.1810 0.9693 -0.1666
vn -0.2499 0.9430 -0.2199
vn -0.2145 0.9404 -0.2639
vn -0.1641 0.9430 -0.2896
vn -0.3037 0.9080 -0.2887
vn -0.2661 0.9067 -0.3274
vn -0.2205 0.9080 -0.3564
vn -0.5499 0.6237 -0.5556
vn -0.4930 0.6237 -0.6066
vn -0.5288 0.5450 -0.6506
vn -0.5898 0.5451 -0.5959
vn -0.5594 0.4617 -0.6884
vn -0.6240 0.4617 -0.6304
vn -0.4314 0.6237 -0.6519
vn -0.4627 0.5451 -0.6992
vn -0.4895 0.4617 -0.7397
vn -0.5046 0.6967 -0.5098
vn -0.6525 0.3739 -0.6592
vn -0.5849 0.3738 -0.7198
vn -0.5118 0.3739 -0.7735
vn -0.3958 0.6967 -0.5982
vn -0.4524 0.6967 -0.5567
vn -0.7002 -0.0957 -0.7075
vn -0.6278 -0.0957 -0.7725
vn -0.6192 -0.1901 -0.7619
vn -0.6906 -0.1901 -0.6978
vn -0.6049 -0.2828 -0.7444
vn -0.6747 -0.2828 -0.6817
vn -0.5493 -0.0957 -0.8301
vn -0.5418 -0.1901 -0.8188
vn -0.5293 -0.2828 -0.7999
vn -0.7035 -0.0000 -0.7107
vn -0.6525 -0.3739 -0.6592
vn -0.5849 -0.3738 -0.7198
vn -0.5118 -0.3739 -0.7735
vn -0.5518 -0.0000 -0.8340
vn -0.6307 -0.0000 -0.7761
vn -0.4564 -0.7614 -0.4603
vn -0.4090 -0.7612 -0.5033
vn -0.3643 -0.8163 -0.4483
vn -0.4076 -0.8167 -0.4084
vn -0.3172 -0.8643 -0.3903
vn -0.3572 -0.8651 -0.3521
vn -0.3573 -0.7614 -0.5409
vn -0.3164 -0.8167 -0.4825
vn -0.2716 -0.8651 -0.4217
vn -0.5046 -0.6967 -0.5098
vn -0.3958 -0.6967 -0.5982
vn -0.4524 -0.6967 -0.5567
vn -0.3572 0.8651 -0.3521
vn -0.3172 0.8643 -0.3903
vn -0.3643 0.8163 -0.4483
vn -0.4076 0.8167 -0.4084
vn -0.4090 0.7612 -0.5032
vn -0.4564 0.7614 -0.4603
vn -0.2716 0.8651 -0.4217
vn -0.3164 0.8167 -0.4825
vn -0.3573 0.7614 -0.5409
vn -0.6747 0.2828 -0.6817
vn -0.6049 0.2828 -0.7444
vn -0.6192 0.1901 -0.7619
vn -0.6906 0.1901 -0.6978
vn -0.6278 0.0957 -0.7725
vn -0.7002 0.0957 -0.7075
vn -0.5293 0.2828 -0.7999
vn -0.5418 0.1901 -0.8188
vn -0.5493 0.0957 -0.8301
vn -0.6240 -0.4617 -0.6304
vn -0.5594 -0.4617 -0.6884
vn -0.5288 -0.5450 -0.6506
vn -0.5898 -0.5451 -0.5959
vn -0.4930 -0.6237 -0.6066
vn -0.5499 -0.6237 -0.5556
vn -0.4895 -0.4617 -0.7397
vn -0.4627 -0.5451 -0.6992
vn -0.4314 -0.6237 -0.6519
vt 0.217621 -0.351092
vt 0.238865 -0.320602
vt 0.271596 -0.342213
vt 0.251110 -0.373619
vt 0.304579 -0.362477
vt 0.284945 -0.394657
vt 0.259215 -0.290782
vt 0.291289 -0.311601
vt 0.323531 -0.331198
vt 0.161341 -0.356883
vt 0.184364 -0.326817
vt 0.195362 -0.382393
vt 0.229727 -0.405982
vt 0.264547 -0.427920
vt 0.319238 -0.414470
vt 0.299930 -0.448482
vt 0.337928 -0.381634
vt 0.356059 -0.349788
vt 0.341883 -0.300639
vt 0.373692 -0.318745
vt 0.310293 -0.281619
vt 0.278793 -0.261493
vt 0.227190 -0.268525
vt 0.247253 -0.240070
vt 0.206270 -0.297402
vt 0.505341 -0.498573
vt 0.517923 -0.464547
vt 0.558916 -0.478665
vt 0.547832 -0.512308
vt 0.602750 -0.491943
vt 0.593238 -0.524910
vt 0.530690 -0.431662
vt 0.570336 -0.446149
vt 0.612742 -0.460073
vt 0.451224 -0.519171
vt 0.465179 -0.483764
vt 0.492963 -0.533840
vt 0.537113 -0.547174
vt 0.584245 -0.559063
vt 0.642142 -0.536318
vt 0.634930 -0.569398
vt 0.650020 -0.504366
vt 0.658514 -0.473457
vt 0.623175 -0.429207
vt 0.667580 -0.443503
vt 0.582061 -0.414666
vt 0.543623 -0.399818
vt 0.493197 -0.416593
vt 0.507247 -0.384605
vt 0.479172 -0.449609
vt 0.958237 -0.558439
vt 0.953701 -0.539826
vt 1.008687 -0.539345
vt 1.033050 -0.550682
vt 1.103307 -0.536433
vt 1.034731 -0.526876
vt 0.961374 -0.521294
vt 0.885322 -0.585092
vt 0.884288 -0.561147
vt 0.962914 -0.578798
vt 1.047260 -0.568549
vt 0.884190 -0.538226
vt 1.317495 -0.525907
vt 1.143013 -0.554639
vt 1.145150 -0.515884
vt 1.051212 -0.509246
vt 0.894997 -0.493548
vt 0.969227 -0.502113
vt 0.889160 -0.515754
vt -0.201193 0.181252
vt -0.153414 0.130590
vt -0.148684 0.102438
vt -0.172187 0.116092
vt -0.135755 0.050485
vt -0.117644 0.057007
vt -0.106667 0.073456
vt -0.317965 0.361136
vt -0.208599 0.226669
vt -0.239400 0.203502
vt -0.195209 0.117828
vt -0.148352 0.153770
vt -0.117180 -0.024360
vt -0.155342 0.043133
vt -0.096633 -0.012162
vt -0.077418 0.000269
vt -0.046262 0.033559
vt -0.061494 0.016612
vt -0.095229 0.090436
vt -0.077418 0.000269
vt 0.084286 -0.239569
vt 0.107329 -0.214467
vt 0.140785 -0.244860
vt 0.117925 -0.271584
vt 0.173666 -0.272321
vt 0.151205 -0.300482
vt 0.129177 -0.189476
vt 0.162501 -0.218391
vt 0.195055 -0.244558
vt 0.025784 -0.227178
vt 0.050046 -0.203883
vt 0.059947 -0.264833
vt 0.093807 -0.298634
vt 0.127546 -0.329132
vt 0.215501 -0.217101
vt 0.183190 -0.192105
vt 0.149930 -0.164543
vt 0.094734 -0.157267
vt 0.115329 -0.133878
vt 0.073001 -0.180591
vt 0.354133 -0.433272
vt 0.371788 -0.399888
vt 0.406422 -0.417291
vt 0.389892 -0.451097
vt 0.442119 -0.433860
vt 0.426810 -0.467932
vt 0.389022 -0.367559
vt 0.422675 -0.384586
vt 0.457305 -0.400915
vt 0.336016 -0.467887
vt 0.373065 -0.486158
vt 0.411371 -0.503262
vt 0.472375 -0.368964
vt 0.438675 -0.352823
vt 0.405872 -0.336108
vt 0.695129 -0.546355
vt 0.701304 -0.515809
vt 0.757105 -0.525711
vt 0.752769 -0.554359
vt 0.817906 -0.533406
vt 0.815632 -0.559550
vt 0.708288 -0.486223
vt 0.762806 -0.497906
vt 0.822840 -0.507937
vt 0.689750 -0.577946
vt 0.749331 -0.583979
vt 0.814310 -0.586645
vt 0.828625 -0.483034
vt 0.769295 -0.470861
vt 0.715962 -0.457521
vt -0.058216 -0.068761
vt -0.037531 -0.052762
vt 0.000735 -0.100247
vt -0.021057 -0.119137
vt 0.037528 -0.142688
vt 0.014984 -0.163955
vt -0.018920 -0.034916
vt 0.021059 -0.080634
vt 0.058818 -0.121199
vt -0.080184 -0.084460
vt -0.044127 -0.137767
vt -0.008855 -0.185075
vt 0.078967 -0.099523
vt 0.040298 -0.060710
vt -0.001253 -0.016621
vt -0.077418 0.000269
vt -0.167572 0.211795
vt -0.111308 0.171929
vt -0.101004 0.146422
vt -0.126228 0.155583
vt -0.078260 0.100073
vt -0.062328 0.108792
vt -0.055125 0.125748
vt -0.184148 0.253057
vt -0.111121 0.194397
vt -0.029299 0.047661
vt -0.013428 0.061890
vt 0.010214 0.097442
vt -0.001318 0.079375
vt -0.047420 0.143369
vt 0.169683 -0.139624
vt 0.188515 -0.114692
vt 0.221880 -0.139863
vt 0.202959 -0.165940
vt 0.253969 -0.162819
vt 0.235116 -0.189870
vt 0.206500 -0.089729
vt 0.240019 -0.113846
vt 0.272112 -0.135917
vt 0.134870 -0.110393
vt 0.266574 -0.211937
vt 0.285217 -0.184070
vt 0.303229 -0.156427
vt 0.289600 -0.109127
vt 0.320659 -0.128964
vt 0.257437 -0.087864
vt 0.223712 -0.064716
vt 0.171108 -0.063079
vt 0.187963 -0.039225
vt 0.153437 -0.086798
vt 0.422383 -0.305372
vt 0.438610 -0.275237
vt 0.470038 -0.291561
vt 0.454448 -0.321855
vt 0.502235 -0.307532
vt 0.487340 -0.337877
vt 0.454613 -0.245601
vt 0.485497 -0.261829
vt 0.517097 -0.277808
vt 0.390886 -0.288335
vt 0.521321 -0.353531
vt 0.535443 -0.323252
vt 0.549643 -0.293648
vt 0.531967 -0.248586
vt 0.563951 -0.264598
vt 0.500874 -0.232546
vt 0.470451 -0.216364
vt 0.424213 -0.229014
vt 0.440476 -0.199926
vt 0.407705 -0.258454
vt 0.724217 -0.429629
vt 0.733117 -0.402504
vt 0.783428 -0.418938
vt 0.776003 -0.444529
vt 0.839018 -0.435094
vt 0.833452 -0.458683
vt 0.742734 -0.376099
vt 0.792081 -0.394093
vt 0.847045 -0.412391
vt 0.677179 -0.414422
vt 0.897482 -0.471653
vt 0.900657 -0.450620
vt 0.908614 -0.430791
vt 0.855851 -0.390124
vt 0.917374 -0.411153
vt 0.801468 -0.369831
vt 0.753017 -0.350349
vt 0.698017 -0.358612
vt 0.709290 -0.331753
vt 0.687319 -0.386147
vt 0.016527 0.000662
vt 0.033267 0.018185
vt 0.076308 -0.020843
vt 0.058812 -0.040904
vt 0.116198 -0.055677
vt 0.098083 -0.077700
vt 0.047875 0.037267
vt 0.092514 -0.000137
vt 0.133345 -0.033398
vt 0.149647 -0.010900
vt 0.107890 0.020882
vt 0.061732 0.056777
vt 0.297706 -0.232610
vt 0.316018 -0.204066
vt 0.346586 -0.223022
vt 0.328704 -0.252119
vt 0.377091 -0.241099
vt 0.359715 -0.270637
vt 0.333778 -0.175807
vt 0.363994 -0.194264
vt 0.394074 -0.211949
vt 0.410727 -0.183114
vt 0.380986 -0.165782
vt 0.351035 -0.147782
vt 0.556712 -0.368912
vt 0.569972 -0.338834
vt 0.606380 -0.354415
vt 0.594071 -0.384120
vt 0.645288 -0.370138
vt 0.634020 -0.399256
vt 0.583431 -0.309471
vt 0.619012 -0.325450
vt 0.657002 -0.341769
vt 0.669182 -0.314070
vt 0.631990 -0.297129
vt 0.597113 -0.280711
vt 0.967904 -0.482773
vt 0.966386 -0.464839
vt 1.018942 -0.475036
vt 1.040484 -0.490251
vt 1.110061 -0.491322
vt 1.045832 -0.468734
vt 0.976536 -0.449250
vt 1.153519 -0.480821
vt 1.064401 -0.455637
vt 0.986961 -0.432908
vt 0.763905 -0.325188
vt 0.775442 -0.300573
vt 0.821375 -0.322757
vt 0.811080 -0.346013
vt 0.872271 -0.346353
vt 0.863729 -0.367932
vt 0.787666 -0.276457
vt 0.832817 -0.300155
vt 0.883099 -0.325847
vt 0.721152 -0.305504
vt 0.922904 -0.390897
vt 0.929007 -0.371372
vt 0.939557 -0.353734
vt 0.894656 -0.305630
vt 0.950897 -0.336198
vt 0.844927 -0.277934
vt 0.800499 -0.252746
vt 0.746601 -0.254551
vt 0.760162 -0.229703
vt 0.733593 -0.279794
vt 0.076156 0.075522
vt 0.089745 0.094500
vt 0.137069 0.063121
vt 0.122871 0.041863
vt 0.180061 0.034720
vt 0.165222 0.011783
vt 0.101141 0.114783
vt 0.150106 0.084995
vt 0.194148 0.057987
vt 0.024216 0.113261
vt 0.204073 -0.015218
vt 0.219489 0.008984
vt 0.234257 0.033429
vt 0.207579 0.081588
vt 0.248421 0.058163
vt 0.162463 0.107265
vt 0.111890 0.135554
vt 0.046262 0.147677
vt 0.054676 0.166819
vt 0.037317 0.129168
vt 0.367844 -0.119935
vt 0.384267 -0.092201
vt 0.413953 -0.109398
vt 0.397617 -0.137513
vt 0.443291 -0.126119
vt 0.427111 -0.154521
vt 0.400371 -0.064511
vt 0.430058 -0.081378
vt 0.459332 -0.097860
vt 0.337559 -0.101634
vt 0.456557 -0.171112
vt 0.472524 -0.142525
vt 0.488441 -0.114125
vt 0.475297 -0.069697
vt 0.504375 -0.085875
vt 0.445997 -0.053395
vt 0.416221 -0.036797
vt 0.370021 -0.047091
vt 0.385716 -0.019730
vt 0.353990 -0.074367
vt 0.611048 -0.252451
vt 0.625283 -0.224627
vt 0.659084 -0.242067
vt 0.645337 -0.269358
vt 0.695006 -0.260367
vt 0.681847 -0.286960
vt 0.639873 -0.197185
vt 0.673258 -0.215194
vt 0.708664 -0.234221
vt 0.578403 -0.235993
vt 0.722825 -0.208450
vt 0.687888 -0.188674
vt 0.654869 -0.170071
vt 0.608001 -0.179907
vt 0.623287 -0.152336
vt 0.593063 -0.207778
vt 0.988612 -0.414348
vt 0.989879 -0.396899
vt 1.038749 -0.416725
vt 1.057063 -0.435517
vt 1.123718 -0.450396
vt 1.065569 -0.415936
vt 1.002016 -0.383847
vt 1.167241 -0.448937
vt 1.085532 -0.406855
vt 1.014583 -0.369933
vt -0.141129 0.245894
vt -0.078285 0.217691
vt -0.063425 0.195244
vt -0.089891 0.199709
vt -0.032687 0.155117
vt -0.018640 0.165946
vt -0.014605 0.183215
vt -0.165194 0.282244
vt -0.082192 0.239156
vt -0.010084 0.201351
vt 0.240219 -0.039627
vt 0.256079 -0.014411
vt 0.290365 -0.035842
vt 0.274200 -0.061883
vt 0.322839 -0.055698
vt 0.306488 -0.082410
vt 0.271343 0.010991
vt 0.305993 -0.009675
vt 0.338717 -0.028919
vt 0.354183 -0.001999
vt 0.321141 0.016686
vt 0.286063 0.036636
vt 0.486187 -0.187436
vt 0.501890 -0.158770
vt 0.531618 -0.174982
vt 0.516224 -0.203613
vt 0.561934 -0.191278
vt 0.546889 -0.219760
vt 0.517630 -0.130335
vt 0.547133 -0.146619
vt 0.577180 -0.163102
vt 0.592703 -0.135196
vt 0.562844 -0.118492
vt 0.533479 -0.102094
vt 0.123497 0.155923
vt 0.134407 0.176586
vt 0.186107 0.152500
vt 0.174609 0.129688
vt 0.232713 0.129888
vt 0.220443 0.105531
vt 0.143108 0.198317
vt 0.196537 0.175958
vt 0.244361 0.154737
vt 0.066088 0.184449
vt 0.262022 0.083238
vt 0.275087 0.108713
vt 0.287638 0.134652
vt 0.255478 0.180110
vt 0.299697 0.161119
vt 0.206430 0.199943
vt 0.151314 0.220616
vt 0.083017 0.221815
vt 0.088891 0.242127
vt 0.076751 0.202180
vt 0.431879 -0.008988
vt 0.447380 0.018994
vt 0.477590 0.002736
vt 0.461829 -0.025385
vt 0.507207 -0.013399
vt 0.491245 -0.041573
vt 0.462756 0.047233
vt 0.493307 0.031060
vt 0.523207 0.014923
vt 0.401137 0.007789
vt 0.520384 -0.057724
vt 0.536493 -0.029580
vt 0.552720 -0.001340
vt 0.539270 0.043492
vt 0.569083 0.027101
vt 0.509011 0.059677
vt 0.478038 0.075811
vt 0.431290 0.063605
vt 0.446083 0.092054
vt 0.416318 0.035542
vt 0.670318 -0.143228
vt 0.686241 -0.116594
vt 0.718644 -0.136459
vt 0.703006 -0.162446
vt 0.752750 -0.157807
vt 0.737505 -0.182992
vt 0.702652 -0.090101
vt 0.734839 -0.110663
vt 0.768619 -0.132864
vt 0.638979 -0.125014
vt 0.774277 -0.205187
vt 0.789007 -0.180981
vt 0.804428 -0.157072
vt 0.785169 -0.108132
vt 0.820615 -0.133445
vt 0.751626 -0.085007
vt 0.719566 -0.063684
vt 0.671619 -0.070814
vt 0.688568 -0.043775
vt 0.655090 -0.097867
vt 1.019133 -0.351923
vt 1.023245 -0.334808
vt 1.067278 -0.363497
vt 1.081791 -0.385610
vt 1.143722 -0.413130
vt 1.093466 -0.367790
vt 1.037298 -0.324075
vt 0.959294 -0.317179
vt 0.968255 -0.298817
vt 1.186391 -0.420106
vt 1.114720 -0.362580
vt 0.995616 -0.267570
vt 1.052193 -0.312559
vt 0.981408 -0.283085
vt -0.121000 0.283348
vt -0.053270 0.267791
vt -0.034738 0.248726
vt -0.061974 0.248152
vt 0.002597 0.215293
vt 0.014900 0.228360
vt 0.016272 0.245915
vt -0.151025 0.314173
vt -0.060459 0.288036
vt 0.018219 0.264523
vt 0.300287 0.062585
vt 0.314040 0.088907
vt 0.350187 0.070268
vt 0.335863 0.043310
vt 0.384091 0.052558
vt 0.369297 0.025136
vt 0.327343 0.115671
vt 0.364135 0.097632
vt 0.398592 0.080342
vt 0.412825 0.108560
vt 0.377731 0.125477
vt 0.340217 0.142948
vt 0.549496 -0.074003
vt 0.565701 -0.045970
vt 0.595058 -0.062717
vt 0.578815 -0.090554
vt 0.624781 -0.079968
vt 0.608567 -0.107512
vt 0.582103 -0.017889
vt 0.611574 -0.034881
vt 0.641342 -0.052471
vt 0.658246 -0.024930
vt 0.628362 -0.006946
vt 0.598709 0.010343
vt 0.813878 -0.229361
vt 0.827923 -0.206327
vt 0.870237 -0.234186
vt 0.857234 -0.255854
vt 0.916749 -0.264902
vt 0.905366 -0.285011
vt 0.842777 -0.183679
vt 0.884471 -0.213194
vt 0.930388 -0.246151
vt 0.945013 -0.227756
vt 0.899620 -0.192591
vt 0.858475 -0.161385
vt 1.060368 -0.295429
vt 1.068103 -0.279033
vt 1.105894 -0.315863
vt 1.115495 -0.340695
vt 1.170846 -0.379838
vt 1.130960 -0.324970
vt 1.084345 -0.270721
vt 1.007594 -0.250009
vt 1.020229 -0.233116
vt 1.211452 -0.394553
vt 1.153107 -0.323370
vt 1.053781 -0.205824
vt 1.101529 -0.261480
vt 1.036526 -0.219433
vt -0.106257 0.324171
vt -0.034950 0.322305
vt -0.013348 0.306888
vt -0.041111 0.300908
vt 0.029288 0.280746
vt 0.040166 0.296183
vt 0.039162 0.314097
vt -0.141603 0.349162
vt -0.045447 0.341433
vt 0.098269 0.261709
vt 0.106958 0.281443
vt 0.113876 0.324299
vt 0.110801 0.302424
vt 0.038307 0.333458
vt 0.352680 0.170804
vt 0.364742 0.199292
vt 0.403949 0.182894
vt 0.390996 0.153873
vt 0.440590 0.166629
vt 0.426817 0.137291
vt 0.376411 0.228461
vt 0.416605 0.212614
vt 0.454165 0.196674
vt 0.311283 0.188172
vt 0.460726 0.120972
vt 0.475246 0.150471
vt 0.489668 0.180670
vt 0.467564 0.227524
vt 0.504020 0.211688
vt 0.428983 0.243105
vt 0.387694 0.258359
vt 0.333002 0.244187
vt 0.343114 0.273216
vt 0.322388 0.215850
vt 0.615542 0.038829
vt 0.632686 0.067668
vt 0.662905 0.049609
vt 0.645441 0.021188
vt 0.693235 0.030641
vt 0.675510 0.002746
vt 0.650239 0.096957
vt 0.680867 0.078407
vt 0.711541 0.058835
vt 0.585609 0.055846
vt 0.705956 -0.016670
vt 0.723884 0.010578
vt 0.742474 0.038047
vt 0.730550 0.087412
vt 0.761847 0.065813
vt 0.699439 0.107672
vt 0.668298 0.126794
vt 0.619443 0.114678
vt 0.636911 0.144978
vt 0.602369 0.085003
vt 0.875034 -0.139398
vt 0.892510 -0.117701
vt 0.931968 -0.151996
vt 0.915336 -0.172097
vt 0.974380 -0.190299
vt 0.959277 -0.208769
vt 0.910944 -0.096258
vt 0.949864 -0.132539
vt 0.991560 -0.173372
vt 0.837635 -0.110078
vt 1.009645 -0.156621
vt 0.968656 -0.113265
vt 0.930287 -0.074946
vt 0.874307 -0.063856
vt 0.894014 -0.040854
vt 0.855523 -0.086906
vt 0.160682 0.242904
vt 0.169401 0.265582
vt 0.225550 0.249207
vt 0.216291 0.224310
vt 0.276261 0.232552
vt 0.266143 0.206032
vt 0.175659 0.289137
vt 0.233623 0.274802
vt 0.285726 0.259719
vt 0.294561 0.287560
vt 0.240956 0.301087
vt 0.181120 0.313450
vt 0.493257 0.104817
vt 0.508447 0.134372
vt 0.540518 0.118197
vt 0.524733 0.088682
vt 0.571734 0.101792
vt 0.555427 0.072411
vt 0.523643 0.164601
vt 0.556414 0.148346
vt 0.588256 0.131755
vt 0.605056 0.162416
vt 0.572469 0.179255
vt 0.538880 0.195633
vt 0.737014 -0.037276
vt 0.755089 -0.010804
vt 0.787187 -0.033892
vt 0.769049 -0.059440
vt 0.820544 -0.059117
vt 0.802457 -0.083571
vt 0.773900 0.015807
vt 0.806128 -0.008291
vt 0.839488 -0.034696
vt 0.859349 -0.010236
vt 0.825961 0.017436
vt 0.793557 0.042629
vt 0.398592 0.289054
vt 0.409075 0.320691
vt 0.452930 0.306786
vt 0.441094 0.274451
vt 0.493912 0.292060
vt 0.480808 0.259282
vt 0.419106 0.353434
vt 0.464479 0.340251
vt 0.506892 0.325974
vt 0.352705 0.302994
vt 0.518328 0.243640
vt 0.532633 0.276623
vt 0.546975 0.310732
vt 0.519764 0.361143
vt 0.561395 0.346061
vt 0.475728 0.374989
vt 0.428649 0.387448
vt 0.370144 0.365399
vt 0.377892 0.398365
vt 0.361732 0.333665
vt 0.686957 0.157275
vt 0.706295 0.188493
vt 0.738813 0.167954
vt 0.718727 0.137491
vt 0.771103 0.146036
vt 0.750376 0.116452
vt 0.726386 0.220542
vt 0.759772 0.199148
vt 0.792808 0.176243
vt 0.654854 0.176010
vt 0.782116 0.093951
vt 0.803369 0.122529
vt 0.825686 0.151613
vt 0.815568 0.207152
vt 0.849149 0.181270
vt 0.781679 0.231162
vt 0.747305 0.253514
vt 0.692460 0.240641
vt 0.712271 0.274426
vt 0.673346 0.207866
vt 0.950511 -0.053661
vt 0.971747 -0.032471
vt 1.008227 -0.074452
vt 0.987983 -0.093753
vt 1.045958 -0.121242
vt 1.027426 -0.138760
vt 0.994152 -0.011459
vt 1.029815 -0.055813
vt 1.066396 -0.105481
vt 0.914685 -0.017840
vt 1.069161 -0.189325
vt 1.085035 -0.173326
vt 1.103977 -0.161098
vt 1.088048 -0.090013
vt 1.124170 -0.149093
vt 1.052627 -0.037433
vt 1.017814 0.009396
vt 0.959324 0.028212
vt 0.983517 0.051223
vt 0.936418 0.005186
vt 0.187442 0.338313
vt 0.192788 0.363786
vt 0.254171 0.355752
vt 0.247997 0.328038
vt 0.310292 0.345519
vt 0.302788 0.316117
vt 0.195349 0.390025
vt 0.258912 0.384370
vt 0.316961 0.375920
vt 0.120229 0.346501
vt 0.322813 0.407476
vt 0.262723 0.414067
vt 0.196924 0.417314
vt 0.125626 0.392160
vt 0.124719 0.416388
vt 0.125562 0.369043
vt 0.554197 0.227587
vt 0.569649 0.260555
vt 0.605271 0.243798
vt 0.588733 0.211042
vt 0.639752 0.226265
vt 0.622197 0.193888
vt 0.585292 0.294619
vt 0.622151 0.277607
vt 0.657793 0.259634
vt 0.676391 0.294083
vt 0.639441 0.312551
vt 0.601187 0.329865
vt 0.814165 0.069732
vt 0.835816 0.097170
vt 0.868661 0.069499
vt 0.846773 0.043354
vt 0.902122 0.039008
vt 0.880195 0.014326
vt 0.858595 0.124991
vt 0.891718 0.095901
vt 0.925234 0.063817
vt 0.949637 0.088762
vt 0.916041 0.122589
vt 0.882592 0.153244
vt 1.113174 -0.244973
vt 1.124186 -0.228901
vt 1.154247 -0.273322
vt 1.158548 -0.300815
vt 1.204891 -0.350284
vt 1.177144 -0.286641
vt 1.141982 -0.222481
vt 1.242085 -0.372005
vt 1.199626 -0.288304
vt 1.161178 -0.215242
vt -0.098405 0.369386
vt -0.026333 0.383018
vt -0.001461 0.371275
vt -0.028252 0.358970
vt 0.046690 0.352629
vt 0.054741 0.371221
vt 0.050209 0.390094
vt -0.138952 0.388312
vt -0.040797 0.401321
vt 0.045523 0.410791
vt 0.199292 0.445832
vt 0.200565 0.475219
vt 0.268420 0.477087
vt 0.266097 0.444986
vt 0.331974 0.474595
vt 0.327863 0.440334
vt 0.198832 0.505214
vt 0.269064 0.510358
vt 0.335004 0.510355
vt 0.127115 0.442027
vt 0.384925 0.432725
vt 0.391184 0.468623
vt 0.396612 0.506197
vt 0.336942 0.547748
vt 0.401150 0.545585
vt 0.268464 0.545071
vt 0.195763 0.536519
vt 0.124346 0.493934
vt 0.118886 0.521057
vt 0.128455 0.468112
vt 0.617387 0.366399
vt 0.633937 0.404433
vt 0.675526 0.386374
vt 0.657209 0.348738
vt 0.715589 0.366747
vt 0.695625 0.329722
vt 0.650879 0.444199
vt 0.694462 0.425690
vt 0.736385 0.405379
vt 0.575929 0.382725
vt 0.732862 0.309332
vt 0.754352 0.345542
vt 0.776869 0.383260
vt 0.758111 0.445836
vt 0.800541 0.422688
vt 0.714087 0.466915
vt 0.668253 0.485931
vt 0.605413 0.460912
vt 0.620392 0.502894
vt 0.590597 0.420932
vt 0.907910 0.181983
vt 0.934728 0.211273
vt 0.968995 0.176954
vt 0.941742 0.149593
vt 1.002831 0.139097
vt 0.975446 0.113851
vt 0.963241 0.241187
vt 0.997993 0.204712
vt 1.031974 0.164513
vt 0.873857 0.211571
vt 1.009117 0.074207
vt 1.036281 0.097150
vt 1.065176 0.120042
vt 1.063058 0.190113
vt 1.095967 0.142869
vt 1.028929 0.232909
vt 0.993645 0.271794
vt 0.927725 0.274490
vt 0.957271 0.307308
vt 0.899984 0.242611
vt 1.176891 -0.199660
vt 1.192232 -0.184561
vt 1.212871 -0.236102
vt 1.210547 -0.265543
vt 1.246277 -0.324795
vt 1.233503 -0.253841
vt 1.212527 -0.180759
vt 1.143606 -0.133896
vt 1.163881 -0.119433
vt 1.279728 -0.353773
vt 1.256921 -0.259478
vt 1.211359 -0.100127
vt 1.234829 -0.176447
vt 1.186796 -0.109513
vt -0.099805 0.420202
vt -0.029936 0.451350
vt -0.002473 0.443810
vt -0.027074 0.424321
vt 0.050233 0.433586
vt 0.054790 0.455879
vt 0.046597 0.475873
vt -0.144590 0.432181
vt -0.048324 0.468605
vt 0.037739 0.498067
vt 0.437665 0.422896
vt 0.446113 0.459945
vt 0.497257 0.448929
vt 0.486661 0.411154
vt 0.545217 0.435837
vt 0.532541 0.397697
vt 0.453952 0.498764
vt 0.507487 0.488510
vt 0.557786 0.475778
vt 0.570240 0.517735
vt 0.517328 0.530090
vt 0.461138 0.539520
vt 0.769139 0.287517
vt 0.792026 0.322717
vt 0.828764 0.298093
vt 0.804624 0.264095
vt 0.864704 0.271461
vt 0.839478 0.238851
vt 0.816120 0.359295
vt 0.854269 0.333312
vt 0.891432 0.305111
vt 0.919847 0.339931
vt 0.881310 0.369909
vt 0.841571 0.397431
vt 1.042822 0.030117
vt 1.069340 0.050609
vt 1.101798 -0.000832
vt 1.076518 -0.018928
vt 1.133398 -0.057427
vt 1.110136 -0.073431
vt 1.097539 0.070779
vt 1.128804 0.016336
vt 1.158660 -0.043642
vt 1.185567 -0.030419
vt 1.157523 0.033035
vt 1.127549 0.090657
vt 0.686107 0.529914
vt 0.704513 0.576626
vt 0.755788 0.556380
vt 0.734485 0.510325
vt 0.804905 0.533418
vt 0.780888 0.488377
vt 0.723552 0.626595
vt 0.778143 0.605585
vt 0.830373 0.581415
vt 0.635550 0.547154
vt 0.825519 0.464059
vt 0.852045 0.507735
vt 0.880385 0.554110
vt 0.857500 0.632824
vt 0.910804 0.603578
vt 0.801695 0.658444
vt 0.743301 0.680349
vt 0.666455 0.644421
vt 0.682233 0.698452
vt 0.650899 0.594159
vt 1.026163 0.303167
vt 1.061126 0.335377
vt 1.097576 0.290753
vt 1.062017 0.261583
vt 1.131946 0.241853
vt 1.096284 0.215903
vt 1.098894 0.368500
vt 1.135944 0.320435
vt 1.170354 0.267930
vt 0.988847 0.341173
vt 1.128838 0.165609
vt 1.164047 0.188194
vt 1.201867 0.210546
vt 1.211822 0.294096
vt 1.242573 0.232585
vt 1.177464 0.350645
vt 1.139822 0.402608
vt 1.059456 0.412564
vt 1.099219 0.450362
vt 1.022787 0.376213
vt 1.255988 -0.162980
vt 1.276887 -0.150050
vt 1.285622 -0.207822
vt 1.274947 -0.237910
vt 1.297449 -0.305935
vt 1.303385 -0.230182
vt 1.300315 -0.149875
vt 1.236348 -0.087381
vt 1.262406 -0.075658
vt 1.326116 -0.342536
vt 1.327815 -0.240771
vt 1.320546 -0.063963
vt 1.326407 -0.149777
vt 1.290440 -0.069268
vt -0.112625 0.477000
vt -0.049066 0.527902
vt -0.019104 0.525236
vt -0.039616 0.497647
vt 0.037636 0.524934
vt 0.037231 0.551392
vt 0.024111 0.572599
vt -0.161485 0.480915
vt -0.072484 0.543782
vt 0.116205 0.550771
vt 0.112061 0.581001
vt 0.090073 0.640304
vt 0.102124 0.609953
vt 0.009373 0.596350
vt 0.467613 0.582394
vt 0.473259 0.627631
vt 0.535646 0.620246
vt 0.526742 0.573891
vt 0.594728 0.608876
vt 0.582567 0.561963
vt 0.477940 0.675485
vt 0.543947 0.669514
vt 0.606681 0.658924
vt 0.404721 0.586931
vt 0.618381 0.712560
vt 0.551551 0.722055
vt 0.481522 0.726216
vt 0.408352 0.676135
vt 0.408079 0.724319
vt 0.407178 0.630393
vt 0.868558 0.437333
vt 0.897364 0.479303
vt 0.940912 0.448003
vt 0.910087 0.408057
vt 0.982712 0.413687
vt 0.950164 0.376060
vt 0.928298 0.523671
vt 0.974124 0.490010
vt 1.017848 0.453011
vt 1.055933 0.494232
vt 1.010065 0.534342
vt 0.961670 0.570766
vt 1.159506 0.110258
vt 1.193634 0.129417
vt 1.220239 0.065667
vt 1.187922 0.049695
vt 1.243338 -0.002782
vt 1.213673 -0.016158
vt 1.230175 0.147959
vt 1.254756 0.080298
vt 1.275036 0.007808
vt 1.308900 0.017320
vt 1.291651 0.094003
vt 1.269356 0.165840
vt 0.193036 0.569716
vt 0.188750 0.603950
vt 0.264112 0.619316
vt 0.267043 0.581459
vt 0.337228 0.627872
vt 0.337761 0.586899
vt 0.180961 0.638485
vt 0.258956 0.658464
vt 0.335092 0.670734
vt 0.331225 0.715620
vt 0.251859 0.699288
vt 0.171102 0.674467
vt -0.141955 0.539627
vt -0.091072 0.612463
vt -0.058607 0.615761
vt -0.071861 0.579284
vt 0.001867 0.627545
vt -0.006244 0.658346
vt -0.026478 0.680456
vt -0.194794 0.533320
vt -0.121156 0.625867
vt 0.079684 0.674440
vt 0.067110 0.709111
vt 0.026182 0.775234
vt 0.048322 0.741384
vt -0.049742 0.705299
vt 0.483818 0.780162
vt 0.484432 0.837998
vt 0.563994 0.838918
vt 0.558327 0.778295
vt 0.640698 0.832746
vt 0.629767 0.770278
vt 0.482918 0.900478
vt 0.568235 0.904674
vt 0.651016 0.900673
vt 0.406132 0.775199
vt 0.698246 0.756791
vt 0.714502 0.820077
vt 0.731009 0.888974
vt 0.660563 0.974769
vt 0.747776 0.964146
vt 0.570732 0.976314
vt 0.478829 0.968360
vt 0.395314 0.887583
vt 0.385401 0.950488
vt 0.402051 0.829387
vt 0.997833 0.620939
vt 1.037330 0.674630
vt 1.091895 0.631172
vt 1.049124 0.581280
vt 1.142805 0.583227
vt 1.097378 0.537556
vt 1.080747 0.732304
vt 1.139022 0.684383
vt 1.192891 0.631497
vt 0.943607 0.656557
vt 1.142493 0.489742
vt 1.189906 0.530836
vt 1.242139 0.573777
vt 1.248312 0.682616
vt 1.299873 0.618697
vt 1.191149 0.741278
vt 1.128671 0.794423
vt 1.018280 0.775127
vt 1.061167 0.841796
vt 0.979263 0.713560
vt 1.311421 0.182989
vt 1.356684 0.199077
vt 1.373191 0.118951
vt 1.331078 0.107164
vt 1.383052 0.035944
vt 1.344944 0.027416
vt 1.405486 0.213748
vt 1.418196 0.128507
vt 1.423246 0.040740
vt 1.286468 0.254206
vt 1.352524 -0.055572
vt 1.385831 -0.048806
vt 1.420239 -0.048370
vt 1.466230 0.043391
vt 1.457136 -0.050074
vt 1.466499 0.136090
vt 1.458190 0.226784
vt 1.385515 0.295280
vt 1.441553 0.314237
vt 1.333968 0.275186
vt 0.160622 0.712950
vt 0.147663 0.752715
vt 0.231737 0.787084
vt 0.243077 0.742188
vt 0.317233 0.812537
vt 0.325447 0.762742
vt 0.130261 0.792703
vt 0.216905 0.833991
vt 0.306004 0.865526
vt 0.291286 0.922338
vt 0.198503 0.883787
vt 0.109364 0.834773
vt 0.763854 0.738433
vt 0.785357 0.801465
vt 0.853170 0.777286
vt 0.826614 0.715479
vt 0.917840 0.747874
vt 0.886530 0.688123
vt 0.807970 0.870077
vt 0.881658 0.844476
vt 0.951840 0.812662
vt 0.988942 0.883071
vt 0.912373 0.917660
vt 0.831853 0.944903
vt 1.184322 0.437767
vt 1.232997 0.474000
vt 1.271672 0.412571
vt 1.222520 0.381382
vt 1.305480 0.346362
vt 1.256699 0.320293
vt 1.286503 0.511325
vt 1.325526 0.444123
vt 1.358698 0.372124
vt 1.416885 0.397396
vt 1.384685 0.475946
vt 1.345498 0.549757
vt 1.354209 -0.140328
vt 1.381858 -0.131662
vt 1.375357 -0.194111
vt 1.354434 -0.222635
vt 1.360222 -0.297876
vt 1.389243 -0.221556
vt 1.408934 -0.137044
vt 1.382232 -0.342939
vt 1.414369 -0.238965
vt 1.439330 -0.143645
vt 1.181821 0.861565
vt 1.241438 0.934756
vt 1.314112 0.868168
vt 1.249062 0.802294
vt 1.379006 0.794700
vt 1.309888 0.736873
vt 1.308897 1.015137
vt 1.387792 0.939706
vt 1.457195 0.856565
vt 1.108542 0.914255
vt 1.363921 0.665731
vt 1.435636 0.715020
vt 1.516501 0.766708
vt 1.545987 0.922936
vt 1.608001 0.820938
vt 1.471595 1.017718
vt 1.385568 1.103848
vt 1.221111 1.081862
vt 1.288649 1.179893
vt 1.161466 0.993796
vt 1.515178 0.237900
vt 1.576869 0.246405
vt 1.574100 0.144792
vt 1.518466 0.141897
vt 1.561434 0.044534
vt 1.512550 0.045444
vt 1.643710 0.251540
vt 1.633449 0.143569
vt 1.612260 0.038221
vt 1.502571 0.331740
vt 1.497542 -0.049750
vt 1.539382 -0.052192
vt 1.580939 -0.062306
vt 1.666317 0.027665
vt 1.625032 -0.076457
vt 1.697132 0.138090
vt 1.716217 0.252680
vt 1.642242 0.359934
vt 1.722309 0.369296
vt 1.569232 0.347194
vt 0.085932 0.880599
vt 0.058073 0.928205
vt 0.149334 0.994060
vt 0.176395 0.937271
vt 0.248631 1.049649
vt 0.272511 0.983579
vt 0.023700 0.975706
vt 0.115946 1.053774
vt 0.218497 1.120932
vt 0.003708 0.814268
vt 0.371693 1.018819
vt 0.353178 1.093350
vt 0.328745 1.174871
vt 0.181032 1.197963
vt 0.297282 1.264172
vt 0.075467 1.117217
vt -0.017227 1.025214
vt -0.055635 0.889038
vt -0.094864 0.925235
vt -0.022361 0.853706
vt 0.857173 1.026796
vt 0.884122 1.117478
vt 0.982012 1.086127
vt 0.945652 0.997658
vt 1.074735 1.044567
vt 1.029636 0.959871
vt 0.912899 1.218890
vt 1.022012 1.184929
vt 1.125131 1.138850
vt 0.764781 1.046463
vt 1.181720 1.244409
vt 1.066214 1.295928
vt 0.943704 1.332975
vt 0.798937 1.239525
vt 0.815760 1.354074
vt 0.781890 1.137622
vt 1.410753 0.589284
vt 1.483511 0.629790
vt 1.522097 0.539652
vt 1.449849 0.507900
vt 1.550852 0.445241
vt 1.480644 0.421934
vt 1.565129 0.671129
vt 1.602600 0.570816
vt 1.628456 0.466756
vt 1.714405 0.485918
vt 1.692531 0.601011
vt 1.656968 0.713156
vt 1.474758 -0.141737
vt 1.509976 -0.141161
vt 1.483760 -0.205228
vt 1.450769 -0.228247
vt 1.434888 -0.308104
vt 1.491755 -0.238582
vt 1.540455 -0.155583
vt 1.443152 -0.364456
vt 1.514917 -0.266318
vt 1.574391 -0.173271
vt -0.195358 0.604737
vt -0.166856 0.700828
vt -0.131807 0.712557
vt -0.133034 0.667159
vt -0.068502 0.740436
vt -0.088551 0.774951
vt -0.119676 0.796395
vt -0.251486 0.579334
vt -0.206493 0.707156
vt -0.156542 0.819646
vt 0.471627 1.042464
vt 0.460402 1.123866
vt 0.568591 1.141199
vt 0.571087 1.054706
vt 0.676252 1.145675
vt 0.669123 1.055915
vt 0.444153 1.213707
vt 0.562453 1.237262
vt 0.681447 1.245785
vt 0.684208 1.357979
vt 0.551884 1.344363
vt 0.421879 1.313127
vt -0.064706 1.078490
vt -0.120624 1.131889
vt -0.029122 1.256676
vt 0.027296 1.185112
vt 0.079307 1.373093
vt 0.135110 1.281504
vt -0.186812 1.181620
vt -0.093508 1.330735
vt 0.012527 1.474158
vt -0.138786 0.966569
vt 0.257407 1.362354
vt 0.206648 1.471770
vt 0.140672 1.596683
vt -0.063128 1.583317
vt 0.036034 1.760583
vt -0.162289 1.406050
vt -0.261450 1.228784
vt -0.257279 1.032410
vt -0.360611 1.051518
vt -0.190949 1.005027
vt 0.976709 1.461438
vt 1.011988 1.605044
vt 1.168525 1.557888
vt 1.115060 1.420477
vt 1.316879 1.493228
vt 1.245372 1.362573
vt 1.049500 1.763872
vt 1.226118 1.706189
vt 1.396748 1.635576
vt 0.832353 1.483192
vt 1.365262 1.289216
vt 1.452179 1.410697
vt 1.551808 1.546286
vt 1.483266 1.786333
vt 1.680583 1.712343
vt 1.285949 1.860322
vt 1.088632 1.934312
vt 0.867741 1.795065
vt 0.891315 2.008302
vt 0.849342 1.628884
vt 1.760231 0.755819
vt 1.875499 0.799425
vt 1.902977 0.657620
vt 1.792763 0.629935
vt 1.914462 0.515050
vt 1.809563 0.502181
vt 2.002836 0.844333
vt 2.021875 0.684255
vt 2.029236 0.524163
vt 1.711611 0.877856
vt 1.810310 0.374606
vt 1.907796 0.375167
vt 2.017708 0.369700
vt 2.151546 0.530194
vt 2.157637 0.350061
vt 2.145455 0.710328
vt 2.139364 0.890461
vt 1.962405 1.000620
vt 2.133273 1.070595
vt 1.828773 0.937609
vt 1.616321 -0.185380
vt 1.656044 -0.201922
vt 1.600931 -0.261961
vt 1.558065 -0.270782
vt 1.503725 -0.354964
vt 1.589452 -0.307438
vt 1.681947 -0.237798
vt 1.674028 -0.091196
vt 1.723969 -0.112366
vt 1.445736 -0.445846
vt 1.573976 -0.365785
vt 1.830456 -0.205664
vt 1.702216 -0.285725
vt 1.771910 -0.147190
vt -0.282008 0.644069
vt -0.293926 0.756051
vt -0.257968 0.794227
vt -0.238303 0.746883
vt -0.194293 0.854306
vt -0.235993 0.884049
vt -0.288442 0.888181
vt -0.328626 0.533732
vt -0.339288 0.706327
vt -0.349950 0.878923
vt 0.392471 1.423235
vt 0.354380 1.545014
vt 0.515726 1.594917
vt 0.536274 1.463641
vt 0.682524 1.624269
vt 0.684295 1.483832
vt 0.306294 1.679006
vt 0.490864 1.736808
vt 0.679975 1.779595
vt 0.677494 1.946372
vt 0.463674 1.884443
vt 0.249854 1.822513
vt 1.472600 1.201882
vt 1.570231 1.309633
vt 1.672334 1.194363
vt 1.566613 1.102757
vt 1.759837 1.069725
vt 1.646704 0.994114
vt 1.678172 1.427078
vt 1.787184 1.291453
vt 1.885307 1.149132
vt 2.020101 1.231032
vt 1.906929 1.391469
vt 1.793756 1.551906
vt 1.795012 0.249290
vt 1.881060 0.241066
vt 1.838717 0.113811
vt 1.765681 0.128350
vt 1.785889 -0.005344
vt 1.724710 0.014000
vt 1.975154 0.227940
vt 1.915411 0.094372
vt 1.848282 -0.032926
vt 1.912251 -0.066733
vt 1.994046 0.072199
vt 2.075842 0.211130
vt 0.375930 -1.934259
vt 0.367078 -1.782108
vt 0.528419 -1.747936
vt 0.557580 -1.886145
vt 0.683609 -1.694625
vt 0.734190 -1.824065
vt 0.359935 -1.644254
vt 0.503892 -1.619934
vt 0.642925 -1.576735
vt 0.181803 -2.164732
vt 0.193579 -1.956982
vt 0.385523 -2.097297
vt 0.589243 -2.029862
vt 0.792963 -1.962426
vt 0.892217 -1.739203
vt 0.996682 -1.894991
vt 0.825157 -1.619485
vt 0.772962 -1.514238
vt 0.610975 -1.470028
vt 0.731532 -1.419606
vt 0.484660 -1.503597
vt 0.355400 -1.520626
vt 0.214761 -1.649306
vt 0.226004 -1.521428
vt 0.204129 -1.793353
vt 1.296272 -1.041102
vt 1.245101 -1.037998
vt 1.265166 -0.949927
vt 1.299667 -0.912010
vt 1.286423 -0.802871
vt 1.245279 -0.904061
vt 1.203970 -1.009743
vt 1.368859 -1.199388
vt 1.268202 -1.182318
vt 1.356018 -1.031018
vt 1.343177 -0.862648
vt 1.203142 -1.156816
vt 1.330336 -0.694277
vt 1.255687 -0.740189
vt 1.213632 -0.865849
vt 1.108043 -1.080913
vt 1.166570 -0.976635
vt 1.151624 -1.120330
vt -0.508869 0.183269
vt -0.564036 0.096067
vt -0.608339 0.086402
vt -0.597111 0.133322
vt -0.691997 0.060443
vt -0.664531 0.023818
vt -0.623121 0.007402
vt -0.446230 0.193821
vt -0.449937 0.277319
vt -0.581910 0.193501
vt -0.519300 0.092104
vt -0.845856 0.025865
vt -0.713883 0.109683
vt -0.783685 -0.034454
vt -0.733342 -0.069660
vt -0.630491 -0.104730
vt -0.681311 -0.090541
vt -0.579582 -0.004348
vt -1.030674 -0.735998
vt -0.912858 -0.722289
vt -0.895039 -0.868595
vt -1.015819 -0.900799
vt -0.860541 -1.013163
vt -0.988743 -1.064865
vt -0.805622 -0.705172
vt -0.783261 -0.835818
vt -0.744573 -0.963647
vt -1.171812 -0.561031
vt -1.025056 -0.576180
vt -1.156634 -0.746865
vt -1.141456 -0.932699
vt -1.126278 -1.118532
vt -0.939846 -1.223268
vt -1.111100 -1.304366
vt -0.806408 -1.152588
vt -0.689559 -1.086457
vt -0.640736 -0.915821
vt -0.586235 -1.024019
vt -0.681771 -0.802321
vt -0.708691 -0.685051
vt -0.810940 -0.573941
vt -0.720847 -0.565543
vt -0.911239 -0.577899
vt -0.336757 -1.831871
vt -0.264069 -1.685953
vt -0.113830 -1.740857
vt -0.164154 -1.890553
vt 0.043072 -1.778193
vt 0.013279 -1.936255
vt -0.198731 -1.552276
vt -0.066821 -1.602062
vt 0.071728 -1.634851
vt -0.614352 -1.927442
vt -0.495661 -1.752826
vt -0.415313 -1.986765
vt -0.216274 -2.046087
vt -0.017235 -2.105410
vt 0.099086 -1.506382
vt -0.023543 -1.476130
vt -0.140267 -1.431379
vt -0.321571 -1.486052
vt -0.249473 -1.372835
vt -0.402930 -1.611885
vt 1.013944 -1.617053
vt 0.946790 -1.520517
vt 1.050024 -1.404973
vt 1.114261 -1.475529
vt 1.136826 -1.281719
vt 1.202252 -1.328812
vt 0.890355 -1.432792
vt 0.993542 -1.336636
vt 1.081293 -1.230892
vt 1.089727 -1.721090
vt 1.182771 -1.547190
vt 1.275815 -1.373289
vt 1.033959 -1.180031
vt 0.945142 -1.271672
vt 0.843649 -1.352607
vt -0.860410 -0.154449
vt -0.795324 -0.181517
vt -0.847298 -0.306009
vt -0.926985 -0.288174
vt -0.887790 -0.438678
vt -0.985446 -0.428256
vt -0.731781 -0.200014
vt -0.771674 -0.318918
vt -0.798921 -0.444394
vt -0.927345 -0.120859
vt -1.008834 -0.267583
vt -1.090323 -0.414307
vt -0.717926 -0.445469
vt -0.700972 -0.327060
vt -0.671366 -0.212690
vt -0.853758 -1.370429
vt -0.729935 -1.283946
vt -0.635118 -1.406000
vt -0.746585 -1.509342
vt -0.526353 -1.517050
vt -0.628986 -1.640352
vt -0.618356 -1.202107
vt -0.532363 -1.308659
vt -0.433129 -1.404119
vt -0.986913 -1.460135
vt -0.862726 -1.615904
vt -0.738539 -1.771673
vt -0.349663 -1.301351
vt -0.439801 -1.218344
vt -0.518965 -1.125380
vt -0.437068 0.136138
vt -0.452642 0.054023
vt -0.486432 0.029926
vt -0.495041 0.064004
vt -0.544336 -0.021918
vt -0.512762 -0.036194
vt -0.476488 -0.035039
vt -0.383064 0.172582
vt -0.415216 0.065526
vt -0.584872 -0.118386
vt -0.542001 -0.127970
vt -0.457435 -0.128698
vt -0.498963 -0.129721
vt -0.440026 -0.032542
vt -0.621387 -0.662439
vt -0.542764 -0.637868
vt -0.509620 -0.733350
vt -0.590851 -0.768069
vt -0.466466 -0.823917
vt -0.548417 -0.869236
vt -0.471811 -0.611878
vt -0.436906 -0.698528
vt -0.393595 -0.780009
vt -0.639185 -0.553390
vt -0.494924 -0.964891
vt -0.414246 -0.908906
vt -0.342856 -0.855954
vt -0.328518 -0.737659
vt -0.279407 -0.805926
vt -0.371538 -0.663972
vt -0.407517 -0.585008
vt -0.497328 -0.520427
vt -0.435507 -0.500911
vt -0.564950 -0.538136
vt -0.087969 -1.323166
vt -0.041128 -1.226418
vt 0.052015 -1.263729
vt 0.015960 -1.363763
vt 0.149736 -1.290878
vt 0.125065 -1.392254
vt 0.000968 -1.139630
vt 0.085044 -1.174307
vt 0.173204 -1.200401
vt -0.185586 -1.271068
vt 0.238210 -1.408031
vt 0.251272 -1.307283
vt 0.264973 -1.217318
vt 0.195576 -1.118972
vt 0.279094 -1.136268
vt 0.115471 -1.093777
vt 0.039031 -1.061299
vt -0.078551 -1.096965
vt -0.033488 -1.022152
vt -0.128931 -1.179524
vt 0.805343 -1.278567
vt 0.774322 -1.209895
vt 0.870506 -1.153456
vt 0.904332 -1.210861
vt 0.958586 -1.087118
vt 0.993064 -1.132695
vt 0.749505 -1.146005
vt 0.842891 -1.098616
vt 0.930447 -1.041189
vt 0.698549 -1.333469
vt 1.069090 -1.046410
vt 1.035945 -1.012592
vt 1.009756 -0.974550
vt 0.906623 -0.996739
vt 0.987057 -0.936722
vt 0.820130 -1.046671
vt 0.729737 -1.086455
vt 0.652708 -1.182525
vt 0.637601 -1.116025
vt 0.672649 -1.254724
vt -0.615632 -0.222294
vt -0.563391 -0.227664
vt -0.574765 -0.330824
vt -0.635544 -0.331030
vt -0.575494 -0.435098
vt -0.643698 -0.442196
vt -0.513256 -0.227591
vt -0.517910 -0.326562
vt -0.512681 -0.424789
vt -0.454697 -0.412021
vt -0.464829 -0.319469
vt -0.465782 -0.224585
vt -0.431188 -1.053982
vt -0.353835 -0.987648
vt -0.285810 -1.059459
vt -0.357924 -1.135431
vt -0.210673 -1.123647
vt -0.275826 -1.208154
vt -0.285565 -0.925994
vt -0.222182 -0.989757
vt -0.153059 -1.046871
vt -0.101834 -0.976869
vt -0.165764 -0.925656
vt -0.225036 -0.868634
vt 0.354102 -1.410512
vt 0.355742 -1.312378
vt 0.461782 -1.305650
vt 0.470832 -1.399217
vt 0.567912 -1.286598
vt 0.586336 -1.373688
vt 0.359785 -1.224481
vt 0.456699 -1.221391
vt 0.554685 -1.207566
vt 0.545637 -1.135400
vt 0.454774 -1.144938
vt 0.365698 -1.145081
vt 1.130168 -0.954644
vt 1.099378 -0.934286
vt 1.140696 -0.872487
vt 1.174795 -0.860389
vt 1.201197 -0.765982
vt 1.141183 -0.828082
vt 1.079198 -0.900911
vt 1.199551 -0.696155
vt 1.128901 -0.787876
vt 1.060246 -0.866834
vt 0.713975 -1.030825
vt 0.701693 -0.978628
vt 0.785406 -0.951849
vt 0.801006 -0.997979
vt 0.867407 -0.916499
vt 0.885296 -0.955704
vt 0.692467 -0.929385
vt 0.773288 -0.907541
vt 0.853889 -0.877382
vt 0.626314 -1.054424
vt 0.964736 -0.903818
vt 0.945710 -0.872308
vt 0.932743 -0.838313
vt 0.842872 -0.839504
vt 0.921957 -0.804817
vt 0.763781 -0.865175
vt 0.685769 -0.882726
vt 0.612955 -0.943507
vt 0.609924 -0.893056
vt 0.618258 -0.997107
vt -0.421691 -0.221079
vt -0.380456 -0.215482
vt -0.369414 -0.300055
vt -0.415446 -0.310702
vt -0.351327 -0.381449
vt -0.401034 -0.397479
vt -0.341404 -0.206157
vt -0.326367 -0.287264
vt -0.305252 -0.364153
vt -0.419482 -0.129852
vt -0.378741 -0.480165
vt -0.326544 -0.458500
vt -0.278494 -0.436154
vt -0.262511 -0.345955
vt -0.234172 -0.413368
vt -0.286138 -0.273209
vt -0.304530 -0.195329
vt -0.349926 -0.121505
vt -0.317167 -0.112516
vt -0.384103 -0.128893
vt -0.170988 -0.815179
vt -0.122495 -0.765226
vt -0.070100 -0.811749
vt -0.115362 -0.866507
vt -0.014557 -0.853762
vt -0.055927 -0.912735
vt -0.078714 -0.718366
vt -0.029182 -0.760843
vt 0.022980 -0.799296
vt -0.222638 -0.758685
vt 0.007153 -0.953927
vt 0.044019 -0.891462
vt 0.077692 -0.834010
vt 0.057391 -0.748684
vt 0.108756 -0.780825
vt 0.008186 -0.713247
vt -0.038804 -0.674192
vt -0.125534 -0.671583
vt -0.083521 -0.631194
vt -0.171627 -0.713992
vt 0.373002 -1.072588
vt 0.381436 -1.006027
vt 0.457783 -1.010419
vt 0.455274 -1.074912
vt 0.536790 -1.007578
vt 0.539848 -1.068994
vt 0.390795 -0.944575
vt 0.461966 -0.950692
vt 0.536029 -0.950467
vt 0.293445 -1.062437
vt 0.537133 -0.896976
vt 0.467485 -0.894963
vt 0.400872 -0.887408
vt 0.322542 -0.932508
vt 0.337184 -0.874704
vt 0.307945 -0.994801
vt 1.037025 -0.842810
vt 1.016806 -0.821355
vt 1.067446 -0.778837
vt 1.099213 -0.775173
vt 1.147902 -0.703070
vt 1.079846 -0.742864
vt 1.008333 -0.791186
vt 1.166124 -0.645259
vt 1.079901 -0.708014
vt 1.000466 -0.760618
vt -0.359968 0.126624
vt -0.353341 0.049526
vt -0.374620 0.020035
vt -0.389165 0.048002
vt -0.408672 -0.038875
vt -0.380755 -0.044033
vt -0.352391 -0.034807
vt -0.325274 0.172817
vt -0.326133 0.068414
vt -0.323907 -0.024805
vt -0.348949 -0.557731
vt -0.295479 -0.530261
vt -0.258809 -0.596663
vt -0.312425 -0.629989
vt -0.217278 -0.657857
vt -0.270033 -0.696965
vt -0.246557 -0.502745
vt -0.210015 -0.564019
vt -0.169473 -0.620217
vt -0.125841 -0.583930
vt -0.165367 -0.532082
vt -0.201632 -0.475333
vt 0.073727 -0.990037
vt 0.105538 -0.924919
vt 0.170010 -0.953681
vt 0.143692 -1.020567
vt 0.237467 -0.977169
vt 0.216960 -1.044904
vt 0.134904 -0.865132
vt 0.194704 -0.892273
vt 0.257210 -0.914906
vt 0.276299 -0.857253
vt 0.218052 -0.835492
vt 0.162263 -0.809867
vt -0.269964 -0.185206
vt -0.237690 -0.174076
vt -0.213576 -0.243455
vt -0.248598 -0.258742
vt -0.185901 -0.307893
vt -0.222817 -0.327185
vt -0.207563 -0.160172
vt -0.180861 -0.226899
vt -0.151496 -0.288093
vt -0.286360 -0.106763
vt -0.193175 -0.390351
vt -0.155175 -0.367181
vt -0.119860 -0.343904
vt -0.119321 -0.267938
vt -0.086920 -0.320566
vt -0.150130 -0.209725
vt -0.179056 -0.145433
vt -0.231212 -0.087763
vt -0.205809 -0.074565
vt -0.257734 -0.099967
vt -0.002009 -0.632319
vt 0.032069 -0.592451
vt 0.074771 -0.626079
vt 0.042714 -0.668454
vt 0.119043 -0.656714
vt 0.089304 -0.701308
vt 0.063744 -0.554316
vt 0.104640 -0.585770
vt 0.146853 -0.614483
vt -0.044834 -0.592572
vt 0.137731 -0.731209
vt 0.164880 -0.684664
vt 0.190402 -0.640737
vt 0.172981 -0.574198
vt 0.214497 -0.598980
vt 0.132606 -0.547173
vt 0.093327 -0.517644
vt 0.024145 -0.519839
vt 0.055100 -0.485349
vt -0.009056 -0.555517
vt 0.411480 -0.833798
vt 0.422498 -0.783395
vt 0.481440 -0.793151
vt 0.474036 -0.842553
vt 0.543544 -0.798774
vt 0.539712 -0.846502
vt 0.433827 -0.735944
vt 0.489551 -0.746536
vt 0.548447 -0.753601
vt 0.351819 -0.820630
vt 0.608733 -0.845255
vt 0.609130 -0.799878
vt 0.610913 -0.756767
vt 0.554242 -0.710795
vt 0.613877 -0.715764
vt 0.498224 -0.702490
vt 0.445364 -0.691191
vt 0.380878 -0.722196
vt 0.395206 -0.677241
vt 0.366400 -0.769893
vt 0.985663 -0.737460
vt 0.972510 -0.716795
vt 1.027356 -0.690451
vt 1.056733 -0.692710
vt 1.118246 -0.642009
vt 1.047069 -0.663139
vt 0.971758 -0.690837
vt 0.909653 -0.775099
vt 0.899490 -0.746769
vt 1.148933 -0.597662
vt 1.055225 -0.634545
vt 0.892024 -0.688003
vt 0.971323 -0.664477
vt 0.895020 -0.717138
vt -0.295527 0.135518
vt -0.271886 0.065944
vt -0.282563 0.035018
vt -0.300961 0.057784
vt -0.297139 -0.024448
vt -0.273141 -0.024063
vt -0.251867 -0.010648
vt -0.277777 0.184715
vt -0.253615 0.088176
vt -0.230344 0.003285
vt -0.160191 -0.448148
vt -0.121860 -0.421215
vt -0.086241 -0.470325
vt -0.124242 -0.500864
vt -0.048559 -0.514947
vt -0.085675 -0.548878
vt -0.086303 -0.394535
vt -0.051015 -0.440413
vt -0.014149 -0.482021
vt 0.017900 -0.449983
vt -0.018218 -0.411075
vt -0.053183 -0.368108
vt 0.188004 -0.758374
vt 0.212318 -0.710148
vt 0.261557 -0.733011
vt 0.240299 -0.782565
vt 0.312837 -0.753008
vt 0.294831 -0.803433
vt 0.235348 -0.664745
vt 0.281905 -0.686426
vt 0.330330 -0.705627
vt 0.347324 -0.660936
vt 0.301422 -0.642402
vt 0.257235 -0.621723
vt 0.681117 -0.838336
vt 0.678313 -0.796005
vt 0.750379 -0.786408
vt 0.756067 -0.824933
vt 0.824410 -0.770268
vt 0.832580 -0.804152
vt 0.677198 -0.755571
vt 0.746966 -0.749182
vt 0.819735 -0.736679
vt 0.816645 -0.704102
vt 0.745110 -0.713401
vt 0.677495 -0.716941
vt 0.962413 -0.642799
vt 0.954204 -0.623258
vt 1.010135 -0.610750
vt 1.037058 -0.617833
vt 1.105050 -0.586435
vt 1.034015 -0.591322
vt 0.958467 -0.601289
vt 0.886377 -0.661432
vt 0.882097 -0.636098
vt 0.883173 -0.610405
vt -0.243262 0.155138
vt -0.206195 0.094533
vt -0.208334 0.064397
vt -0.229592 0.082501
vt -0.207573 0.007797
vt -0.186851 0.011741
vt -0.171289 0.027207
vt -0.180809 -0.064862
vt -0.157495 -0.054665
vt -0.136913 -0.039865
vt -0.022190 -0.341933
vt 0.006879 -0.316002
vt 0.041251 -0.353938
vt 0.012469 -0.382262
vt 0.076065 -0.388204
vt 0.047905 -0.418731
vt 0.034199 -0.290306
vt 0.068305 -0.326072
vt 0.102554 -0.358354
vt -0.056068 -0.297209
vt 0.084114 -0.451880
vt 0.111380 -0.419351
vt 0.137067 -0.387705
vt 0.000116 -0.250502
vt -0.027112 -0.273850
vt 0.278118 -0.580689
vt 0.298126 -0.541460
vt 0.338316 -0.560712
vt 0.320191 -0.600572
vt 0.379969 -0.578369
vt 0.363846 -0.618602
vt 0.317384 -0.503904
vt 0.355904 -0.522636
vt 0.395782 -0.540002
vt 0.237353 -0.559000
vt 0.409355 -0.634733
vt 0.423367 -0.594399
vt 0.437303 -0.555968
vt 0.279932 -0.483840
vt 0.259119 -0.520650
vt 0.678947 -0.680023
vt 0.681510 -0.644657
vt 0.744388 -0.646430
vt 0.744118 -0.679237
vt 0.811275 -0.643867
vt 0.813284 -0.673368
vt 0.685162 -0.610675
vt 0.746333 -0.614680
vt 0.812240 -0.614873
vt 0.617840 -0.676707
vt 0.628433 -0.603708
vt 0.622714 -0.639417
vt -0.151761 -0.131819
vt -0.126143 -0.117689
vt -0.093816 -0.175022
vt -0.121105 -0.192582
vt -0.060734 -0.226973
vt -0.089116 -0.247572
vt -0.102572 -0.101343
vt -0.068275 -0.156574
vt -0.034040 -0.206110
vt 0.000116 -0.250502
vt 0.121104 -0.482196
vt 0.147261 -0.447879
vt 0.183788 -0.474096
vt 0.158930 -0.509985
vt 0.221045 -0.498266
vt 0.197657 -0.535501
vt 0.171960 -0.414631
vt 0.207335 -0.439449
vt 0.243293 -0.462428
vt 0.457030 -0.648878
vt 0.468833 -0.608732
vt 0.516858 -0.621168
vt 0.507336 -0.660784
vt 0.567974 -0.631474
vt 0.560772 -0.670158
vt 0.480801 -0.570478
vt 0.526785 -0.583384
vt 0.575811 -0.594517
vt 0.345106 0.926889
vt 0.345106 0.920424
vt 0.376838 0.920400
vt 0.376838 0.926842
vt 0.345106 0.913859
vt 0.376838 0.913826
vt 0.408570 0.920424
vt 0.408570 0.926889
vt 0.408570 0.913859
vt 0.313374 0.933541
vt 0.313374 0.927009
vt 0.345106 0.933172
vt 0.313374 0.920476
vt 0.313374 0.913943
vt 0.313374 0.907410
vt 0.345106 0.907156
vt 0.376838 0.907102
vt 0.408570 0.907156
vt 0.440302 0.907410
vt 0.440302 0.913943
vt 0.440302 0.920476
vt 0.440302 0.927009
vt 0.408570 0.933172
vt 0.440302 0.933541
vt 0.376838 0.933093
vt 0.345106 0.700105
vt 0.345106 0.706670
vt 0.376838 0.706646
vt 0.376838 0.700072
vt 0.345106 0.713135
vt 0.376838 0.713088
vt 0.408570 0.706670
vt 0.408570 0.700105
vt 0.408570 0.713135
vt 0.313374 0.693656
vt 0.313374 0.700189
vt 0.345106 0.693402
vt 0.313374 0.706722
vt 0.313374 0.713255
vt 0.313374 0.719787
vt 0.345106 0.719417
vt 0.376838 0.719339
vt 0.408570 0.719417
vt 0.440302 0.719787
vt 0.440302 0.713255
vt 0.440302 0.706722
vt 0.440302 0.700189
vt 0.408570 0.693402
vt 0.440302 0.693656
vt 0.376838 0.693348
vt 0.345106 0.230346
vt 0.345106 0.223004
vt 0.376838 0.222999
vt 0.376838 0.230330
vt 0.345106 0.215642
vt 0.376838 0.215641
vt 0.408570 0.223004
vt 0.408570 0.230346
vt 0.408570 0.215642
vt 0.313374 0.237758
vt 0.313374 0.230387
vt 0.345106 0.237629
vt 0.313374 0.223015
vt 0.313374 0.215643
vt 0.313374 0.208272
vt 0.345106 0.208272
vt 0.376838 0.208272
vt 0.408570 0.208272
vt 0.440302 0.208272
vt 0.440302 0.215643
vt 0.440302 0.223015
vt 0.440302 0.230387
vt 0.408570 0.237629
vt 0.440302 0.237758
vt 0.376838 0.237601
vt 0.345106 0.950716
vt 0.345106 0.944963
vt 0.376838 0.944948
vt 0.376838 0.950714
vt 0.345106 0.939151
vt 0.376838 0.939105
vt 0.408570 0.944963
vt 0.408570 0.950716
vt 0.408570 0.939151
vt 0.313374 0.956445
vt 0.313374 0.950719
vt 0.345106 0.956445
vt 0.313374 0.944993
vt 0.313374 0.939268
vt 0.440302 0.939268
vt 0.440302 0.944993
vt 0.440302 0.950719
vt 0.408570 0.956445
vt 0.440302 0.956445
vt 0.376838 0.956445
vt 0.345106 0.672347
vt 0.345106 0.679447
vt 0.376838 0.679433
vt 0.376838 0.672330
vt 0.345106 0.686486
vt 0.376838 0.686454
vt 0.408570 0.679447
vt 0.408570 0.672347
vt 0.408570 0.686486
vt 0.313374 0.665303
vt 0.313374 0.672391
vt 0.345106 0.665173
vt 0.313374 0.679479
vt 0.313374 0.686568
vt 0.440302 0.686568
vt 0.440302 0.679479
vt 0.440302 0.672391
vt 0.408570 0.665173
vt 0.440302 0.665303
vt 0.376838 0.665145
vt 0.345106 0.258942
vt 0.345106 0.251903
vt 0.376838 0.251889
vt 0.376838 0.258910
vt 0.345106 0.244803
vt 0.376838 0.244786
vt 0.408570 0.251903
vt 0.408570 0.258942
vt 0.408570 0.244803
vt 0.313374 0.266112
vt 0.313374 0.259024
vt 0.345106 0.265857
vt 0.313374 0.251935
vt 0.313374 0.244847
vt 0.440302 0.244847
vt 0.440302 0.251935
vt 0.440302 0.259024
vt 0.408570 0.265857
vt 0.440302 0.266112
vt 0.376838 0.265803
vt 0.345106 0.332486
vt 0.345106 0.326675
vt 0.376838 0.326689
vt 0.376838 0.332532
vt 0.345106 0.320922
vt 0.376838 0.320923
vt 0.408570 0.326675
vt 0.408570 0.332486
vt 0.408570 0.320922
vt 0.313374 0.338096
vt 0.313374 0.332370
vt 0.345106 0.338465
vt 0.313374 0.326644
vt 0.313374 0.320918
vt 0.313374 0.315192
vt 0.345106 0.315192
vt 0.376838 0.315192
vt 0.408570 0.315192
vt 0.440302 0.315192
vt 0.440302 0.320918
vt 0.440302 0.326644
vt 0.440302 0.332370
vt 0.408570 0.338465
vt 0.440302 0.338096
vt 0.376838 0.338544
vt 0.345106 0.643186
vt 0.345106 0.650548
vt 0.376838 0.650543
vt 0.376838 0.643185
vt 0.345106 0.657890
vt 0.376838 0.657874
vt 0.408570 0.650548
vt 0.408570 0.643186
vt 0.408570 0.657890
vt 0.313374 0.635816
vt 0.313374 0.643187
vt 0.345106 0.635816
vt 0.313374 0.650559
vt 0.313374 0.657931
vt 0.440302 0.657931
vt 0.440302 0.650559
vt 0.440302 0.643187
vt 0.408570 0.635816
vt 0.440302 0.635816
vt 0.376838 0.635816
vt 0.345106 0.285591
vt 0.345106 0.279126
vt 0.376838 0.279102
vt 0.376838 0.285544
vt 0.345106 0.272561
vt 0.376838 0.272527
vt 0.408570 0.279126
vt 0.408570 0.285591
vt 0.408570 0.272561
vt 0.313374 0.292243
vt 0.313374 0.285710
vt 0.345106 0.291873
vt 0.313374 0.279178
vt 0.313374 0.272645
vt 0.440302 0.272645
vt 0.440302 0.279178
vt 0.440302 0.285710
vt 0.408570 0.291873
vt 0.440302 0.292243
vt 0.376838 0.291795
vt 0.345106 0.357778
vt 0.345106 0.351213
vt 0.376838 0.351237
vt 0.376838 0.357811
vt 0.345106 0.344748
vt 0.376838 0.344795
vt 0.408570 0.351213
vt 0.408570 0.357778
vt 0.408570 0.344748
vt 0.313374 0.364227
vt 0.313374 0.357694
vt 0.345106 0.364481
vt 0.313374 0.351161
vt 0.313374 0.344628
vt 0.440302 0.344628
vt 0.440302 0.351161
vt 0.440302 0.357694
vt 0.408570 0.364481
vt 0.440302 0.364227
vt 0.376838 0.364535
vt 0.345106 0.613742
vt 0.345106 0.621083
vt 0.376838 0.621088
vt 0.376838 0.613758
vt 0.345106 0.628445
vt 0.376838 0.628446
vt 0.408570 0.621083
vt 0.408570 0.613742
vt 0.408570 0.628445
vt 0.313374 0.606329
vt 0.313374 0.613701
vt 0.345106 0.606459
vt 0.313374 0.621072
vt 0.313374 0.628444
vt 0.440302 0.628444
vt 0.440302 0.621072
vt 0.440302 0.613701
vt 0.408570 0.606459
vt 0.440302 0.606329
vt 0.376838 0.606486
vt 0.345106 0.309417
vt 0.345106 0.303664
vt 0.376838 0.303650
vt 0.376838 0.309415
vt 0.345106 0.297852
vt 0.376838 0.297807
vt 0.408570 0.303664
vt 0.408570 0.309417
vt 0.408570 0.297852
vt 0.313374 0.315147
vt 0.313374 0.309421
vt 0.345106 0.315147
vt 0.313374 0.303695
vt 0.313374 0.297969
vt 0.440302 0.297969
vt 0.440302 0.303695
vt 0.440302 0.309421
vt 0.408570 0.315147
vt 0.440302 0.315147
vt 0.376838 0.315147
vt 0.345106 0.385536
vt 0.345106 0.378436
vt 0.376838 0.378450
vt 0.376838 0.385553
vt 0.345106 0.371397
vt 0.376838 0.371429
vt 0.408570 0.378436
vt 0.408570 0.385536
vt 0.408570 0.371397
vt 0.313374 0.392580
vt 0.313374 0.385492
vt 0.345106 0.392710
vt 0.313374 0.378403
vt 0.313374 0.371315
vt 0.440302 0.371315
vt 0.440302 0.378403
vt 0.440302 0.385492
vt 0.408570 0.392710
vt 0.440302 0.392580
vt 0.376838 0.392738
vt 0.345106 0.585145
vt 0.345106 0.592184
vt 0.376838 0.592199
vt 0.376838 0.585177
vt 0.345106 0.599284
vt 0.376838 0.599301
vt 0.408570 0.592184
vt 0.408570 0.585145
vt 0.408570 0.599284
vt 0.313374 0.577975
vt 0.313374 0.585064
vt 0.345106 0.578230
vt 0.313374 0.592152
vt 0.313374 0.599240
vt 0.440302 0.599240
vt 0.440302 0.592152
vt 0.440302 0.585064
vt 0.408570 0.578230
vt 0.440302 0.577975
vt 0.376838 0.578284
vt 0.345106 0.414697
vt 0.345106 0.407335
vt 0.376838 0.407339
vt 0.376838 0.414697
vt 0.345106 0.399993
vt 0.376838 0.400009
vt 0.408570 0.407335
vt 0.408570 0.414697
vt 0.408570 0.399993
vt 0.313374 0.422067
vt 0.313374 0.414696
vt 0.345106 0.422067
vt 0.313374 0.407324
vt 0.313374 0.399952
vt 0.440302 0.399952
vt 0.440302 0.407324
vt 0.440302 0.414696
vt 0.408570 0.422067
vt 0.440302 0.422067
vt 0.376838 0.422067
vt 0.345106 0.558496
vt 0.345106 0.564962
vt 0.376838 0.564985
vt 0.376838 0.558543
vt 0.345106 0.571527
vt 0.376838 0.571560
vt 0.408570 0.564962
vt 0.408570 0.558496
vt 0.408570 0.571527
vt 0.313374 0.551844
vt 0.313374 0.558377
vt 0.345106 0.552214
vt 0.313374 0.564910
vt 0.313374 0.571442
vt 0.440302 0.571442
vt 0.440302 0.564910
vt 0.440302 0.558377
vt 0.408570 0.552214
vt 0.440302 0.551844
vt 0.376838 0.552293
vt 0.345106 0.444141
vt 0.345106 0.436800
vt 0.376838 0.436795
vt 0.376838 0.444125
vt 0.345106 0.429438
vt 0.376838 0.429437
vt 0.408570 0.436800
vt 0.408570 0.444141
vt 0.408570 0.429438
vt 0.313374 0.451554
vt 0.313374 0.444182
vt 0.345106 0.451424
vt 0.313374 0.436811
vt 0.313374 0.429439
vt 0.440302 0.429439
vt 0.440302 0.436811
vt 0.440302 0.444182
vt 0.408570 0.451424
vt 0.440302 0.451554
vt 0.376838 0.451397
vt 0.345106 0.534670
vt 0.345106 0.540423
vt 0.376838 0.540437
vt 0.376838 0.534672
vt 0.345106 0.546235
vt 0.376838 0.546281
vt 0.408570 0.540423
vt 0.408570 0.534670
vt 0.408570 0.546235
vt 0.313374 0.528940
vt 0.313374 0.534666
vt 0.345106 0.528940
vt 0.313374 0.540392
vt 0.313374 0.546118
vt 0.440302 0.546118
vt 0.440302 0.540392
vt 0.440302 0.534666
vt 0.408570 0.528940
vt 0.440302 0.528940
vt 0.376838 0.528940
vt 0.345106 0.472738
vt 0.345106 0.465699
vt 0.376838 0.465684
vt 0.376838 0.472706
vt 0.345106 0.458599
vt 0.376838 0.458582
vt 0.408570 0.465699
vt 0.408570 0.472738
vt 0.408570 0.458599
vt 0.313374 0.479908
vt 0.313374 0.472819
vt 0.345106 0.479653
vt 0.313374 0.465731
vt 0.313374 0.458643
vt 0.440302 0.458643
vt 0.440302 0.465731
vt 0.440302 0.472819
vt 0.408570 0.479653
vt 0.440302 0.479908
vt 0.376838 0.479599
vt 0.345106 0.759989
vt 0.345106 0.754177
vt 0.376838 0.754191
vt 0.376838 0.760035
vt 0.345106 0.748424
vt 0.376838 0.748426
vt 0.408570 0.754177
vt 0.408570 0.759989
vt 0.408570 0.748424
vt 0.313374 0.765598
vt 0.313374 0.759872
vt 0.345106 0.765968
vt 0.313374 0.754146
vt 0.313374 0.748420
vt 0.313374 0.742694
vt 0.345106 0.742694
vt 0.376838 0.742694
vt 0.408570 0.742694
vt 0.440302 0.742694
vt 0.440302 0.748420
vt 0.440302 0.754146
vt 0.440302 0.759872
vt 0.408570 0.765968
vt 0.440302 0.765598
vt 0.376838 0.766046
vt 0.345106 0.499387
vt 0.345106 0.492921
vt 0.376838 0.492898
vt 0.376838 0.499340
vt 0.345106 0.486356
vt 0.376838 0.486323
vt 0.408570 0.492921
vt 0.408570 0.499387
vt 0.408570 0.486356
vt 0.313374 0.506039
vt 0.313374 0.499506
vt 0.345106 0.505669
vt 0.313374 0.492973
vt 0.313374 0.486441
vt 0.440302 0.486441
vt 0.440302 0.492973
vt 0.440302 0.499506
vt 0.408570 0.505669
vt 0.440302 0.506039
vt 0.376838 0.505591
vt 0.345106 0.785281
vt 0.345106 0.778716
vt 0.376838 0.778739
vt 0.376838 0.785314
vt 0.345106 0.772250
vt 0.376838 0.772297
vt 0.408570 0.778716
vt 0.408570 0.785281
vt 0.408570 0.772250
vt 0.313374 0.791729
vt 0.313374 0.785197
vt 0.345106 0.791984
vt 0.313374 0.778664
vt 0.313374 0.772131
vt 0.440302 0.772131
vt 0.440302 0.778664
vt 0.440302 0.785197
vt 0.408570 0.791984
vt 0.440302 0.791729
vt 0.376838 0.792038
vt 0.345106 0.523213
vt 0.345106 0.517460
vt 0.376838 0.517446
vt 0.376838 0.523211
vt 0.345106 0.511648
vt 0.376838 0.511602
vt 0.408570 0.517460
vt 0.408570 0.523213
vt 0.408570 0.511648
vt 0.313374 0.528943
vt 0.313374 0.523217
vt 0.345106 0.528943
vt 0.313374 0.517491
vt 0.313374 0.511765
vt 0.440302 0.511765
vt 0.440302 0.517491
vt 0.440302 0.523217
vt 0.408570 0.528943
vt 0.440302 0.528943
vt 0.376838 0.528943
vt 0.345106 0.813038
vt 0.345106 0.805938
vt 0.376838 0.805953
vt 0.376838 0.813055
vt 0.345106 0.798899
vt 0.376838 0.798931
vt 0.408570 0.805938
vt 0.408570 0.813038
vt 0.408570 0.798899
vt 0.313374 0.820083
vt 0.313374 0.812995
vt 0.345106 0.820213
vt 0.313374 0.805906
vt 0.313374 0.798818
vt 0.440302 0.798818
vt 0.440302 0.805906
vt 0.440302 0.812995
vt 0.408570 0.820213
vt 0.440302 0.820083
vt 0.376838 0.820240
vt 0.345106 0.118691
vt 0.345106 0.112879
vt 0.376838 0.112893
vt 0.376838 0.118737
vt 0.345106 0.107126
vt 0.376838 0.107128
vt 0.408570 0.112879
vt 0.408570 0.118691
vt 0.408570 0.107126
vt 0.313374 0.124300
vt 0.313374 0.118574
vt 0.345106 0.124670
vt 0.313374 0.112848
vt 0.313374 0.107122
vt 0.313374 0.101396
vt 0.345106 0.101396
vt 0.376838 0.101396
vt 0.408570 0.101396
vt 0.440302 0.101396
vt 0.440302 0.107122
vt 0.440302 0.112848
vt 0.440302 0.118574
vt 0.408570 0.124670
vt 0.440302 0.124300
vt 0.376838 0.124748
vt 0.345106 0.842199
vt 0.345106 0.834837
vt 0.376838 0.834842
vt 0.376838 0.842200
vt 0.345106 0.827496
vt 0.376838 0.827512
vt 0.408570 0.834837
vt 0.408570 0.842199
vt 0.408570 0.827496
vt 0.313374 0.849570
vt 0.313374 0.842198
vt 0.345106 0.849570
vt 0.313374 0.834826
vt 0.313374 0.827455
vt 0.440302 0.827455
vt 0.440302 0.834826
vt 0.440302 0.842198
vt 0.408570 0.849570
vt 0.440302 0.849570
vt 0.376838 0.849570
vt 0.345106 0.143982
vt 0.345106 0.137417
vt 0.376838 0.137441
vt 0.376838 0.144016
vt 0.345106 0.130952
vt 0.376838 0.130999
vt 0.408570 0.137417
vt 0.408570 0.143982
vt 0.408570 0.130952
vt 0.313374 0.150431
vt 0.313374 0.143898
vt 0.345106 0.150686
vt 0.313374 0.137365
vt 0.313374 0.130833
vt 0.440302 0.130833
vt 0.440302 0.137365
vt 0.440302 0.143898
vt 0.408570 0.150686
vt 0.440302 0.150431
vt 0.376838 0.150740
vt 0.345106 0.871644
vt 0.345106 0.864303
vt 0.376838 0.864298
vt 0.376838 0.871628
vt 0.345106 0.856940
vt 0.376838 0.856940
vt 0.408570 0.864303
vt 0.408570 0.871644
vt 0.408570 0.856940
vt 0.313374 0.879057
vt 0.313374 0.871685
vt 0.345106 0.878927
vt 0.313374 0.864313
vt 0.313374 0.856942
vt 0.440302 0.856942
vt 0.440302 0.864313
vt 0.440302 0.871685
vt 0.408570 0.878927
vt 0.440302 0.879057
vt 0.376838 0.878899
vt 0.345106 0.171740
vt 0.345106 0.164640
vt 0.376838 0.164654
vt 0.376838 0.171757
vt 0.345106 0.157601
vt 0.376838 0.157633
vt 0.408570 0.164640
vt 0.408570 0.171740
vt 0.408570 0.157601
vt 0.313374 0.178785
vt 0.313374 0.171696
vt 0.345106 0.178914
vt 0.313374 0.164608
vt 0.313374 0.157519
vt 0.440302 0.157519
vt 0.440302 0.164608
vt 0.440302 0.171696
vt 0.408570 0.178914
vt 0.440302 0.178785
vt 0.376838 0.178942
vt 0.345106 0.900240
vt 0.345106 0.893202
vt 0.376838 0.893187
vt 0.376838 0.900208
vt 0.345106 0.886102
vt 0.376838 0.886084
vt 0.408570 0.893202
vt 0.408570 0.900240
vt 0.408570 0.886102
vt 0.313374 0.900322
vt 0.313374 0.893234
vt 0.313374 0.886145
vt 0.440302 0.886145
vt 0.440302 0.893234
vt 0.440302 0.900322
vt 0.345106 0.725397
vt 0.345106 0.731208
vt 0.376838 0.731194
vt 0.376838 0.725351
vt 0.345106 0.736961
vt 0.376838 0.736960
vt 0.408570 0.731208
vt 0.408570 0.725397
vt 0.408570 0.736961
vt 0.313374 0.725513
vt 0.313374 0.731239
vt 0.313374 0.736965
vt 0.313374 0.742691
vt 0.345106 0.742691
vt 0.376838 0.742691
vt 0.408570 0.742691
vt 0.440302 0.742691
vt 0.440302 0.736965
vt 0.440302 0.731239
vt 0.440302 0.725513
vt 0.345106 0.200901
vt 0.345106 0.193539
vt 0.376838 0.193544
vt 0.376838 0.200902
vt 0.345106 0.186197
vt 0.376838 0.186213
vt 0.408570 0.193539
vt 0.408570 0.200901
vt 0.408570 0.186197
vt 0.313374 0.200900
vt 0.313374 0.193528
vt 0.313374 0.186156
vt 0.440302 0.186156
vt 0.440302 0.193528
vt 0.440302 0.200900
s 1
usemtl Material.002
f 835/1/1 838/2/2 839/3/3 836/4/4
f 836/4/4 839/3/3 840/5/5 837/6/6
f 838/2/2 841/7/7 842/8/8 839/3/3
f 839/3/3 842/8/8 843/9/9 840/5/5
f 3/10/10 141/11/11 835/1/1 120/12/12
f 120/12/12 835/1/1 836/4/4 119/13/13
f 119/13/13 836/4/4 837/6/6 118/14/14
f 118/14/14 837/6/6 142/15/15 2/16/16
f 837/6/6 840/5/5 143/17/17 142/15/15
f 840/5/5 843/9/9 144/18/18 143/17/17
f 843/9/9 130/19/19 8/20/20 144/18/18
f 842/8/8 131/21/21 130/19/19 843/9/9
f 841/7/7 132/22/22 131/21/21 842/8/8
f 139/23/23 9/24/24 132/22/22 841/7/7
f 140/25/25 139/23/23 841/7/7 838/2/2
f 141/11/11 140/25/25 838/2/2 835/1/1
f 844/26/26 847/27/27 848/28/28 845/29/29
f 845/29/29 848/28/28 849/30/30 846/31/31
f 847/27/27 850/32/32 851/33/33 848/28/28
f 848/28/28 851/33/33 852/34/34 849/30/30
f 1/35/35 147/36/36 844/26/26 720/37/37
f 720/37/37 844/26/26 845/29/29 719/38/38
f 719/38/38 845/29/29 846/31/31 718/39/39
f 718/39/39 846/31/31 736/40/40 113/41/41
f 846/31/31 849/30/30 737/42/42 736/40/40
f 849/30/30 852/34/34 738/43/43 737/42/42
f 852/34/34 124/44/44 6/45/45 738/43/43
f 851/33/33 125/46/46 124/44/44 852/34/34
f 850/32/32 126/47/47 125/46/46 851/33/33
f 145/48/48 7/49/49 126/47/47 850/32/32
f 146/50/50 145/48/48 850/32/32 847/27/27
f 147/36/36 146/50/50 847/27/27 844/26/26
f 854/51/51 859/52/52 853/53/53 855/54/54
f 856/55/55 855/54/54 853/53/53 857/56/56
f 858/57/57 857/56/56 853/53/53 859/52/52
f 112/58/58 741/59/59 854/51/51 717/60/60
f 717/60/60 854/51/51 855/54/54 716/61/61
f 741/59/59 740/62/62 859/52/52 854/51/51
f 62/63/63 715/64/64 856/55/55 730/65/65
f 730/65/65 856/55/55 857/56/56 731/66/66
f 715/64/64 716/61/61 855/54/54 856/55/55
f 5/67/67 732/68/68 858/57/57 739/69/69
f 739/69/69 858/57/57 859/52/52 740/62/62
f 732/68/68 731/66/66 857/56/56 858/57/57
f 861/70/70 866/71/71 860/72/72 862/73/73
f 863/74/74 862/73/73 860/72/72 864/75/75
f 865/76/76 864/75/75 860/72/72 866/71/71
f 61/77/77 735/78/78 861/70/70 729/79/79
f 729/79/79 861/70/70 862/73/73 728/80/80
f 735/78/78 734/81/81 866/71/71 861/70/70
f 4/82/82 727/83/83 863/74/74 148/84/84
f 148/84/84 863/74/74 864/75/75 149/85/85
f 727/83/83 728/80/80 862/73/73 863/74/74
f 11/86/86 150/87/87 865/76/76 733/88/88
f 733/88/88 865/76/76 866/71/71 734/81/81
f 150/87/87 149/89/85 864/75/75 865/76/76
f 867/90/89 870/91/90 871/92/91 868/93/92
f 868/93/92 871/92/91 872/94/93 869/95/94
f 870/91/90 873/96/95 874/97/96 871/92/91
f 871/92/91 874/97/96 875/98/97 872/94/93
f 114/99/98 744/100/99 867/90/89 723/101/100
f 723/101/100 867/90/89 868/93/92 722/102/101
f 722/102/101 868/93/92 869/95/94 721/103/102
f 721/103/102 869/95/94 141/11/11 3/10/10
f 869/95/94 872/94/93 140/25/25 141/11/11
f 872/94/93 875/98/97 139/23/23 140/25/25
f 875/98/97 133/104/103 9/24/24 139/23/23
f 874/97/96 134/105/104 133/104/103 875/98/97
f 873/96/95 135/106/105 134/105/104 874/97/96
f 742/107/106 10/108/107 135/106/105 873/96/95
f 743/109/108 742/107/106 873/96/95 870/91/90
f 744/100/99 743/109/108 870/91/90 867/90/89
f 876/110/109 879/111/110 880/112/111 877/113/112
f 877/113/112 880/112/111 881/114/113 878/115/114
f 879/111/110 882/116/115 883/117/116 880/112/111
f 880/112/111 883/117/116 884/118/117 881/114/113
f 2/16/16 142/15/15 876/110/109 117/119/118
f 117/119/118 876/110/109 877/113/112 116/120/119
f 116/120/119 877/113/112 878/115/114 115/121/120
f 115/121/120 878/115/114 147/36/36 1/35/35
f 878/115/114 881/114/113 146/50/50 147/36/36
f 881/114/113 884/118/117 145/48/48 146/50/50
f 884/118/117 127/122/121 7/49/49 145/48/48
f 883/117/116 128/123/122 127/122/121 884/118/117
f 882/116/115 129/124/123 128/123/122 883/117/116
f 144/18/18 8/20/20 129/124/123 882/116/115
f 143/17/17 144/18/18 882/116/115 879/111/110
f 142/15/15 143/17/17 879/111/110 876/110/109
f 885/125/124 888/126/125 889/127/126 886/128/127
f 886/128/127 889/127/126 890/129/128 887/130/129
f 888/126/125 891/131/130 892/132/131 889/127/126
f 889/127/126 892/132/131 893/133/132 890/129/128
f 113/41/41 736/40/40 885/125/124 705/134/133
f 705/134/133 885/125/124 886/128/127 704/135/134
f 704/135/134 886/128/127 887/130/129 703/136/135
f 703/136/135 887/130/129 741/59/59 112/58/58
f 887/130/129 890/129/128 740/62/62 741/59/59
f 890/129/128 893/133/132 739/69/69 740/62/62
f 893/133/132 121/137/136 5/67/67 739/69/69
f 892/132/131 122/138/137 121/137/136 893/133/132
f 891/131/130 123/139/138 122/138/137 892/132/131
f 738/43/43 6/45/45 123/139/138 891/131/130
f 737/42/42 738/43/43 891/131/130 888/126/125
f 736/40/40 737/42/42 888/126/125 885/125/124
f 894/140/139 897/141/140 898/142/141 895/143/142
f 895/143/142 898/142/141 899/144/143 896/145/144
f 897/141/140 900/146/145 901/147/146 898/142/141
f 898/142/141 901/147/146 902/148/147 899/144/143
f 4/82/82 148/84/84 894/140/139 726/149/148
f 726/149/148 894/140/139 895/143/142 725/150/149
f 725/150/149 895/143/142 896/145/144 724/151/150
f 724/151/150 896/145/144 744/100/99 114/99/98
f 896/145/144 899/144/143 743/109/108 744/100/99
f 899/144/143 902/148/147 742/107/106 743/109/108
f 902/148/147 136/152/151 10/108/107 742/107/106
f 901/147/146 137/153/152 136/152/151 902/148/147
f 900/146/145 138/154/153 137/153/152 901/147/146
f 150/87/87 11/86/86 138/154/153 900/146/145
f 149/155/85 150/87/87 900/146/145 897/141/140
f 148/84/84 149/155/85 897/141/140 894/140/139
f 904/156/154 909/157/155 903/158/156 905/159/157
f 906/160/158 905/159/157 903/158/156 907/161/159
f 908/162/160 907/161/159 903/158/156 909/157/155
f 61/77/77 750/163/161 904/156/154 735/78/78
f 735/78/78 904/156/154 905/159/157 734/81/81
f 750/163/161 749/164/162 909/157/155 904/156/154
f 11/86/86 733/88/88 906/160/158 169/165/163
f 169/165/163 906/160/158 907/161/159 170/166/164
f 733/88/88 734/81/81 905/159/157 906/160/158
f 18/167/165 171/168/166 908/162/160 748/169/167
f 748/169/167 908/162/160 909/157/155 749/164/162
f 171/168/166 170/166/164 907/161/159 908/162/160
f 910/170/168 913/171/169 914/172/170 911/173/171
f 911/173/171 914/172/170 915/174/172 912/175/173
f 913/171/169 916/176/174 917/177/175 914/172/170
f 914/172/170 917/177/175 918/178/176 915/174/172
f 10/108/107 174/179/177 910/170/168 135/106/105
f 135/106/105 910/170/168 911/173/171 134/105/104
f 134/105/104 911/173/171 912/175/173 133/104/103
f 133/104/103 912/175/173 175/180/178 9/24/24
f 912/175/173 915/174/172 176/181/179 175/180/178
f 915/174/172 918/178/176 177/182/180 176/181/179
f 918/178/176 163/183/181 16/184/182 177/182/180
f 917/177/175 164/185/183 163/183/181 918/178/176
f 916/176/174 165/186/184 164/185/183 917/177/175
f 172/187/185 17/188/186 165/186/184 916/176/174
f 173/189/187 172/187/185 916/176/174 913/171/169
f 174/179/177 173/189/187 913/171/169 910/170/168
f 919/190/188 922/191/189 923/192/190 920/193/191
f 920/193/191 923/192/190 924/194/192 921/195/193
f 922/191/189 925/196/194 926/197/195 923/192/190
f 923/192/190 926/197/195 927/198/196 924/194/192
f 8/20/20 180/199/197 919/190/188 129/124/123
f 129/124/123 919/190/188 920/193/191 128/123/122
f 128/123/122 920/193/191 921/195/193 127/122/121
f 127/122/121 921/195/193 181/200/198 7/49/49
f 921/195/193 924/194/192 182/201/199 181/200/198
f 924/194/192 927/198/196 183/202/200 182/201/199
f 927/198/196 157/203/201 14/204/202 183/202/200
f 926/197/195 158/205/203 157/203/201 927/198/196
f 925/196/194 159/206/204 158/205/203 926/197/195
f 178/207/205 15/208/206 159/206/204 925/196/194
f 179/209/207 178/207/205 925/196/194 922/191/189
f 180/199/197 179/209/207 922/191/189 919/190/188
f 928/210/208 931/211/209 932/212/210 929/213/211
f 929/213/211 932/212/210 933/214/212 930/215/213
f 931/211/209 934/216/214 935/217/215 932/212/210
f 932/212/210 935/217/215 936/218/216 933/214/212
f 6/45/45 186/219/217 928/210/208 123/139/138
f 123/139/138 928/210/208 929/213/211 122/138/137
f 122/138/137 929/213/211 930/215/213 121/137/136
f 121/137/136 930/215/213 187/220/218 5/67/67
f 930/215/213 933/214/212 188/221/219 187/220/218
f 933/214/212 936/218/216 189/222/220 188/221/219
f 936/218/216 151/223/221 12/224/222 189/222/220
f 935/217/215 152/225/223 151/223/221 936/218/216
f 934/216/214 153/226/224 152/225/223 935/217/215
f 184/227/225 13/228/226 153/226/224 934/216/214
f 185/229/227 184/227/225 934/216/214 931/211/209
f 186/219/217 185/229/227 931/211/209 928/210/208
f 937/230/228 940/231/229 941/232/230 938/233/231
f 938/233/231 941/232/230 942/234/232 939/235/233
f 940/231/229 943/236/234 944/237/235 941/232/230
f 941/232/230 944/237/235 945/238/236 942/234/232
f 11/86/86 169/165/163 937/230/228 138/154/153
f 138/154/153 937/230/228 938/233/231 137/153/152
f 137/153/152 938/233/231 939/235/233 136/152/151
f 136/152/151 939/235/233 174/179/177 10/108/107
f 939/235/233 942/234/232 173/189/187 174/179/177
f 942/234/232 945/238/236 172/187/185 173/189/187
f 945/238/236 166/239/237 17/188/186 172/187/185
f 944/237/235 167/240/238 166/239/237 945/238/236
f 943/236/234 168/241/239 167/240/238 944/237/235
f 171/168/166 18/167/165 168/241/239 943/236/234
f 170/166/164 171/168/166 943/236/234 940/231/229
f 169/165/163 170/166/164 940/231/229 937/230/228
f 946/242/240 949/243/241 950/244/242 947/245/243
f 947/245/243 950/244/242 951/246/244 948/247/245
f 949/243/241 952/248/246 953/249/247 950/244/242
f 950/244/242 953/249/247 954/250/248 951/246/244
f 9/24/24 175/180/178 946/242/240 132/22/22
f 132/22/22 946/242/240 947/245/243 131/21/21
f 131/21/21 947/245/243 948/247/245 130/19/19
f 130/19/19 948/247/245 180/199/197 8/20/20
f 948/247/245 951/246/244 179/209/207 180/199/197
f 951/246/244 954/250/248 178/207/205 179/209/207
f 954/250/248 160/251/249 15/208/206 178/207/205
f 953/249/247 161/252/250 160/251/249 954/250/248
f 952/248/246 162/253/251 161/252/250 953/249/247
f 177/182/180 16/184/182 162/253/251 952/248/246
f 176/181/179 177/182/180 952/248/246 949/243/241
f 175/180/178 176/181/179 949/243/241 946/242/240
f 955/254/252 958/255/253 959/256/254 956/257/255
f 956/257/255 959/256/254 960/258/256 957/259/257
f 958/255/253 961/260/258 962/261/259 959/256/254
f 959/256/254 962/261/259 963/262/260 960/258/256
f 7/49/49 181/200/198 955/254/252 126/47/47
f 126/47/47 955/254/252 956/257/255 125/46/46
f 125/46/46 956/257/255 957/259/257 124/44/44
f 124/44/44 957/259/257 186/219/217 6/45/45
f 957/259/257 960/258/256 185/229/227 186/219/217
f 960/258/256 963/262/260 184/227/225 185/229/227
f 963/262/260 154/263/261 13/228/226 184/227/225
f 962/261/259 155/264/262 154/263/261 963/262/260
f 961/260/258 156/265/263 155/264/262 962/261/259
f 183/202/200 14/204/202 156/265/263 961/260/258
f 182/201/199 183/202/200 961/260/258 958/255/253
f 181/200/198 182/201/199 958/255/253 955/254/252
f 965/266/264 970/267/265 964/268/266 966/269/267
f 967/270/268 966/269/267 964/268/266 968/271/269
f 969/272/270 968/271/269 964/268/266 970/267/265
f 5/67/67 187/220/218 965/266/264 732/68/68
f 732/68/68 965/266/264 966/269/267 731/66/66
f 187/220/218 188/221/219 970/267/265 965/266/264
f 62/63/63 730/65/65 967/270/268 745/273/271
f 745/273/271 967/270/268 968/271/269 746/274/272
f 730/65/65 731/66/66 966/269/267 967/270/268
f 12/224/222 747/275/273 969/272/270 189/222/220
f 189/222/220 969/272/270 970/267/265 188/221/219
f 747/275/273 746/274/272 968/271/269 969/272/270
f 971/276/274 974/277/275 975/278/276 972/279/277
f 972/279/277 975/278/276 976/280/278 973/281/279
f 974/277/275 977/282/280 978/283/281 975/278/276
f 975/278/276 978/283/281 979/284/282 976/280/278
f 13/228/226 210/285/283 971/276/274 153/226/224
f 153/226/224 971/276/274 972/279/277 152/225/223
f 152/225/223 972/279/277 973/281/279 151/223/221
f 151/223/221 973/281/279 211/286/284 12/224/222
f 973/281/279 976/280/278 212/287/285 211/286/284
f 976/280/278 979/284/282 213/288/286 212/287/285
f 979/284/282 190/289/287 19/290/288 213/288/286
f 978/283/281 191/291/289 190/289/287 979/284/282
f 977/282/280 192/292/290 191/291/289 978/283/281
f 208/293/291 20/294/292 192/292/290 977/282/280
f 209/295/293 208/293/291 977/282/280 974/277/275
f 210/285/283 209/295/293 974/277/275 971/276/274
f 980/296/294 983/297/295 984/298/296 981/299/297
f 981/299/297 984/298/296 985/300/298 982/301/299
f 983/297/295 986/302/300 987/303/301 984/298/296
f 984/298/296 987/303/301 988/304/302 985/300/298
f 18/167/165 216/305/303 980/296/294 168/241/239
f 168/241/239 980/296/294 981/299/297 167/240/238
f 167/240/238 981/299/297 982/301/299 166/239/237
f 166/239/237 982/301/299 217/306/304 17/188/186
f 982/301/299 985/300/298 218/307/305 217/306/304
f 985/300/298 988/304/302 219/308/306 218/307/305
f 988/304/302 205/309/307 24/310/308 219/308/306
f 987/303/301 206/311/309 205/309/307 988/304/302
f 986/302/300 207/312/310 206/311/309 987/303/301
f 214/313/311 25/314/312 207/312/310 986/302/300
f 215/315/313 214/313/311 986/302/300 983/297/295
f 216/305/303 215/315/313 983/297/295 980/296/294
f 989/316/314 992/317/315 993/318/316 990/319/317
f 990/319/317 993/318/316 994/320/318 991/321/319
f 992/317/315 995/322/320 996/323/321 993/318/316
f 993/318/316 996/323/321 997/324/322 994/320/318
f 16/184/182 222/325/323 989/316/314 162/253/251
f 162/253/251 989/316/314 990/319/317 161/252/250
f 161/252/250 990/319/317 991/321/319 160/251/249
f 160/251/249 991/321/319 223/326/324 15/208/206
f 991/321/319 994/320/318 224/327/325 223/326/324
f 994/320/318 997/324/322 225/328/326 224/327/325
f 997/324/322 199/329/327 22/330/328 225/328/326
f 996/323/321 200/331/329 199/329/327 997/324/322
f 995/322/320 201/332/330 200/331/329 996/323/321
f 220/333/331 23/334/332 201/332/330 995/322/320
f 221/335/333 220/333/331 995/322/320 992/317/315
f 222/325/323 221/335/333 992/317/315 989/316/314
f 998/336/334 1001/337/335 1002/338/336 999/339/337
f 999/339/337 1002/338/336 1003/340/338 1000/341/339
f 1001/337/335 1004/342/340 1005/343/341 1002/338/336
f 1002/338/336 1005/343/341 1006/344/342 1003/340/338
f 14/204/202 228/345/343 998/336/334 156/265/263
f 156/265/263 998/336/334 999/339/337 155/264/262
f 155/264/262 999/339/337 1000/341/339 154/263/261
f 154/263/261 1000/341/339 210/285/283 13/228/226
f 1000/341/339 1003/340/338 209/295/293 210/285/283
f 1003/340/338 1006/344/342 208/293/291 209/295/293
f 1006/344/342 193/346/344 20/294/292 208/293/291
f 1005/343/341 194/347/345 193/346/344 1006/344/342
f 1004/342/340 195/348/346 194/347/345 1005/343/341
f 226/349/347 21/350/348 195/348/346 1004/342/340
f 227/351/349 226/349/347 1004/342/340 1001/337/335
f 228/345/343 227/351/349 1001/337/335 998/336/334
f 1008/352/350 1013/353/351 1007/354/352 1009/355/353
f 1010/356/354 1009/355/353 1007/354/352 1011/357/355
f 1012/358/356 1011/357/355 1007/354/352 1013/353/351
f 12/224/222 211/286/284 1008/352/350 747/275/273
f 747/275/273 1008/352/350 1009/355/353 746/274/272
f 211/286/284 212/287/285 1013/353/351 1008/352/350
f 62/63/63 745/273/271 1010/356/354 751/359/357
f 751/359/357 1010/356/354 1011/357/355 752/360/358
f 745/273/271 746/274/272 1009/355/353 1010/356/354
f 19/290/288 753/361/359 1012/358/356 213/288/286
f 213/288/286 1012/358/356 1013/353/351 212/287/285
f 753/361/359 752/360/358 1011/357/355 1012/358/356
f 1015/362/360 1020/363/361 1014/364/362 1016/365/363
f 1017/366/364 1016/365/363 1014/364/362 1018/367/365
f 1019/368/366 1018/367/365 1014/364/362 1020/363/361
f 61/77/77 756/369/367 1015/362/360 750/163/161
f 750/163/161 1015/362/360 1016/365/363 749/164/162
f 756/369/367 755/370/368 1020/363/361 1015/362/360
f 18/167/165 748/169/167 1017/366/364 216/305/303
f 216/305/303 1017/366/364 1018/367/365 215/315/313
f 748/169/167 749/164/162 1016/365/363 1017/366/364
f 25/314/312 214/313/311 1019/368/366 754/371/369
f 754/371/369 1019/368/366 1020/363/361 755/370/368
f 214/313/311 215/315/313 1018/367/365 1019/368/366
f 1021/372/370 1024/373/371 1025/374/372 1022/375/373
f 1022/375/373 1025/374/372 1026/376/374 1023/377/375
f 1024/373/371 1027/378/376 1028/379/377 1025/374/372
f 1025/374/372 1028/379/377 1029/380/378 1026/376/374
f 17/188/186 217/306/304 1021/372/370 165/186/184
f 165/186/184 1021/372/370 1022/375/373 164/185/183
f 164/185/183 1022/375/373 1023/377/375 163/183/181
f 163/183/181 1023/377/375 222/325/323 16/184/182
f 1023/377/375 1026/376/374 221/335/333 222/325/323
f 1026/376/374 1029/380/378 220/333/331 221/335/333
f 1029/380/378 202/381/379 23/334/332 220/333/331
f 1028/379/377 203/382/380 202/381/379 1029/380/378
f 1027/378/376 204/383/381 203/382/380 1028/379/377
f 219/308/306 24/310/308 204/383/381 1027/378/376
f 218/307/305 219/308/306 1027/378/376 1024/373/371
f 217/306/304 218/307/305 1024/373/371 1021/372/370
f 1030/384/382 1033/385/383 1034/386/384 1031/387/385
f 1031/387/385 1034/386/384 1035/388/386 1032/389/387
f 1033/385/383 1036/390/388 1037/391/389 1034/386/384
f 1034/386/384 1037/391/389 1038/392/390 1035/388/386
f 15/208/206 223/326/324 1030/384/382 159/206/204
f 159/206/204 1030/384/382 1031/387/385 158/205/203
f 158/205/203 1031/387/385 1032/389/387 157/203/201
f 157/203/201 1032/389/387 228/345/343 14/204/202
f 1032/389/387 1035/388/386 227/351/349 228/345/343
f 1035/388/386 1038/392/390 226/349/347 227/351/349
f 1038/392/390 196/393/391 21/350/348 226/349/347
f 1037/391/389 197/394/392 196/393/391 1038/392/390
f 1036/390/388 198/395/393 197/394/392 1037/391/389
f 225/328/326 22/330/328 198/395/393 1036/390/388
f 224/327/325 225/328/326 1036/390/388 1033/385/383
f 223/326/324 224/327/325 1033/385/383 1030/384/382
f 1039/396/394 1042/397/395 1043/398/396 1040/399/397
f 1040/399/397 1043/398/396 1044/400/398 1041/401/399
f 1042/397/395 1045/402/400 1046/403/401 1043/398/396
f 1043/398/396 1046/403/401 1047/404/402 1044/400/398
f 25/314/312 249/405/403 1039/396/394 207/312/310
f 207/312/310 1039/396/394 1040/399/397 206/311/309
f 206/311/309 1040/399/397 1041/401/399 205/309/307
f 205/309/307 1041/401/399 250/406/404 24/310/308
f 1041/401/399 1044/400/398 251/407/405 250/406/404
f 1044/400/398 1047/404/402 252/408/406 251/407/405
f 1047/404/402 244/409/407 31/410/408 252/408/406
f 1046/403/401 245/411/409 244/409/407 1047/404/402
f 1045/402/400 246/412/410 245/411/409 1046/403/401
f 247/413/411 32/414/412 246/412/410 1045/402/400
f 248/415/413 247/413/411 1045/402/400 1042/397/395
f 249/405/403 248/415/413 1042/397/395 1039/396/394
f 1048/416/414 1051/417/415 1052/418/416 1049/419/417
f 1049/419/417 1052/418/416 1053/420/418 1050/421/419
f 1051/417/415 1054/422/420 1055/423/421 1052/418/416
f 1052/418/416 1055/423/421 1056/424/422 1053/420/418
f 23/334/332 255/425/423 1048/416/414 201/332/330
f 201/332/330 1048/416/414 1049/419/417 200/331/329
f 200/331/329 1049/419/417 1050/421/419 199/329/327
f 199/329/327 1050/421/419 256/426/424 22/330/328
f 1050/421/419 1053/420/418 257/427/425 256/426/424
f 1053/420/418 1056/424/422 258/428/426 257/427/425
f 1056/424/422 238/429/427 29/430/428 258/428/426
f 1055/423/421 239/431/429 238/429/427 1056/424/422
f 1054/422/420 240/432/430 239/431/429 1055/423/421
f 253/433/431 30/434/432 240/432/430 1054/422/420
f 254/435/433 253/433/431 1054/422/420 1051/417/415
f 255/425/423 254/435/433 1051/417/415 1048/416/414
f 1057/436/434 1060/437/435 1061/438/436 1058/439/437
f 1058/439/437 1061/438/436 1062/440/438 1059/441/439
f 1060/437/435 1063/442/440 1064/443/441 1061/438/436
f 1061/438/436 1064/443/441 1065/444/442 1062/440/438
f 21/350/348 261/445/443 1057/436/434 195/348/346
f 195/348/346 1057/436/434 1058/439/437 194/347/345
f 194/347/345 1058/439/437 1059/441/439 193/346/344
f 193/346/344 1059/441/439 262/446/444 20/294/292
f 1059/441/439 1062/440/438 263/447/445 262/446/444
f 1062/440/438 1065/444/442 264/448/446 263/447/445
f 1065/444/442 232/449/447 27/450/448 264/448/446
f 1064/443/441 233/451/449 232/449/447 1065/444/442
f 1063/442/440 234/452/450 233/451/449 1064/443/441
f 259/453/451 28/454/452 234/452/450 1063/442/440
f 260/455/453 259/453/451 1063/442/440 1060/437/435
f 261/445/443 260/455/453 1060/437/435 1057/436/434
f 1067/456/454 1072/457/455 1066/458/456 1068/459/457
f 1069/460/458 1068/459/457 1066/458/456 1070/461/459
f 1071/462/460 1070/461/459 1066/458/456 1072/457/455
f 19/290/288 267/463/461 1067/456/454 753/361/359
f 753/361/359 1067/456/454 1068/459/457 752/360/358
f 267/463/461 266/464/462 1072/457/455 1067/456/454
f 62/63/63 751/359/357 1069/460/458 757/465/463
f 757/465/463 1069/460/458 1070/461/459 758/466/464
f 751/359/357 752/360/358 1068/459/457 1069/460/458
f 26/467/465 759/468/466 1071/462/460 265/469/467
f 265/469/467 1071/462/460 1072/457/455 266/464/462
f 759/468/466 758/466/464 1070/461/459 1071/462/460
f 1074/470/468 1079/471/469 1073/472/470 1075/473/471
f 1076/474/472 1075/473/471 1073/472/470 1077/475/473
f 1078/476/474 1077/475/473 1073/472/470 1079/471/469
f 61/77/77 762/477/475 1074/470/468 756/369/367
f 756/369/367 1074/470/468 1075/473/471 755/370/368
f 762/477/475 761/478/476 1079/471/469 1074/470/468
f 25/314/312 754/371/369 1076/474/472 249/405/403
f 249/405/403 1076/474/472 1077/475/473 248/415/413
f 754/371/369 755/370/368 1075/473/471 1076/474/472
f 32/414/412 247/413/411 1078/476/474 760/479/477
f 760/479/477 1078/476/474 1079/471/469 761/478/476
f 247/413/411 248/415/413 1077/475/473 1078/476/474
f 1080/480/478 1083/481/479 1084/482/480 1081/483/481
f 1081/483/481 1084/482/480 1085/484/482 1082/485/483
f 1083/481/479 1086/486/484 1087/487/485 1084/482/480
f 1084/482/480 1087/487/485 1088/488/486 1085/484/482
f 24/310/308 250/406/404 1080/480/478 204/383/381
f 204/383/381 1080/480/478 1081/483/481 203/382/380
f 203/382/380 1081/483/481 1082/485/483 202/381/379
f 202/381/379 1082/485/483 255/425/423 23/334/332
f 1082/485/483 1085/484/482 254/435/433 255/425/423
f 1085/484/482 1088/488/486 253/433/431 254/435/433
f 1088/488/486 241/489/487 30/434/432 253/433/431
f 1087/487/485 242/490/488 241/489/487 1088/488/486
f 1086/486/484 243/491/489 242/490/488 1087/487/485
f 252/408/406 31/410/408 243/491/489 1086/486/484
f 251/407/405 252/408/406 1086/486/484 1083/481/479
f 250/406/404 251/407/405 1083/481/479 1080/480/478
f 1089/492/490 1092/493/491 1093/494/492 1090/495/493
f 1090/495/493 1093/494/492 1094/496/494 1091/497/495
f 1092/493/491 1095/498/496 1096/499/497 1093/494/492
f 1093/494/492 1096/499/497 1097/500/498 1094/496/494
f 22/330/328 256/426/424 1089/492/490 198/395/393
f 198/395/393 1089/492/490 1090/495/493 197/394/392
f 197/394/392 1090/495/493 1091/497/495 196/393/391
f 196/393/391 1091/497/495 261/445/443 21/350/348
f 1091/497/495 1094/496/494 260/455/453 261/445/443
f 1094/496/494 1097/500/498 259/453/451 260/455/453
f 1097/500/498 235/501/499 28/454/452 259/453/451
f 1096/499/497 236/502/500 235/501/499 1097/500/498
f 1095/498/496 237/503/501 236/502/500 1096/499/497
f 258/428/426 29/430/428 237/503/501 1095/498/496
f 257/427/425 258/428/426 1095/498/496 1092/493/491
f 256/426/424 257/427/425 1092/493/491 1089/492/490
f 1098/504/502 1101/505/503 1102/506/504 1099/507/505
f 1099/507/505 1102/506/504 1103/508/506 1100/509/507
f 1101/505/503 1104/510/508 1105/511/509 1102/506/504
f 1102/506/504 1105/511/509 1106/512/510 1103/508/506
f 20/294/292 262/446/444 1098/504/502 192/292/290
f 192/292/290 1098/504/502 1099/507/505 191/291/289
f 191/291/289 1099/507/505 1100/509/507 190/289/287
f 190/289/287 1100/509/507 267/463/461 19/290/288
f 1100/509/507 1103/508/506 266/464/462 267/463/461
f 1103/508/506 1106/512/510 265/469/467 266/464/462
f 1106/512/510 229/513/511 26/467/465 265/469/467
f 1105/511/509 230/514/512 229/513/511 1106/512/510
f 1104/510/508 231/515/513 230/514/512 1105/511/509
f 264/448/446 27/450/448 231/515/513 1104/510/508
f 263/447/445 264/448/446 1104/510/508 1101/505/503
f 262/446/444 263/447/445 1101/505/503 1098/504/502
f 1108/516/514 1113/517/515 1107/518/516 1109/519/517
f 1110/520/518 1109/519/517 1107/518/516 1111/521/519
f 1112/522/520 1111/521/519 1107/518/516 1113/517/515
f 26/467/465 288/523/521 1108/516/514 759/468/466
f 759/468/466 1108/516/514 1109/519/517 758/466/464
f 288/523/521 287/524/522 1113/517/515 1108/516/514
f 62/63/63 757/465/463 1110/520/518 763/525/523
f 763/525/523 1110/520/518 1111/521/519 764/526/524
f 757/465/463 758/466/464 1109/519/517 1110/520/518
f 33/527/525 765/528/526 1112/522/520 286/529/527
f 286/529/527 1112/522/520 1113/517/515 287/524/522
f 765/528/526 764/526/524 1111/521/519 1112/522/520
f 1115/530/528 1120/531/529 1114/532/530 1116/533/531
f 1117/534/532 1116/533/531 1114/532/530 1118/535/533
f 1119/536/534 1118/535/533 1114/532/530 1120/531/529
f 61/77/77 768/537/535 1115/530/528 762/477/475
f 762/477/475 1115/530/528 1116/533/531 761/478/476
f 768/537/535 767/538/536 1120/531/529 1115/530/528
f 32/414/412 760/479/477 1117/534/532 289/539/537
f 289/539/537 1117/534/532 1118/535/533 290/540/538
f 760/479/477 761/478/476 1116/533/531 1117/534/532
f 39/541/539 291/542/540 1119/536/534 766/543/541
f 766/543/541 1119/536/534 1120/531/529 767/538/536
f 291/542/540 290/540/538 1118/535/533 1119/536/534
f 1121/544/542 1124/545/543 1125/546/544 1122/547/545
f 1122/547/545 1125/546/544 1126/548/546 1123/549/547
f 1124/545/543 1127/550/548 1128/551/549 1125/546/544
f 1125/546/544 1128/551/549 1129/552/550 1126/548/546
f 31/410/408 294/553/551 1121/544/542 243/491/489
f 243/491/489 1121/544/542 1122/547/545 242/490/488
f 242/490/488 1122/547/545 1123/549/547 241/489/487
f 241/489/487 1123/549/547 295/554/552 30/434/432
f 1123/549/547 1126/548/546 296/555/553 295/554/552
f 1126/548/546 1129/552/550 297/556/554 296/555/553
f 1129/552/550 280/557/555 37/558/556 297/556/554
f 1128/551/549 281/559/557 280/557/555 1129/552/550
f 1127/550/548 282/560/558 281/559/557 1128/551/549
f 292/561/559 38/562/560 282/560/558 1127/550/548
f 293/563/561 292/561/559 1127/550/548 1124/545/543
f 294/553/551 293/563/561 1124/545/543 1121/544/542
f 1130/564/562 1133/565/563 1134/566/564 1131/567/565
f 1131/567/565 1134/566/564 1135/568/566 1132/569/567
f 1133/565/563 1136/570/568 1137/571/569 1134/566/564
f 1134/566/564 1137/571/569 1138/572/570 1135/568/566
f 29/430/428 300/573/571 1130/564/562 237/503/501
f 237/503/501 1130/564/562 1131/567/565 236/502/500
f 236/502/500 1131/567/565 1132/569/567 235/501/499
f 235/501/499 1132/569/567 301/574/572 28/454/452
f 1132/569/567 1135/568/566 302/575/573 301/574/572
f 1135/568/566 1138/572/570 303/576/574 302/575/573
f 1138/572/570 274/577/575 35/578/576 303/576/574
f 1137/571/569 275/579/577 274/577/575 1138/572/570
f 1136/570/568 276/580/578 275/579/577 1137/571/569
f 298/581/579 36/582/580 276/580/578 1136/570/568
f 299/583/581 298/581/579 1136/570/568 1133/565/563
f 300/573/571 299/583/581 1133/565/563 1130/564/562
f 1139/584/582 1142/585/583 1143/586/584 1140/587/585
f 1140/587/585 1143/586/584 1144/588/586 1141/589/587
f 1142/585/583 1145/590/588 1146/591/589 1143/586/584
f 1143/586/584 1146/591/589 1147/592/590 1144/588/586
f 27/450/448 306/593/591 1139/584/582 231/515/513
f 231/515/513 1139/584/582 1140/587/585 230/514/512
f 230/514/512 1140/587/585 1141/589/587 229/513/511
f 229/513/511 1141/589/587 288/523/521 26/467/465
f 1141/589/587 1144/588/586 287/524/522 288/523/521
f 1144/588/586 1147/592/590 286/529/527 287/524/522
f 1147/592/590 268/594/592 33/527/525 286/529/527
f 1146/591/589 269/595/593 268/594/592 1147/592/590
f 1145/590/588 270/596/594 269/595/593 1146/591/589
f 304/597/595 34/598/596 270/596/594 1145/590/588
f 305/599/597 304/597/595 1145/590/588 1142/585/583
f 306/593/591 305/599/597 1142/585/583 1139/584/582
f 1148/600/598 1151/601/599 1152/602/600 1149/603/601
f 1149/603/601 1152/602/600 1153/604/602 1150/605/603
f 1151/601/599 1154/606/604 1155/607/605 1152/602/600
f 1152/602/600 1155/607/605 1156/608/606 1153/604/602
f 32/414/412 289/539/537 1148/600/598 246/412/410
f 246/412/410 1148/600/598 1149/603/601 245/411/409
f 245/411/409 1149/603/601 1150/605/603 244/409/407
f 244/409/407 1150/605/603 294/553/551 31/410/408
f 1150/605/603 1153/604/602 293/563/561 294/553/551
f 1153/604/602 1156/608/606 292/561/559 293/563/561
f 1156/608/606 283/609/607 38/562/560 292/561/559
f 1155/607/605 284/610/608 283/609/607 1156/608/606
f 1154/606/604 285/611/609 284/610/608 1155/607/605
f 291/542/540 39/541/539 285/611/609 1154/606/604
f 290/540/538 291/542/540 1154/606/604 1151/601/599
f 289/539/537 290/540/538 1151/601/599 1148/600/598
f 1157/612/610 1160/613/611 1161/614/612 1158/615/613
f 1158/615/613 1161/614/612 1162/616/614 1159/617/615
f 1160/613/611 1163/618/616 1164/619/617 1161/614/612
f 1161/614/612 1164/619/617 1165/620/618 1162/616/614
f 30/434/432 295/554/552 1157/612/610 240/432/430
f 240/432/430 1157/612/610 1158/615/613 239/431/429
f 239/431/429 1158/615/613 1159/617/615 238/429/427
f 238/429/427 1159/617/615 300/573/571 29/430/428
f 1159/617/615 1162/616/614 299/583/581 300/573/571
f 1162/616/614 1165/620/618 298/581/579 299/583/581
f 1165/620/618 277/621/619 36/582/580 298/581/579
f 1164/619/617 278/622/620 277/621/619 1165/620/618
f 1163/618/616 279/623/621 278/622/620 1164/619/617
f 297/556/554 37/558/556 279/623/621 1163/618/616
f 296/555/553 297/556/554 1163/618/616 1160/613/611
f 295/554/552 296/555/553 1160/613/611 1157/612/610
f 1166/624/622 1169/625/623 1170/626/624 1167/627/625
f 1167/627/625 1170/626/624 1171/628/626 1168/629/627
f 1169/625/623 1172/630/628 1173/631/629 1170/626/624
f 1170/626/624 1173/631/629 1174/632/630 1171/628/626
f 28/454/452 301/574/572 1166/624/622 234/452/450
f 234/452/450 1166/624/622 1167/627/625 233/451/449
f 233/451/449 1167/627/625 1168/629/627 232/449/447
f 232/449/447 1168/629/627 306/593/591 27/450/448
f 1168/629/627 1171/628/626 305/599/597 306/593/591
f 1171/628/626 1174/632/630 304/597/595 305/599/597
f 1174/632/630 271/633/631 34/598/596 304/597/595
f 1173/631/629 272/634/632 271/633/631 1174/632/630
f 1172/630/628 273/635/633 272/634/632 1173/631/629
f 303/576/574 35/578/576 273/635/633 1172/630/628
f 302/575/573 303/576/574 1172/630/628 1169/625/623
f 301/574/572 302/575/573 1169/625/623 1166/624/622
f 1175/636/634 1178/637/635 1179/638/636 1176/639/637
f 1176/639/637 1179/638/636 1180/640/638 1177/641/639
f 1178/637/635 1181/642/640 1182/643/641 1179/638/636
f 1179/638/636 1182/643/641 1183/644/642 1180/640/638
f 38/562/560 327/645/643 1175/636/634 282/560/558
f 282/560/558 1175/636/634 1176/639/637 281/559/557
f 281/559/557 1176/639/637 1177/641/639 280/557/555
f 280/557/555 1177/641/639 328/646/644 37/558/556
f 1177/641/639 1180/640/638 329/647/645 328/646/644
f 1180/640/638 1183/644/642 330/648/646 329/647/645
f 1183/644/642 319/649/647 44/650/648 330/648/646
f 1182/643/641 320/651/649 319/649/647 1183/644/642
f 1181/642/640 321/652/650 320/651/649 1182/643/641
f 325/653/651 45/654/652 321/652/650 1181/642/640
f 326/655/653 325/653/651 1181/642/640 1178/637/635
f 327/645/643 326/655/653 1178/637/635 1175/636/634
f 1184/656/654 1187/657/655 1188/658/656 1185/659/657
f 1185/659/657 1188/658/656 1189/660/658 1186/661/659
f 1187/657/655 1190/662/660 1191/663/661 1188/658/656
f 1188/658/656 1191/663/661 1192/664/662 1189/660/658
f 36/582/580 333/665/663 1184/656/654 276/580/578
f 276/580/578 1184/656/654 1185/659/657 275/579/577
f 275/579/577 1185/659/657 1186/661/659 274/577/575
f 274/577/575 1186/661/659 334/666/664 35/578/576
f 1186/661/659 1189/660/658 335/667/665 334/666/664
f 1189/660/658 1192/664/662 336/668/666 335/667/665
f 1192/664/662 313/669/667 42/670/668 336/668/666
f 1191/663/661 314/671/669 313/669/667 1192/664/662
f 1190/662/660 315/672/670 314/671/669 1191/663/661
f 331/673/671 43/674/672 315/672/670 1190/662/660
f 332/675/673 331/673/671 1190/662/660 1187/657/655
f 333/665/663 332/675/673 1187/657/655 1184/656/654
f 1193/676/674 1196/677/675 1197/678/676 1194/679/677
f 1194/679/677 1197/678/676 1198/680/678 1195/681/679
f 1196/677/675 1199/682/680 1200/683/681 1197/678/676
f 1197/678/676 1200/683/681 1201/684/682 1198/680/678
f 34/598/596 339/685/683 1193/676/674 270/596/594
f 270/596/594 1193/676/674 1194/679/677 269/595/593
f 269/595/593 1194/679/677 1195/681/679 268/594/592
f 268/594/592 1195/681/679 340/686/684 33/527/525
f 1195/681/679 1198/680/678 341/687/685 340/686/684
f 1198/680/678 1201/684/682 342/688/686 341/687/685
f 1201/684/682 307/689/687 40/690/688 342/688/686
f 1200/683/681 308/691/689 307/689/687 1201/684/682
f 1199/682/680 309/692/690 308/691/689 1200/683/681
f 337/693/691 41/694/692 309/692/690 1199/682/680
f 338/695/693 337/693/691 1199/682/680 1196/677/675
f 339/685/683 338/695/693 1196/677/675 1193/676/674
f 1202/696/694 1205/697/695 1206/698/696 1203/699/697
f 1203/699/697 1206/698/696 1207/700/698 1204/701/699
f 1205/697/695 1208/702/700 1209/703/701 1206/698/696
f 1206/698/696 1209/703/701 1210/704/702 1207/700/698
f 39/541/539 345/705/703 1202/696/694 285/611/609
f 285/611/609 1202/696/694 1203/699/697 284/610/608
f 284/610/608 1203/699/697 1204/701/699 283/609/607
f 283/609/607 1204/701/699 327/645/643 38/562/560
f 1204/701/699 1207/700/698 326/655/653 327/645/643
f 1207/700/698 1210/704/702 325/653/651 326/655/653
f 1210/704/702 322/706/704 45/654/652 325/653/651
f 1209/703/701 323/707/705 322/706/704 1210/704/702
f 1208/702/700 324/708/706 323/707/705 1209/703/701
f 343/709/707 46/710/708 324/708/706 1208/702/700
f 344/711/709 343/709/707 1208/702/700 1205/697/695
f 345/705/703 344/711/709 1205/697/695 1202/696/694
f 1211/712/710 1214/713/711 1215/714/712 1212/715/713
f 1212/715/713 1215/714/712 1216/716/714 1213/717/715
f 1214/713/711 1217/718/716 1218/719/717 1215/714/712
f 1215/714/712 1218/719/717 1219/720/718 1216/716/714
f 37/558/556 328/646/644 1211/712/710 279/623/621
f 279/623/621 1211/712/710 1212/715/713 278/622/620
f 278/622/620 1212/715/713 1213/717/715 277/621/619
f 277/621/619 1213/717/715 333/665/663 36/582/580
f 1213/717/715 1216/716/714 332/675/673 333/665/663
f 1216/716/714 1219/720/718 331/673/671 332/675/673
f 1219/720/718 316/721/719 43/674/672 331/673/671
f 1218/719/717 317/722/720 316/721/719 1219/720/718
f 1217/718/716 318/723/721 317/722/720 1218/719/717
f 330/648/646 44/650/648 318/723/721 1217/718/716
f 329/647/645 330/648/646 1217/718/716 1214/713/711
f 328/646/644 329/647/645 1214/713/711 1211/712/710
f 1220/724/722 1223/725/723 1224/726/724 1221/727/725
f 1221/727/725 1224/726/724 1225/728/726 1222/729/727
f 1223/725/723 1226/730/728 1227/731/729 1224/726/724
f 1224/726/724 1227/731/729 1228/732/730 1225/728/726
f 35/578/576 334/666/664 1220/724/722 273/635/633
f 273/635/633 1220/724/722 1221/727/725 272/634/632
f 272/634/632 1221/727/725 1222/729/727 271/633/631
f 271/633/631 1222/729/727 339/685/683 34/598/596
f 1222/729/727 1225/728/726 338/695/693 339/685/683
f 1225/728/726 1228/732/730 337/693/691 338/695/693
f 1228/732/730 310/733/731 41/694/692 337/693/691
f 1227/731/729 311/734/732 310/733/731 1228/732/730
f 1226/730/728 312/735/733 311/734/732 1227/731/729
f 336/668/666 42/670/668 312/735/733 1226/730/728
f 335/667/665 336/668/666 1226/730/728 1223/725/723
f 334/666/664 335/667/665 1223/725/723 1220/724/722
f 1230/736/734 1235/737/735 1229/738/736 1231/739/737
f 1232/740/738 1231/739/737 1229/738/736 1233/741/739
f 1234/742/740 1233/741/739 1229/738/736 1235/737/735
f 33/527/525 340/686/684 1230/736/734 765/528/526
f 765/528/526 1230/736/734 1231/739/737 764/526/524
f 340/686/684 341/687/685 1235/737/735 1230/736/734
f 62/63/63 763/525/523 1232/740/738 769/743/741
f 769/743/741 1232/740/738 1233/741/739 770/744/742
f 763/525/523 764/526/524 1231/739/737 1232/740/738
f 40/690/688 771/745/743 1234/742/740 342/688/686
f 342/688/686 1234/742/740 1235/737/735 341/687/685
f 771/745/743 770/744/742 1233/741/739 1234/742/740
f 1237/746/744 1242/747/745 1236/748/746 1238/749/747
f 1239/750/748 1238/749/747 1236/748/746 1240/751/749
f 1241/752/750 1240/751/749 1236/748/746 1242/747/745
f 61/77/77 774/753/751 1237/746/744 768/537/535
f 768/537/535 1237/746/744 1238/749/747 767/538/536
f 774/753/751 773/754/752 1242/747/745 1237/746/744
f 39/541/539 766/543/541 1239/750/748 345/705/703
f 345/705/703 1239/750/748 1240/751/749 344/711/709
f 766/543/541 767/538/536 1238/749/747 1239/750/748
f 46/710/708 343/709/707 1241/752/750 772/755/753
f 772/755/753 1241/752/750 1242/747/745 773/754/752
f 343/709/707 344/711/709 1240/751/749 1241/752/750
f 1243/756/754 1246/757/755 1247/758/756 1244/759/757
f 1244/759/757 1247/758/756 1248/760/758 1245/761/759
f 1246/757/755 1249/762/760 1250/763/761 1247/758/756
f 1247/758/756 1250/763/761 1251/764/762 1248/760/758
f 46/710/708 366/765/763 1243/756/754 324/708/706
f 324/708/706 1243/756/754 1244/759/757 323/707/705
f 323/707/705 1244/759/757 1245/761/759 322/706/704
f 322/706/704 1245/761/759 367/766/764 45/654/652
f 1245/761/759 1248/760/758 368/767/765 367/766/764
f 1248/760/758 1251/764/762 369/768/766 368/767/765
f 1251/764/762 361/769/767 52/770/768 369/768/766
f 1250/763/761 362/771/769 361/769/767 1251/764/762
f 1249/762/760 363/772/770 362/771/769 1250/763/761
f 364/773/771 53/774/772 363/772/770 1249/762/760
f 365/775/773 364/773/771 1249/762/760 1246/757/755
f 366/765/763 365/775/773 1246/757/755 1243/756/754
f 1252/776/774 1255/777/775 1256/778/776 1253/779/777
f 1253/779/777 1256/778/776 1257/780/778 1254/781/779
f 1255/777/775 1258/782/780 1259/783/781 1256/778/776
f 1256/778/776 1259/783/781 1260/784/782 1257/780/778
f 44/650/648 372/785/783 1252/776/774 318/723/721
f 318/723/721 1252/776/774 1253/779/777 317/722/720
f 317/722/720 1253/779/777 1254/781/779 316/721/719
f 316/721/719 1254/781/779 373/786/784 43/674/672
f 1254/781/779 1257/780/778 374/787/785 373/786/784
f 1257/780/778 1260/784/782 375/788/786 374/787/785
f 1260/784/782 355/789/787 50/790/788 375/788/786
f 1259/783/781 356/791/789 355/789/787 1260/784/782
f 1258/782/780 357/792/790 356/791/789 1259/783/781
f 370/793/791 51/794/792 357/792/790 1258/782/780
f 371/795/793 370/793/791 1258/782/780 1255/777/775
f 372/785/783 371/795/793 1255/777/775 1252/776/774
f 1261/796/794 1264/797/795 1265/798/796 1262/799/797
f 1262/799/797 1265/798/796 1266/800/798 1263/801/799
f 1264/797/795 1267/802/800 1268/803/801 1265/798/796
f 1265/798/796 1268/803/801 1269/804/802 1266/800/798
f 42/670/668 378/805/803 1261/796/794 312/735/733
f 312/735/733 1261/796/794 1262/799/797 311/734/732
f 311/734/732 1262/799/797 1263/801/799 310/733/731
f 310/733/731 1263/801/799 379/806/804 41/694/692
f 1263/801/799 1266/800/798 380/807/805 379/806/804
f 1266/800/798 1269/804/802 381/808/806 380/807/805
f 1269/804/802 349/809/807 48/810/808 381/808/806
f 1268/803/801 350/811/809 349/809/807 1269/804/802
f 1267/802/800 351/812/810 350/811/809 1268/803/801
f 376/813/811 49/814/812 351/812/810 1267/802/800
f 377/815/813 376/813/811 1267/802/800 1264/797/795
f 378/805/803 377/815/813 1264/797/795 1261/796/794
f 1271/816/814 1276/817/815 1270/818/816 1272/819/817
f 1273/820/818 1272/819/817 1270/818/816 1274/821/819
f 1275/822/820 1274/821/819 1270/818/816 1276/817/815
f 40/690/688 384/823/821 1271/816/814 771/745/743
f 771/745/743 1271/816/814 1272/819/817 770/744/742
f 384/823/821 383/824/822 1276/817/815 1271/816/814
f 62/63/63 769/743/741 1273/820/818 775/825/823
f 775/825/823 1273/820/818 1274/821/819 776/826/824
f 769/743/741 770/744/742 1272/819/817 1273/820/818
f 47/827/825 777/828/826 1275/822/820 382/829/827
f 382/829/827 1275/822/820 1276/817/815 383/824/822
f 777/828/826 776/826/824 1274/821/819 1275/822/820
f 1278/830/828 1283/831/829 1277/832/830 1279/833/831
f 1280/834/832 1279/833/831 1277/832/830 1281/835/833
f 1282/836/834 1281/835/833 1277/832/830 1283/831/829
f 61/77/77 780/837/835 1278/830/828 774/753/751
f 774/753/751 1278/830/828 1279/833/831 773/754/752
f 780/837/835 779/838/836 1283/831/829 1278/830/828
f 46/710/708 772/755/753 1280/834/832 366/765/763
f 366/765/763 1280/834/832 1281/835/833 365/775/773
f 772/755/753 773/754/752 1279/833/831 1280/834/832
f 53/774/772 364/773/771 1282/836/834 778/839/837
f 778/839/837 1282/836/834 1283/831/829 779/838/836
f 364/773/771 365/775/773 1281/835/833 1282/836/834
f 1284/840/838 1287/841/839 1288/842/840 1285/843/841
f 1285/843/841 1288/842/840 1289/844/842 1286/845/843
f 1287/841/839 1290/846/844 1291/847/845 1288/842/840
f 1288/842/840 1291/847/845 1292/848/846 1289/844/842
f 45/654/652 367/766/764 1284/840/838 321/652/650
f 321/652/650 1284/840/838 1285/843/841 320/651/649
f 320/651/649 1285/843/841 1286/845/843 319/649/647
f 319/649/647 1286/845/843 372/785/783 44/650/648
f 1286/845/843 1289/844/842 371/795/793 372/785/783
f 1289/844/842 1292/848/846 370/793/791 371/795/793
f 1292/848/846 358/849/847 51/794/792 370/793/791
f 1291/847/845 359/850/848 358/849/847 1292/848/846
f 1290/846/844 360/851/849 359/850/848 1291/847/845
f 369/768/766 52/770/768 360/851/849 1290/846/844
f 368/767/765 369/768/766 1290/846/844 1287/841/839
f 367/766/764 368/767/765 1287/841/839 1284/840/838
f 1293/852/850 1296/853/851 1297/854/852 1294/855/853
f 1294/855/853 1297/854/852 1298/856/854 1295/857/855
f 1296/853/851 1299/858/856 1300/859/857 1297/854/852
f 1297/854/852 1300/859/857 1301/860/858 1298/856/854
f 43/674/672 373/786/784 1293/852/850 315/672/670
f 315/672/670 1293/852/850 1294/855/853 314/671/669
f 314/671/669 1294/855/853 1295/857/855 313/669/667
f 313/669/667 1295/857/855 378/805/803 42/670/668
f 1295/857/855 1298/856/854 377/815/813 378/805/803
f 1298/856/854 1301/860/858 376/813/811 377/815/813
f 1301/860/858 352/861/859 49/814/812 376/813/811
f 1300/859/857 353/862/860 352/861/859 1301/860/858
f 1299/858/856 354/863/861 353/862/860 1300/859/857
f 375/788/786 50/790/788 354/863/861 1299/858/856
f 374/787/785 375/788/786 1299/858/856 1296/853/851
f 373/786/784 374/787/785 1296/853/851 1293/852/850
f 1302/864/862 1305/865/863 1306/866/864 1303/867/865
f 1303/867/865 1306/866/864 1307/868/866 1304/869/867
f 1305/865/863 1308/870/868 1309/871/869 1306/866/864
f 1306/866/864 1309/871/869 1310/872/870 1307/868/866
f 41/694/692 379/806/804 1302/864/862 309/692/690
f 309/692/690 1302/864/862 1303/867/865 308/691/689
f 308/691/689 1303/867/865 1304/869/867 307/689/687
f 307/689/687 1304/869/867 384/823/821 40/690/688
f 1304/869/867 1307/868/866 383/824/822 384/823/821
f 1307/868/866 1310/872/870 382/829/827 383/824/822
f 1310/872/870 346/873/871 47/827/825 382/829/827
f 1309/871/869 347/874/872 346/873/871 1310/872/870
f 1308/870/868 348/875/873 347/874/872 1309/871/869
f 381/808/806 48/810/808 348/875/873 1308/870/868
f 380/807/805 381/808/806 1308/870/868 1305/865/863
f 379/806/804 380/807/805 1305/865/863 1302/864/862
f 1311/876/874 1314/877/875 1315/878/876 1312/879/877
f 1312/879/877 1315/878/876 1316/880/878 1313/881/879
f 1314/877/875 1317/882/880 1318/883/881 1315/878/876
f 1315/878/876 1318/883/881 1319/884/882 1316/880/878
f 51/794/792 408/885/883 1311/876/874 357/792/790
f 357/792/790 1311/876/874 1312/879/877 356/791/789
f 356/791/789 1312/879/877 1313/881/879 355/789/787
f 355/789/787 1313/881/879 409/886/884 50/790/788
f 1313/881/879 1316/880/878 410/887/885 409/886/884
f 1316/880/878 1319/884/882 411/888/886 410/887/885
f 1319/884/882 394/889/887 57/890/888 411/888/886
f 1318/883/881 395/891/889 394/889/887 1319/884/882
f 1317/882/880 396/892/890 395/891/889 1318/883/881
f 406/893/891 58/894/892 396/892/890 1317/882/880
f 407/895/893 406/893/891 1317/882/880 1314/877/875
f 408/885/883 407/895/893 1314/877/875 1311/876/874
f 1320/896/894 1323/897/895 1324/898/896 1321/899/897
f 1321/899/897 1324/898/896 1325/900/898 1322/901/899
f 1323/897/895 1326/902/900 1327/903/901 1324/898/896
f 1324/898/896 1327/903/901 1328/904/902 1325/900/898
f 49/814/812 414/905/903 1320/896/894 351/812/810
f 351/812/810 1320/896/894 1321/899/897 350/811/809
f 350/811/809 1321/899/897 1322/901/899 349/809/807
f 349/809/807 1322/901/899 415/906/904 48/810/808
f 1322/901/899 1325/900/898 416/907/905 415/906/904
f 1325/900/898 1328/904/902 417/908/906 416/907/905
f 1328/904/902 388/909/907 55/910/908 417/908/906
f 1327/903/901 389/911/909 388/909/907 1328/904/902
f 1326/902/900 390/912/910 389/911/909 1327/903/901
f 412/913/911 56/914/912 390/912/910 1326/902/900
f 413/915/913 412/913/911 1326/902/900 1323/897/895
f 414/905/903 413/915/913 1323/897/895 1320/896/894
f 1330/916/914 1335/917/915 1329/918/916 1331/919/917
f 1332/920/918 1331/919/917 1329/918/916 1333/921/919
f 1334/922/920 1333/921/919 1329/918/916 1335/917/915
f 47/827/825 420/923/921 1330/916/914 777/828/826
f 777/828/826 1330/916/914 1331/919/917 776/826/824
f 420/923/921 419/924/922 1335/917/915 1330/916/914
f 62/63/63 775/825/823 1332/920/918 781/925/923
f 781/925/923 1332/920/918 1333/921/919 782/926/924
f 775/825/823 776/826/824 1331/919/917 1332/920/918
f 54/927/925 783/928/926 1334/922/920 418/929/927
f 418/929/927 1334/922/920 1335/917/915 419/924/922
f 783/928/926 782/926/924 1333/921/919 1334/922/920
f 1337/930/928 1342/931/929 1336/932/930 1338/933/931
f 1339/934/932 1338/933/931 1336/932/930 1340/935/933
f 1341/936/934 1340/935/933 1336/932/930 1342/931/929
f 61/77/77 405/937/935 1337/930/928 780/837/835
f 780/837/835 1337/930/928 1338/933/931 779/838/836
f 405/937/935 404/938/936 1342/931/929 1337/930/928
f 53/774/772 778/839/837 1339/934/932 421/939/937
f 421/939/937 1339/934/932 1340/935/933 422/940/938
f 778/839/837 779/838/836 1338/933/931 1339/934/932
f 60/941/939 423/942/940 1341/936/934 403/943/941
f 403/943/941 1341/936/934 1342/931/929 404/938/936
f 423/942/940 422/940/938 1340/935/933 1341/936/934
f 1343/944/942 1346/945/943 1347/946/944 1344/947/945
f 1344/947/945 1347/946/944 1348/948/946 1345/949/947
f 1346/945/943 1349/950/948 1350/951/949 1347/946/944
f 1347/946/944 1350/951/949 1351/952/950 1348/948/946
f 52/770/768 426/953/951 1343/944/942 360/851/849
f 360/851/849 1343/944/942 1344/947/945 359/850/848
f 359/850/848 1344/947/945 1345/949/947 358/849/847
f 358/849/847 1345/949/947 408/885/883 51/794/792
f 1345/949/947 1348/948/946 407/895/893 408/885/883
f 1348/948/946 1351/952/950 406/893/891 407/895/893
f 1351/952/950 397/954/952 58/894/892 406/893/891
f 1350/951/949 398/955/953 397/954/952 1351/952/950
f 1349/950/948 399/956/954 398/955/953 1350/951/949
f 424/957/955 59/958/956 399/956/954 1349/950/948
f 425/959/957 424/957/955 1349/950/948 1346/945/943
f 426/953/951 425/959/957 1346/945/943 1343/944/942
f 1352/960/958 1355/961/959 1356/962/960 1353/963/961
f 1353/963/961 1356/962/960 1357/964/962 1354/965/963
f 1355/961/959 1358/966/964 1359/967/965 1356/962/960
f 1356/962/960 1359/967/965 1360/968/966 1357/964/962
f 50/790/788 409/886/884 1352/960/958 354/863/861
f 354/863/861 1352/960/958 1353/963/961 353/862/860
f 353/862/860 1353/963/961 1354/965/963 352/861/859
f 352/861/859 1354/965/963 414/905/903 49/814/812
f 1354/965/963 1357/964/962 413/915/913 414/905/903
f 1357/964/962 1360/968/966 412/913/911 413/915/913
f 1360/968/966 391/969/967 56/914/912 412/913/911
f 1359/967/965 392/970/968 391/969/967 1360/968/966
f 1358/966/964 393/971/969 392/970/968 1359/967/965
f 411/888/886 57/890/888 393/971/969 1358/966/964
f 410/887/885 411/888/886 1358/966/964 1355/961/959
f 409/886/884 410/887/885 1355/961/959 1352/960/958
f 1361/972/970 1364/973/971 1365/974/972 1362/975/973
f 1362/975/973 1365/974/972 1366/976/974 1363/977/975
f 1364/973/971 1367/978/976 1368/979/977 1365/974/972
f 1365/974/972 1368/979/977 1369/980/978 1366/976/974
f 48/810/808 415/906/904 1361/972/970 348/875/873
f 348/875/873 1361/972/970 1362/975/973 347/874/872
f 347/874/872 1362/975/973 1363/977/975 346/873/871
f 346/873/871 1363/977/975 420/923/921 47/827/825
f 1363/977/975 1366/976/974 419/924/922 420/923/921
f 1366/976/974 1369/980/978 418/929/927 419/924/922
f 1369/980/978 385/981/979 54/927/925 418/929/927
f 1368/979/977 386/982/980 385/981/979 1369/980/978
f 1367/978/976 387/983/981 386/982/980 1368/979/977
f 417/908/906 55/910/908 387/983/981 1367/978/976
f 416/907/905 417/908/906 1367/978/976 1364/973/971
f 415/906/904 416/907/905 1364/973/971 1361/972/970
f 1370/984/982 1373/985/983 1374/986/984 1371/987/985
f 1371/987/985 1374/986/984 1375/988/986 1372/989/987
f 1373/985/983 1376/990/988 1377/991/989 1374/986/984
f 1374/986/984 1377/991/989 1378/992/990 1375/988/986
f 53/774/772 421/939/937 1370/984/982 363/772/770
f 363/772/770 1370/984/982 1371/987/985 362/771/769
f 362/771/769 1371/987/985 1372/989/987 361/769/767
f 361/769/767 1372/989/987 426/953/951 52/770/768
f 1372/989/987 1375/988/986 425/959/957 426/953/951
f 1375/988/986 1378/992/990 424/957/955 425/959/957
f 1378/992/990 400/993/991 59/958/956 424/957/955
f 1377/991/989 401/994/992 400/993/991 1378/992/990
f 1376/990/988 402/995/993 401/994/992 1377/991/989
f 423/942/940 60/941/939 402/995/993 1376/990/988
f 422/940/938 423/942/940 1376/990/988 1373/985/983
f 421/939/937 422/940/938 1373/985/983 1370/984/982
f 1380/996/994 1385/997/995 1379/998/996 1381/999/997
f 1382/1000/998 1381/999/997 1379/998/996 1383/1001/999
f 1384/1002/1000 1383/1001/999 1379/998/996 1385/997/995
f 61/77/77 786/1003/1001 1380/996/994 405/937/935
f 405/937/935 1380/996/994 1381/999/997 404/938/936
f 786/1003/1001 785/1004/1002 1385/997/995 1380/996/994
f 60/941/939 403/943/941 1382/1000/998 448/1005/1003
f 448/1005/1003 1382/1000/998 1383/1001/999 449/1006/1004
f 403/943/941 404/938/936 1381/999/997 1382/1000/998
f 69/1007/1005 450/1008/1006 1384/1002/1000 784/1009/1007
f 784/1009/1007 1384/1002/1000 1385/997/995 785/1004/1002
f 450/1008/1006 449/1006/1004 1383/1001/999 1384/1002/1000
f 1386/1010/1008 1389/1011/1009 1390/1012/1010 1387/1013/1011
f 1387/1013/1011 1390/1012/1010 1391/1014/1012 1388/1015/1013
f 1389/1011/1009 1392/1016/1014 1393/1017/1015 1390/1012/1010
f 1390/1012/1010 1393/1017/1015 1394/1018/1016 1391/1014/1012
f 59/958/956 453/1019/1017 1386/1010/1008 399/956/954
f 399/956/954 1386/1010/1008 1387/1013/1011 398/955/953
f 398/955/953 1387/1013/1011 1388/1015/1013 397/954/952
f 397/954/952 1388/1015/1013 454/1020/1018 58/894/892
f 1388/1015/1013 1391/1014/1012 455/1021/1019 454/1020/1018
f 1391/1014/1012 1394/1018/1016 456/1022/1020 455/1021/1019
f 1394/1018/1016 442/1023/1021 67/1024/1022 456/1022/1020
f 1393/1017/1015 443/1025/1023 442/1023/1021 1394/1018/1016
f 1392/1016/1014 444/1026/1024 443/1025/1023 1393/1017/1015
f 451/1027/1025 68/1028/1026 444/1026/1024 1392/1016/1014
f 452/1029/1027 451/1027/1025 1392/1016/1014 1389/1011/1009
f 453/1019/1017 452/1029/1027 1389/1011/1009 1386/1010/1008
f 1395/1030/1028 1398/1031/1029 1399/1032/1030 1396/1033/1031
f 1396/1033/1031 1399/1032/1030 1400/1034/1032 1397/1035/1033
f 1398/1031/1029 1401/1036/1034 1402/1037/1035 1399/1032/1030
f 1399/1032/1030 1402/1037/1035 1403/1038/1036 1400/1034/1032
f 57/890/888 459/1039/1037 1395/1030/1028 393/971/969
f 393/971/969 1395/1030/1028 1396/1033/1031 392/970/968
f 392/970/968 1396/1033/1031 1397/1035/1033 391/969/967
f 391/969/967 1397/1035/1033 460/1040/1038 56/914/912
f 1397/1035/1033 1400/1034/1032 461/1041/1039 460/1040/1038
f 1400/1034/1032 1403/1038/1036 462/1042/1040 461/1041/1039
f 1403/1038/1036 436/1043/1041 65/1044/1042 462/1042/1040
f 1402/1037/1035 437/1045/1043 436/1043/1041 1403/1038/1036
f 1401/1036/1034 438/1046/1044 437/1045/1043 1402/1037/1035
f 457/1047/1045 66/1048/1046 438/1046/1044 1401/1036/1034
f 458/1049/1047 457/1047/1045 1401/1036/1034 1398/1031/1029
f 459/1039/1037 458/1049/1047 1398/1031/1029 1395/1030/1028
f 1404/1050/1048 1407/1051/1049 1408/1052/1050 1405/1053/1051
f 1405/1053/1051 1408/1052/1050 1409/1054/1052 1406/1055/1053
f 1407/1051/1049 1410/1056/1054 1411/1057/1055 1408/1052/1050
f 1408/1052/1050 1411/1057/1055 1412/1058/1056 1409/1054/1052
f 55/910/908 465/1059/1057 1404/1050/1048 387/983/981
f 387/983/981 1404/1050/1048 1405/1053/1051 386/982/980
f 386/982/980 1405/1053/1051 1406/1055/1053 385/981/979
f 385/981/979 1406/1055/1053 466/1060/1058 54/927/925
f 1406/1055/1053 1409/1054/1052 467/1061/1059 466/1060/1058
f 1409/1054/1052 1412/1058/1056 468/1062/1060 467/1061/1059
f 1412/1058/1056 430/1063/1061 63/1064/1062 468/1062/1060
f 1411/1057/1055 431/1065/1063 430/1063/1061 1412/1058/1056
f 1410/1056/1054 432/1066/1064 431/1065/1063 1411/1057/1055
f 463/1067/1065 64/1068/1066 432/1066/1064 1410/1056/1054
f 464/1069/1067 463/1067/1065 1410/1056/1054 1407/1051/1049
f 465/1059/1057 464/1069/1067 1407/1051/1049 1404/1050/1048
f 1413/1070/1068 1416/1071/1069 1417/1072/1070 1414/1073/1071
f 1414/1073/1071 1417/1072/1070 1418/1074/1072 1415/1075/1073
f 1416/1071/1069 1419/1076/1074 1420/1077/1075 1417/1072/1070
f 1417/1072/1070 1420/1077/1075 1421/1078/1076 1418/1074/1072
f 60/941/939 448/1005/1003 1413/1070/1068 402/995/993
f 402/995/993 1413/1070/1068 1414/1073/1071 401/994/992
f 401/994/992 1414/1073/1071 1415/1075/1073 400/993/991
f 400/993/991 1415/1075/1073 453/1019/1017 59/958/956
f 1415/1075/1073 1418/1074/1072 452/1029/1027 453/1019/1017
f 1418/1074/1072 1421/1078/1076 451/1027/1025 452/1029/1027
f 1421/1078/1076 445/1079/1077 68/1028/1026 451/1027/1025
f 1420/1077/1075 446/1080/1078 445/1079/1077 1421/1078/1076
f 1419/1076/1074 447/1081/1079 446/1080/1078 1420/1077/1075
f 450/1008/1006 69/1007/1005 447/1081/1079 1419/1076/1074
f 449/1006/1004 450/1008/1006 1419/1076/1074 1416/1071/1069
f 448/1005/1003 449/1006/1004 1416/1071/1069 1413/1070/1068
f 1422/1082/1080 1425/1083/1081 1426/1084/1082 1423/1085/1083
f 1423/1085/1083 1426/1084/1082 1427/1086/1084 1424/1087/1085
f 1425/1083/1081 1428/1088/1086 1429/1089/1087 1426/1084/1082
f 1426/1084/1082 1429/1089/1087 1430/1090/1088 1427/1086/1084
f 58/894/892 454/1020/1018 1422/1082/1080 396/892/890
f 396/892/890 1422/1082/1080 1423/1085/1083 395/891/889
f 395/891/889 1423/1085/1083 1424/1087/1085 394/889/887
f 394/889/887 1424/1087/1085 459/1039/1037 57/890/888
f 1424/1087/1085 1427/1086/1084 458/1049/1047 459/1039/1037
f 1427/1086/1084 1430/1090/1088 457/1047/1045 458/1049/1047
f 1430/1090/1088 439/1091/1089 66/1048/1046 457/1047/1045
f 1429/1089/1087 440/1092/1090 439/1091/1089 1430/1090/1088
f 1428/1088/1086 441/1093/1091 440/1092/1090 1429/1089/1087
f 456/1022/1020 67/1024/1022 441/1093/1091 1428/1088/1086
f 455/1021/1019 456/1022/1020 1428/1088/1086 1425/1083/1081
f 454/1020/1018 455/1021/1019 1425/1083/1081 1422/1082/1080
f 1431/1094/1092 1434/1095/1093 1435/1096/1094 1432/1097/1095
f 1432/1097/1095 1435/1096/1094 1436/1098/1096 1433/1099/1097
f 1434/1095/1093 1437/1100/1098 1438/1101/1099 1435/1096/1094
f 1435/1096/1094 1438/1101/1099 1439/1102/1100 1436/1098/1096
f 56/914/912 460/1040/1038 1431/1094/1092 390/912/910
f 390/912/910 1431/1094/1092 1432/1097/1095 389/911/909
f 389/911/909 1432/1097/1095 1433/1099/1097 388/909/907
f 388/909/907 1433/1099/1097 465/1059/1057 55/910/908
f 1433/1099/1097 1436/1098/1096 464/1069/1067 465/1059/1057
f 1436/1098/1096 1439/1102/1100 463/1067/1065 464/1069/1067
f 1439/1102/1100 433/1103/1101 64/1068/1066 463/1067/1065
f 1438/1101/1099 434/1104/1102 433/1103/1101 1439/1102/1100
f 1437/1100/1098 435/1105/1103 434/1104/1102 1438/1101/1099
f 462/1042/1040 65/1044/1042 435/1105/1103 1437/1100/1098
f 461/1041/1039 462/1042/1040 1437/1100/1098 1434/1095/1093
f 460/1040/1038 461/1041/1039 1434/1095/1093 1431/1094/1092
f 1441/1106/1104 1446/1107/1105 1440/1108/1106 1442/1109/1107
f 1443/1110/1108 1442/1109/1107 1440/1108/1106 1444/1111/1109
f 1445/1112/1110 1444/1111/1109 1440/1108/1106 1446/1107/1105
f 54/927/925 466/1060/1058 1441/1106/1104 783/928/926
f 783/928/926 1441/1106/1104 1442/1109/1107 782/926/924
f 466/1060/1058 467/1061/1059 1446/1107/1105 1441/1106/1104
f 62/63/63 781/925/923 1443/1110/1108 427/1113/1111
f 427/1113/1111 1443/1110/1108 1444/1111/1109 428/1114/1112
f 781/925/923 782/926/924 1442/1109/1107 1443/1110/1108
f 63/1064/1062 429/1115/1113 1445/1112/1110 468/1062/1060
f 468/1062/1060 1445/1112/1110 1446/1107/1105 467/1061/1059
f 429/1115/1113 428/1114/1112 1444/1111/1109 1445/1112/1110
f 1447/1116/1114 1450/1117/1115 1451/1118/1116 1448/1119/1117
f 1448/1119/1117 1451/1118/1116 1452/1120/1118 1449/1121/1119
f 1450/1117/1115 1453/1122/1120 1454/1123/1121 1451/1118/1116
f 1451/1118/1116 1454/1123/1121 1455/1124/1122 1452/1120/1118
f 66/1048/1046 489/1125/1123 1447/1116/1114 438/1046/1044
f 438/1046/1044 1447/1116/1114 1448/1119/1117 437/1045/1043
f 437/1045/1043 1448/1119/1117 1449/1121/1119 436/1043/1041
f 436/1043/1041 1449/1121/1119 490/1126/1124 65/1044/1042
f 1449/1121/1119 1452/1120/1118 491/1127/1125 490/1126/1124
f 1452/1120/1118 1455/1124/1122 492/1128/1126 491/1127/1125
f 1455/1124/1122 475/1129/1127 72/1130/1128 492/1128/1126
f 1454/1123/1121 476/1131/1129 475/1129/1127 1455/1124/1122
f 1453/1122/1120 477/1132/1130 476/1131/1129 1454/1123/1121
f 487/1133/1131 73/1134/1132 477/1132/1130 1453/1122/1120
f 488/1135/1133 487/1133/1131 1453/1122/1120 1450/1117/1115
f 489/1125/1123 488/1135/1133 1450/1117/1115 1447/1116/1114
f 1456/1136/1134 1459/1137/1135 1460/1138/1136 1457/1139/1137
f 1457/1139/1137 1460/1138/1136 1461/1140/1138 1458/1141/1139
f 1459/1137/1135 1462/1142/1140 1463/1143/1141 1460/1138/1136
f 1460/1138/1136 1463/1143/1141 1464/1144/1142 1461/1140/1138
f 64/1068/1066 495/1145/1143 1456/1136/1134 432/1066/1064
f 432/1066/1064 1456/1136/1134 1457/1139/1137 431/1065/1063
f 431/1065/1063 1457/1139/1137 1458/1141/1139 430/1063/1061
f 430/1063/1061 1458/1141/1139 496/1146/1144 63/1064/1062
f 1458/1141/1139 1461/1140/1138 497/1147/1145 496/1146/1144
f 1461/1140/1138 1464/1144/1142 498/1148/1146 497/1147/1145
f 1464/1144/1142 469/1149/1147 70/1150/1148 498/1148/1146
f 1463/1143/1141 470/1151/1149 469/1149/1147 1464/1144/1142
f 1462/1142/1140 471/1152/1150 470/1151/1149 1463/1143/1141
f 493/1153/1151 71/1154/1152 471/1152/1150 1462/1142/1140
f 494/1155/1153 493/1153/1151 1462/1142/1140 1459/1137/1135
f 495/1145/1143 494/1155/1153 1459/1137/1135 1456/1136/1134
f 1465/1156/1154 1468/1157/1155 1469/1158/1156 1466/1159/1157
f 1466/1159/1157 1469/1158/1156 1470/1160/1158 1467/1161/1159
f 1468/1157/1155 1471/1162/1160 1472/1163/1161 1469/1158/1156
f 1469/1158/1156 1472/1163/1161 1473/1164/1162 1470/1160/1158
f 69/1007/1005 501/1165/1163 1465/1156/1154 447/1081/1079
f 447/1081/1079 1465/1156/1154 1466/1159/1157 446/1080/1078
f 446/1080/1078 1466/1159/1157 1467/1161/1159 445/1079/1077
f 445/1079/1077 1467/1161/1159 502/1166/1164 68/1028/1026
f 1467/1161/1159 1470/1160/1158 503/1167/1165 502/1166/1164
f 1470/1160/1158 1473/1164/1162 504/1168/1166 503/1167/1165
f 1473/1164/1162 484/1169/1167 75/1170/1168 504/1168/1166
f 1472/1163/1161 485/1171/1169 484/1169/1167 1473/1164/1162
f 1471/1162/1160 486/1172/1170 485/1171/1169 1472/1163/1161
f 499/1173/1171 76/1174/1172 486/1172/1170 1471/1162/1160
f 500/1175/1173 499/1173/1171 1471/1162/1160 1468/1157/1155
f 501/1165/1163 500/1175/1173 1468/1157/1155 1465/1156/1154
f 1474/1176/1174 1477/1177/1175 1478/1178/1176 1475/1179/1177
f 1475/1179/1177 1478/1178/1176 1479/1180/1178 1476/1181/1179
f 1477/1177/1175 1480/1182/1180 1481/1183/1181 1478/1178/1176
f 1478/1178/1176 1481/1183/1181 1482/1184/1182 1479/1180/1178
f 67/1024/1022 507/1185/1183 1474/1176/1174 441/1093/1091
f 441/1093/1091 1474/1176/1174 1475/1179/1177 440/1092/1090
f 440/1092/1090 1475/1179/1177 1476/1181/1179 439/1091/1089
f 439/1091/1089 1476/1181/1179 489/1125/1123 66/1048/1046
f 1476/1181/1179 1479/1180/1178 488/1135/1133 489/1125/1123
f 1479/1180/1178 1482/1184/1182 487/1133/1131 488/1135/1133
f 1482/1184/1182 478/1186/1184 73/1134/1132 487/1133/1131
f 1481/1183/1181 479/1187/1185 478/1186/1184 1482/1184/1182
f 1480/1182/1180 480/1188/1186 479/1187/1185 1481/1183/1181
f 505/1189/1187 74/1190/1188 480/1188/1186 1480/1182/1180
f 506/1191/1189 505/1189/1187 1480/1182/1180 1477/1177/1175
f 507/1185/1183 506/1191/1189 1477/1177/1175 1474/1176/1174
f 1483/1192/1190 1486/1193/1191 1487/1194/1192 1484/1195/1193
f 1484/1195/1193 1487/1194/1192 1488/1196/1194 1485/1197/1195
f 1486/1193/1191 1489/1198/1196 1490/1199/1197 1487/1194/1192
f 1487/1194/1192 1490/1199/1197 1491/1200/1198 1488/1196/1194
f 65/1044/1042 490/1126/1124 1483/1192/1190 435/1105/1103
f 435/1105/1103 1483/1192/1190 1484/1195/1193 434/1104/1102
f 434/1104/1102 1484/1195/1193 1485/1197/1195 433/1103/1101
f 433/1103/1101 1485/1197/1195 495/1145/1143 64/1068/1066
f 1485/1197/1195 1488/1196/1194 494/1155/1153 495/1145/1143
f 1488/1196/1194 1491/1200/1198 493/1153/1151 494/1155/1153
f 1491/1200/1198 472/1201/1199 71/1154/1152 493/1153/1151
f 1490/1199/1197 473/1202/1200 472/1201/1199 1491/1200/1198
f 1489/1198/1196 474/1203/1201 473/1202/1200 1490/1199/1197
f 492/1128/1126 72/1130/1128 474/1203/1201 1489/1198/1196
f 491/1127/1125 492/1128/1126 1489/1198/1196 1486/1193/1191
f 490/1126/1124 491/1127/1125 1486/1193/1191 1483/1192/1190
f 1493/1204/1202 1498/1205/1203 1492/1206/1204 1494/1207/1205
f 1495/1208/1206 1494/1207/1205 1492/1206/1204 1496/1209/1207
f 1497/1210/1208 1496/1209/1207 1492/1206/1204 1498/1205/1203
f 63/1064/1062 496/1146/1144 1493/1204/1202 429/1115/1113
f 429/1115/1113 1493/1204/1202 1494/1207/1205 428/1114/1112
f 496/1146/1144 497/1147/1145 1498/1205/1203 1493/1204/1202
f 62/63/63 427/1113/1111 1495/1208/1206 787/1211/1209
f 787/1211/1209 1495/1208/1206 1496/1209/1207 788/1212/1210
f 427/1113/1111 428/1114/1112 1494/1207/1205 1495/1208/1206
f 70/1150/1148 789/1213/1211 1497/1210/1208 498/1148/1146
f 498/1148/1146 1497/1210/1208 1498/1205/1203 497/1147/1145
f 789/1213/1211 788/1212/1210 1496/1209/1207 1497/1210/1208
f 1500/1214/1212 1505/1215/1213 1499/1216/1214 1501/1217/1215
f 1502/1218/1216 1501/1217/1215 1499/1216/1214 1503/1219/1217
f 1504/1220/1218 1503/1219/1217 1499/1216/1214 1505/1215/1213
f 61/77/77 792/1221/1219 1500/1214/1212 786/1003/1001
f 786/1003/1001 1500/1214/1212 1501/1217/1215 785/1004/1002
f 792/1221/1219 791/1222/1220 1505/1215/1213 1500/1214/1212
f 69/1007/1005 784/1009/1007 1502/1218/1216 501/1165/1163
f 501/1165/1163 1502/1218/1216 1503/1219/1217 500/1175/1173
f 784/1009/1007 785/1004/1002 1501/1217/1215 1502/1218/1216
f 76/1174/1172 499/1173/1171 1504/1220/1218 790/1223/1221
f 790/1223/1221 1504/1220/1218 1505/1215/1213 791/1222/1220
f 499/1173/1171 500/1175/1173 1503/1219/1217 1504/1220/1218
f 1506/1224/1222 1509/1225/1223 1510/1226/1224 1507/1227/1225
f 1507/1227/1225 1510/1226/1224 1511/1228/1226 1508/1229/1227
f 1509/1225/1223 1512/1230/1228 1513/1231/1229 1510/1226/1224
f 1510/1226/1224 1513/1231/1229 1514/1232/1230 1511/1228/1226
f 68/1028/1026 502/1166/1164 1506/1224/1222 444/1026/1024
f 444/1026/1024 1506/1224/1222 1507/1227/1225 443/1025/1023
f 443/1025/1023 1507/1227/1225 1508/1229/1227 442/1023/1021
f 442/1023/1021 1508/1229/1227 507/1185/1183 67/1024/1022
f 1508/1229/1227 1511/1228/1226 506/1191/1189 507/1185/1183
f 1511/1228/1226 1514/1232/1230 505/1189/1187 506/1191/1189
f 1514/1232/1230 481/1233/1231 74/1190/1188 505/1189/1187
f 1513/1231/1229 482/1234/1232 481/1233/1231 1514/1232/1230
f 1512/1230/1228 483/1235/1233 482/1234/1232 1513/1231/1229
f 504/1168/1166 75/1170/1168 483/1235/1233 1512/1230/1228
f 503/1167/1165 504/1168/1166 1512/1230/1228 1509/1225/1223
f 502/1166/1164 503/1167/1165 1509/1225/1223 1506/1224/1222
f 1515/1236/1234 1518/1237/1235 1519/1238/1236 1516/1239/1237
f 1516/1239/1237 1519/1238/1236 1520/1240/1238 1517/1241/1239
f 1518/1237/1235 1521/1242/1240 1522/1243/1241 1519/1238/1236
f 1519/1238/1236 1522/1243/1241 1523/1244/1242 1520/1240/1238
f 76/1174/1172 528/1245/1243 1515/1236/1234 486/1172/1170
f 486/1172/1170 1515/1236/1234 1516/1239/1237 485/1171/1169
f 485/1171/1169 1516/1239/1237 1517/1241/1239 484/1169/1167
f 484/1169/1167 1517/1241/1239 529/1246/1244 75/1170/1168
f 1517/1241/1239 1520/1240/1238 530/1247/1245 529/1246/1244
f 1520/1240/1238 1523/1244/1242 531/1248/1246 530/1247/1245
f 1523/1244/1242 523/1249/1247 82/1250/1248 531/1248/1246
f 1522/1243/1241 524/1251/1249 523/1249/1247 1523/1244/1242
f 1521/1242/1240 525/1252/1250 524/1251/1249 1522/1243/1241
f 526/1253/1251 83/1254/1252 525/1252/1250 1521/1242/1240
f 527/1255/1253 526/1253/1251 1521/1242/1240 1518/1237/1235
f 528/1245/1243 527/1255/1253 1518/1237/1235 1515/1236/1234
f 1524/1256/1254 1527/1257/1255 1528/1258/1256 1525/1259/1257
f 1525/1259/1257 1528/1258/1256 1529/1260/1258 1526/1261/1259
f 1527/1257/1255 1530/1262/1260 1531/1263/1261 1528/1258/1256
f 1528/1258/1256 1531/1263/1261 1532/1264/1262 1529/1260/1258
f 74/1190/1188 534/1265/1263 1524/1256/1254 480/1188/1186
f 480/1188/1186 1524/1256/1254 1525/1259/1257 479/1187/1185
f 479/1187/1185 1525/1259/1257 1526/1261/1259 478/1186/1184
f 478/1186/1184 1526/1261/1259 535/1266/1264 73/1134/1132
f 1526/1261/1259 1529/1260/1258 536/1267/1265 535/1266/1264
f 1529/1260/1258 1532/1264/1262 537/1268/1266 536/1267/1265
f 1532/1264/1262 517/1269/1267 80/1270/1268 537/1268/1266
f 1531/1263/1261 518/1271/1269 517/1269/1267 1532/1264/1262
f 1530/1262/1260 519/1272/1270 518/1271/1269 1531/1263/1261
f 532/1273/1271 81/1274/1272 519/1272/1270 1530/1262/1260
f 533/1275/1273 532/1273/1271 1530/1262/1260 1527/1257/1255
f 534/1265/1263 533/1275/1273 1527/1257/1255 1524/1256/1254
f 1533/1276/1274 1536/1277/1275 1537/1278/1276 1534/1279/1277
f 1534/1279/1277 1537/1278/1276 1538/1280/1278 1535/1281/1279
f 1536/1277/1275 1539/1282/1280 1540/1283/1281 1537/1278/1276
f 1537/1278/1276 1540/1283/1281 1541/1284/1282 1538/1280/1278
f 72/1130/1128 540/1285/1283 1533/1276/1274 474/1203/1201
f 474/1203/1201 1533/1276/1274 1534/1279/1277 473/1202/1200
f 473/1202/1200 1534/1279/1277 1535/1281/1279 472/1201/1199
f 472/1201/1199 1535/1281/1279 541/1286/1284 71/1154/1152
f 1535/1281/1279 1538/1280/1278 542/1287/1285 541/1286/1284
f 1538/1280/1278 1541/1284/1282 543/1288/1286 542/1287/1285
f 1541/1284/1282 511/1289/1287 78/1290/1288 543/1288/1286
f 1540/1283/1281 512/1291/1289 511/1289/1287 1541/1284/1282
f 1539/1282/1280 513/1292/1290 512/1291/1289 1540/1283/1281
f 538/1293/1291 79/1294/1292 513/1292/1290 1539/1282/1280
f 539/1295/1293 538/1293/1291 1539/1282/1280 1536/1277/1275
f 540/1285/1283 539/1295/1293 1536/1277/1275 1533/1276/1274
f 1543/1296/1294 1548/1297/1295 1542/1298/1296 1544/1299/1297
f 1545/1300/1298 1544/1299/1297 1542/1298/1296 1546/1301/1299
f 1547/1302/1300 1546/1301/1299 1542/1298/1296 1548/1297/1295
f 70/1150/1148 546/1303/1301 1543/1296/1294 789/1213/1211
f 789/1213/1211 1543/1296/1294 1544/1299/1297 788/1212/1210
f 546/1303/1301 545/1304/1302 1548/1297/1295 1543/1296/1294
f 62/63/63 787/1211/1209 1545/1300/1298 793/1305/1303
f 793/1305/1303 1545/1300/1298 1546/1301/1299 794/1306/1304
f 787/1211/1209 788/1212/1210 1544/1299/1297 1545/1300/1298
f 77/1307/1305 795/1308/1306 1547/1302/1300 544/1309/1307
f 544/1309/1307 1547/1302/1300 1548/1297/1295 545/1304/1302
f 795/1308/1306 794/1306/1304 1546/1301/1299 1547/1302/1300
f 1550/1310/1308 1555/1311/1309 1549/1312/1310 1551/1313/1311
f 1552/1314/1312 1551/1313/1311 1549/1312/1310 1553/1315/1313
f 1554/1316/1314 1553/1315/1313 1549/1312/1310 1555/1311/1309
f 61/77/77 798/1317/1315 1550/1310/1308 792/1221/1219
f 792/1221/1219 1550/1310/1308 1551/1313/1311 791/1222/1220
f 798/1317/1315 797/1318/1316 1555/1311/1309 1550/1310/1308
f 76/1174/1172 790/1223/1221 1552/1314/1312 528/1245/1243
f 528/1245/1243 1552/1314/1312 1553/1315/1313 527/1255/1253
f 790/1223/1221 791/1222/1220 1551/1313/1311 1552/1314/1312
f 83/1254/1252 526/1253/1251 1554/1316/1314 796/1319/1317
f 796/1319/1317 1554/1316/1314 1555/1311/1309 797/1318/1316
f 526/1253/1251 527/1255/1253 1553/1315/1313 1554/1316/1314
f 1556/1320/1318 1559/1321/1319 1560/1322/1320 1557/1323/1321
f 1557/1323/1321 1560/1322/1320 1561/1324/1322 1558/1325/1323
f 1559/1321/1319 1562/1326/1324 1563/1327/1325 1560/1322/1320
f 1560/1322/1320 1563/1327/1325 1564/1328/1326 1561/1324/1322
f 75/1170/1168 529/1246/1244 1556/1320/1318 483/1235/1233
f 483/1235/1233 1556/1320/1318 1557/1323/1321 482/1234/1232
f 482/1234/1232 1557/1323/1321 1558/1325/1323 481/1233/1231
f 481/1233/1231 1558/1325/1323 534/1265/1263 74/1190/1188
f 1558/1325/1323 1561/1324/1322 533/1275/1273 534/1265/1263
f 1561/1324/1322 1564/1328/1326 532/1273/1271 533/1275/1273
f 1564/1328/1326 520/1329/1327 81/1274/1272 532/1273/1271
f 1563/1327/1325 521/1330/1328 520/1329/1327 1564/1328/1326
f 1562/1326/1324 522/1331/1329 521/1330/1328 1563/1327/1325
f 531/1248/1246 82/1250/1248 522/1331/1329 1562/1326/1324
f 530/1247/1245 531/1248/1246 1562/1326/1324 1559/1321/1319
f 529/1246/1244 530/1247/1245 1559/1321/1319 1556/1320/1318
f 1565/1332/1330 1568/1333/1331 1569/1334/1332 1566/1335/1333
f 1566/1335/1333 1569/1334/1332 1570/1336/1334 1567/1337/1335
f 1568/1333/1331 1571/1338/1336 1572/1339/1337 1569/1334/1332
f 1569/1334/1332 1572/1339/1337 1573/1340/1338 1570/1336/1334
f 73/1134/1132 535/1266/1264 1565/1332/1330 477/1132/1130
f 477/1132/1130 1565/1332/1330 1566/1335/1333 476/1131/1129
f 476/1131/1129 1566/1335/1333 1567/1337/1335 475/1129/1127
f 475/1129/1127 1567/1337/1335 540/1285/1283 72/1130/1128
f 1567/1337/1335 1570/1336/1334 539/1295/1293 540/1285/1283
f 1570/1336/1334 1573/1340/1338 538/1293/1291 539/1295/1293
f 1573/1340/1338 514/1341/1339 79/1294/1292 538/1293/1291
f 1572/1339/1337 515/1342/1340 514/1341/1339 1573/1340/1338
f 1571/1338/1336 516/1343/1341 515/1342/1340 1572/1339/1337
f 537/1268/1266 80/1270/1268 516/1343/1341 1571/1338/1336
f 536/1267/1265 537/1268/1266 1571/1338/1336 1568/1333/1331
f 535/1266/1264 536/1267/1265 1568/1333/1331 1565/1332/1330
f 1574/1344/1342 1577/1345/1343 1578/1346/1344 1575/1347/1345
f 1575/1347/1345 1578/1346/1344 1579/1348/1346 1576/1349/1347
f 1577/1345/1343 1580/1350/1348 1581/1351/1349 1578/1346/1344
f 1578/1346/1344 1581/1351/1349 1582/1352/1350 1579/1348/1346
f 71/1154/1152 541/1286/1284 1574/1344/1342 471/1152/1150
f 471/1152/1150 1574/1344/1342 1575/1347/1345 470/1151/1149
f 470/1151/1149 1575/1347/1345 1576/1349/1347 469/1149/1147
f 469/1149/1147 1576/1349/1347 546/1303/1301 70/1150/1148
f 1576/1349/1347 1579/1348/1346 545/1304/1302 546/1303/1301
f 1579/1348/1346 1582/1352/1350 544/1309/1307 545/1304/1302
f 1582/1352/1350 508/1353/1351 77/1307/1305 544/1309/1307
f 1581/1351/1349 509/1354/1352 508/1353/1351 1582/1352/1350
f 1580/1350/1348 510/1355/1353 509/1354/1352 1581/1351/1349
f 543/1288/1286 78/1290/1288 510/1355/1353 1580/1350/1348
f 542/1287/1285 543/1288/1286 1580/1350/1348 1577/1345/1343
f 541/1286/1284 542/1287/1285 1577/1345/1343 1574/1344/1342
f 1583/1356/1354 1586/1357/1355 1587/1358/1356 1584/1359/1357
f 1584/1359/1357 1587/1358/1356 1588/1360/1358 1585/1361/1359
f 1586/1357/1355 1589/1362/1360 1590/1363/1361 1587/1358/1356
f 1587/1358/1356 1590/1363/1361 1591/1364/1362 1588/1360/1358
f 79/1365/1292 567/1366/1363 1583/1356/1354 513/1367/1290
f 513/1367/1290 1583/1356/1354 1584/1359/1357 512/1368/1289
f 512/1368/1289 1584/1359/1357 1585/1361/1359 511/1369/1287
f 511/1369/1287 1585/1361/1359 568/1370/1364 78/1371/1288
f 1585/1361/1359 1588/1360/1358 569/1372/1365 568/1370/1364
f 1588/1360/1358 1591/1364/1362 570/1373/1366 569/1372/1365
f 1591/1364/1362 550/1374/1367 85/1375/1368 570/1373/1366
f 1590/1363/1361 551/1376/1369 550/1374/1367 1591/1364/1362
f 1589/1362/1360 552/1377/1370 551/1376/1369 1590/1363/1361
f 565/1378/1371 86/1379/1372 552/1377/1370 1589/1362/1360
f 566/1380/1373 565/1378/1371 1589/1362/1360 1586/1357/1355
f 567/1366/1363 566/1380/1373 1586/1357/1355 1583/1356/1354
f 1593/1381/1374 1598/1382/1375 1592/1383/1376 1594/1384/1377
f 1595/1385/1378 1594/1384/1377 1592/1383/1376 1596/1386/1379
f 1597/1387/1380 1596/1386/1379 1592/1383/1376 1598/1382/1375
f 77/1388/1305 573/1389/1381 1593/1381/1374 795/1390/1306
f 795/1390/1306 1593/1381/1374 1594/1384/1377 794/1391/1304
f 573/1389/1381 572/1392/1382 1598/1382/1375 1593/1381/1374
f 62/63/63 793/1393/1303 1595/1385/1378 799/1394/1383
f 799/1394/1383 1595/1385/1378 1596/1386/1379 800/1395/1384
f 793/1393/1303 794/1391/1304 1594/1384/1377 1595/1385/1378
f 84/1396/1385 801/1397/1386 1597/1387/1380 571/1398/1387
f 571/1398/1387 1597/1387/1380 1598/1382/1375 572/1392/1382
f 801/1397/1386 800/1395/1384 1596/1386/1379 1597/1387/1380
f 1600/1399/1388 1605/1400/1389 1599/1401/1390 1601/1402/1391
f 1602/1403/1392 1601/1402/1391 1599/1401/1390 1603/1404/1393
f 1604/1405/1394 1603/1404/1393 1599/1401/1390 1605/1400/1389
f 61/77/77 804/1406/1395 1600/1399/1388 798/1407/1315
f 798/1407/1315 1600/1399/1388 1601/1402/1391 797/1408/1316
f 804/1406/1395 803/1409/1396 1605/1400/1389 1600/1399/1388
f 83/1410/1252 796/1411/1317 1602/1403/1392 574/1412/1397
f 574/1412/1397 1602/1403/1392 1603/1404/1393 575/1413/1398
f 796/1411/1317 797/1408/1316 1601/1402/1391 1602/1403/1392
f 90/1414/1399 576/1415/1400 1604/1405/1394 802/1416/1401
f 802/1416/1401 1604/1405/1394 1605/1400/1389 803/1409/1396
f 576/1415/1400 575/1413/1398 1603/1404/1393 1604/1405/1394
f 1606/1417/1402 1609/1418/1403 1610/1419/1404 1607/1420/1405
f 1607/1420/1405 1610/1419/1404 1611/1421/1406 1608/1422/1407
f 1609/1418/1403 1612/1423/1408 1613/1424/1409 1610/1419/1404
f 1610/1419/1404 1613/1424/1409 1614/1425/1410 1611/1421/1406
f 82/1426/1248 579/1427/1411 1606/1417/1402 522/1428/1329
f 522/1428/1329 1606/1417/1402 1607/1420/1405 521/1429/1328
f 521/1429/1328 1607/1420/1405 1608/1422/1407 520/1430/1327
f 520/1430/1327 1608/1422/1407 580/1431/1412 81/1432/1272
f 1608/1422/1407 1611/1421/1406 581/1433/1413 580/1431/1412
f 1611/1421/1406 1614/1425/1410 582/1434/1414 581/1433/1413
f 1614/1425/1410 559/1435/1415 88/1436/1416 582/1434/1414
f 1613/1424/1409 560/1437/1417 559/1435/1415 1614/1425/1410
f 1612/1423/1408 561/1438/1418 560/1437/1417 1613/1424/1409
f 577/1439/1419 89/1440/1420 561/1438/1418 1612/1423/1408
f 578/1441/1421 577/1439/1419 1612/1423/1408 1609/1418/1403
f 579/1427/1411 578/1441/1421 1609/1418/1403 1606/1417/1402
f 1615/1442/1422 1618/1443/1423 1619/1444/1424 1616/1445/1425
f 1616/1445/1425 1619/1444/1424 1620/1446/1426 1617/1447/1427
f 1618/1443/1423 1621/1448/1428 1622/1449/1429 1619/1444/1424
f 1619/1444/1424 1622/1449/1429 1623/1450/1430 1620/1446/1426
f 80/1451/1268 585/1452/1431 1615/1442/1422 516/1453/1341
f 516/1453/1341 1615/1442/1422 1616/1445/1425 515/1454/1340
f 515/1454/1340 1616/1445/1425 1617/1447/1427 514/1455/1339
f 514/1455/1339 1617/1447/1427 567/1366/1363 79/1365/1292
f 1617/1447/1427 1620/1446/1426 566/1380/1373 567/1366/1363
f 1620/1446/1426 1623/1450/1430 565/1378/1371 566/1380/1373
f 1623/1450/1430 553/1456/1432 86/1379/1372 565/1378/1371
f 1622/1449/1429 554/1457/1433 553/1456/1432 1623/1450/1430
f 1621/1448/1428 555/1458/1434 554/1457/1433 1622/1449/1429
f 583/1459/1435 87/1460/1436 555/1458/1434 1621/1448/1428
f 584/1461/1437 583/1459/1435 1621/1448/1428 1618/1443/1423
f 585/1452/1431 584/1461/1437 1618/1443/1423 1615/1442/1422
f 1624/1462/1438 1627/1463/1439 1628/1464/1440 1625/1465/1441
f 1625/1465/1441 1628/1464/1440 1629/1466/1442 1626/1467/1443
f 1627/1463/1439 1630/1468/1444 1631/1469/1445 1628/1464/1440
f 1628/1464/1440 1631/1469/1445 1632/1470/1446 1629/1466/1442
f 78/1371/1288 568/1370/1364 1624/1462/1438 510/1471/1353
f 510/1471/1353 1624/1462/1438 1625/1465/1441 509/1472/1352
f 509/1472/1352 1625/1465/1441 1626/1467/1443 508/1473/1351
f 508/1473/1351 1626/1467/1443 573/1389/1381 77/1388/1305
f 1626/1467/1443 1629/1466/1442 572/1392/1382 573/1389/1381
f 1629/1466/1442 1632/1470/1446 571/1398/1387 572/1392/1382
f 1632/1470/1446 547/1474/1447 84/1396/1385 571/1398/1387
f 1631/1469/1445 548/1475/1448 547/1474/1447 1632/1470/1446
f 1630/1468/1444 549/1476/1449 548/1475/1448 1631/1469/1445
f 570/1373/1366 85/1375/1368 549/1476/1449 1630/1468/1444
f 569/1372/1365 570/1373/1366 1630/1468/1444 1627/1463/1439
f 568/1370/1364 569/1372/1365 1627/1463/1439 1624/1462/1438
f 1633/1477/1450 1636/1478/1451 1637/1479/1452 1634/1480/1453
f 1634/1480/1453 1637/1479/1452 1638/1481/1454 1635/1482/1455
f 1636/1478/1451 1639/1483/1456 1640/1484/1457 1637/1479/1452
f 1637/1479/1452 1640/1484/1457 1641/1485/1458 1638/1481/1454
f 83/1410/1252 574/1412/1397 1633/1477/1450 525/1486/1250
f 525/1486/1250 1633/1477/1450 1634/1480/1453 524/1487/1249
f 524/1487/1249 1634/1480/1453 1635/1482/1455 523/1488/1247
f 523/1488/1247 1635/1482/1455 579/1427/1411 82/1426/1248
f 1635/1482/1455 1638/1481/1454 578/1441/1421 579/1427/1411
f 1638/1481/1454 1641/1485/1458 577/1439/1419 578/1441/1421
f 1641/1485/1458 562/1489/1459 89/1440/1420 577/1439/1419
f 1640/1484/1457 563/1490/1460 562/1489/1459 1641/1485/1458
f 1639/1483/1456 564/1491/1461 563/1490/1460 1640/1484/1457
f 576/1415/1400 90/1414/1399 564/1491/1461 1639/1483/1456
f 575/1413/1398 576/1415/1400 1639/1483/1456 1636/1478/1451
f 574/1412/1397 575/1413/1398 1636/1478/1451 1633/1477/1450
f 1642/1492/1462 1645/1493/1463 1646/1494/1464 1643/1495/1465
f 1643/1495/1465 1646/1494/1464 1647/1496/1466 1644/1497/1467
f 1645/1493/1463 1648/1498/1468 1649/1499/1469 1646/1494/1464
f 1646/1494/1464 1649/1499/1469 1650/1500/1470 1647/1496/1466
f 81/1432/1272 580/1431/1412 1642/1492/1462 519/1501/1270
f 519/1501/1270 1642/1492/1462 1643/1495/1465 518/1502/1269
f 518/1502/1269 1643/1495/1465 1644/1497/1467 517/1503/1267
f 517/1503/1267 1644/1497/1467 585/1452/1431 80/1451/1268
f 1644/1497/1467 1647/1496/1466 584/1461/1437 585/1452/1431
f 1647/1496/1466 1650/1500/1470 583/1459/1435 584/1461/1437
f 1650/1500/1470 556/1504/1471 87/1460/1436 583/1459/1435
f 1649/1499/1469 557/1505/1472 556/1504/1471 1650/1500/1470
f 1648/1498/1468 558/1506/1473 557/1505/1472 1649/1499/1469
f 582/1434/1414 88/1436/1416 558/1506/1473 1648/1498/1468
f 581/1433/1413 582/1434/1414 1648/1498/1468 1645/1493/1463
f 580/1431/1412 581/1433/1413 1645/1493/1463 1642/1492/1462
f 1652/1507/1474 1657/1508/1475 1651/1509/1476 1653/1510/1477
f 1654/1511/1478 1653/1510/1477 1651/1509/1476 1655/1512/1479
f 1656/1513/1480 1655/1512/1479 1651/1509/1476 1657/1508/1475
f 61/77/77 810/1514/1481 1652/1507/1474 804/1406/1395
f 804/1406/1395 1652/1507/1474 1653/1510/1477 803/1409/1396
f 810/1514/1481 809/1515/1482 1657/1508/1475 1652/1507/1474
f 90/1414/1399 802/1416/1401 1654/1511/1478 604/1516/1483
f 604/1516/1483 1654/1511/1478 1655/1512/1479 605/1517/1484
f 802/1416/1401 803/1409/1396 1653/1510/1477 1654/1511/1478
f 97/1518/1485 606/1519/1486 1656/1513/1480 808/1520/1487
f 808/1520/1487 1656/1513/1480 1657/1508/1475 809/1515/1482
f 606/1519/1486 605/1517/1484 1655/1512/1479 1656/1513/1480
f 1658/1521/1488 1661/1522/1489 1662/1523/1490 1659/1524/1491
f 1659/1524/1491 1662/1523/1490 1663/1525/1492 1660/1526/1493
f 1661/1522/1489 1664/1527/1494 1665/1528/1495 1662/1523/1490
f 1662/1523/1490 1665/1528/1495 1666/1529/1496 1663/1525/1492
f 89/1440/1420 609/1530/1497 1658/1521/1488 561/1438/1418
f 561/1438/1418 1658/1521/1488 1659/1524/1491 560/1437/1417
f 560/1437/1417 1659/1524/1491 1660/1526/1493 559/1435/1415
f 559/1435/1415 1660/1526/1493 610/1531/1498 88/1436/1416
f 1660/1526/1493 1663/1525/1492 611/1532/1499 610/1531/1498
f 1663/1525/1492 1666/1529/1496 612/1533/1500 611/1532/1499
f 1666/1529/1496 598/1534/1501 95/1535/1502 612/1533/1500
f 1665/1528/1495 599/1536/1503 598/1534/1501 1666/1529/1496
f 1664/1527/1494 600/1537/1504 599/1536/1503 1665/1528/1495
f 607/1538/1505 96/1539/1506 600/1537/1504 1664/1527/1494
f 608/1540/1507 607/1538/1505 1664/1527/1494 1661/1522/1489
f 609/1530/1497 608/1540/1507 1661/1522/1489 1658/1521/1488
f 1667/1541/1508 1670/1542/1509 1671/1543/1510 1668/1544/1511
f 1668/1544/1511 1671/1543/1510 1672/1545/1512 1669/1546/1513
f 1670/1542/1509 1673/1547/1514 1674/1548/1515 1671/1543/1510
f 1671/1543/1510 1674/1548/1515 1675/1549/1516 1672/1545/1512
f 87/1460/1436 615/1550/1517 1667/1541/1508 555/1458/1434
f 555/1458/1434 1667/1541/1508 1668/1544/1511 554/1457/1433
f 554/1457/1433 1668/1544/1511 1669/1546/1513 553/1456/1432
f 553/1456/1432 1669/1546/1513 616/1551/1518 86/1379/1372
f 1669/1546/1513 1672/1545/1512 617/1552/1519 616/1551/1518
f 1672/1545/1512 1675/1549/1516 618/1553/1520 617/1552/1519
f 1675/1549/1516 592/1554/1521 93/1555/1522 618/1553/1520
f 1674/1548/1515 593/1556/1523 592/1554/1521 1675/1549/1516
f 1673/1547/1514 594/1557/1524 593/1556/1523 1674/1548/1515
f 613/1558/1525 94/1559/1526 594/1557/1524 1673/1547/1514
f 614/1560/1527 613/1558/1525 1673/1547/1514 1670/1542/1509
f 615/1550/1517 614/1560/1527 1670/1542/1509 1667/1541/1508
f 1676/1561/1528 1679/1562/1529 1680/1563/1530 1677/1564/1531
f 1677/1564/1531 1680/1563/1530 1681/1565/1532 1678/1566/1533
f 1679/1562/1529 1682/1567/1534 1683/1568/1535 1680/1563/1530
f 1680/1563/1530 1683/1568/1535 1684/1569/1536 1681/1565/1532
f 85/1375/1368 621/1570/1537 1676/1561/1528 549/1476/1449
f 549/1476/1449 1676/1561/1528 1677/1564/1531 548/1475/1448
f 548/1475/1448 1677/1564/1531 1678/1566/1533 547/1474/1447
f 547/1474/1447 1678/1566/1533 622/1571/1538 84/1396/1385
f 1678/1566/1533 1681/1565/1532 623/1572/1539 622/1571/1538
f 1681/1565/1532 1684/1569/1536 624/1573/1540 623/1572/1539
f 1684/1569/1536 586/1574/1541 91/1575/1542 624/1573/1540
f 1683/1568/1535 587/1576/1543 586/1574/1541 1684/1569/1536
f 1682/1567/1534 588/1577/1544 587/1576/1543 1683/1568/1535
f 619/1578/1545 92/1579/1546 588/1577/1544 1682/1567/1534
f 620/1580/1547 619/1578/1545 1682/1567/1534 1679/1562/1529
f 621/1570/1537 620/1580/1547 1679/1562/1529 1676/1561/1528
f 1685/1581/1548 1688/1582/1549 1689/1583/1550 1686/1584/1551
f 1686/1584/1551 1689/1583/1550 1690/1585/1552 1687/1586/1553
f 1688/1582/1549 1691/1587/1554 1692/1588/1555 1689/1583/1550
f 1689/1583/1550 1692/1588/1555 1693/1589/1556 1690/1585/1552
f 90/1414/1399 604/1516/1483 1685/1581/1548 564/1491/1461
f 564/1491/1461 1685/1581/1548 1686/1584/1551 563/1490/1460
f 563/1490/1460 1686/1584/1551 1687/1586/1553 562/1489/1459
f 562/1489/1459 1687/1586/1553 609/1530/1497 89/1440/1420
f 1687/1586/1553 1690/1585/1552 608/1540/1507 609/1530/1497
f 1690/1585/1552 1693/1589/1556 607/1538/1505 608/1540/1507
f 1693/1589/1556 601/1590/1557 96/1539/1506 607/1538/1505
f 1692/1588/1555 602/1591/1558 601/1590/1557 1693/1589/1556
f 1691/1587/1554 603/1592/1559 602/1591/1558 1692/1588/1555
f 606/1519/1486 97/1518/1485 603/1592/1559 1691/1587/1554
f 605/1517/1484 606/1519/1486 1691/1587/1554 1688/1582/1549
f 604/1516/1483 605/1517/1484 1688/1582/1549 1685/1581/1548
f 1694/1593/1560 1697/1594/1561 1698/1595/1562 1695/1596/1563
f 1695/1596/1563 1698/1595/1562 1699/1597/1564 1696/1598/1565
f 1697/1594/1561 1700/1599/1566 1701/1600/1567 1698/1595/1562
f 1698/1595/1562 1701/1600/1567 1702/1601/1568 1699/1597/1564
f 88/1436/1416 610/1531/1498 1694/1593/1560 558/1506/1473
f 558/1506/1473 1694/1593/1560 1695/1596/1563 557/1505/1472
f 557/1505/1472 1695/1596/1563 1696/1598/1565 556/1504/1471
f 556/1504/1471 1696/1598/1565 615/1550/1517 87/1460/1436
f 1696/1598/1565 1699/1597/1564 614/1560/1527 615/1550/1517
f 1699/1597/1564 1702/1601/1568 613/1558/1525 614/1560/1527
f 1702/1601/1568 595/1602/1569 94/1559/1526 613/1558/1525
f 1701/1600/1567 596/1603/1570 595/1602/1569 1702/1601/1568
f 1700/1599/1566 597/1604/1571 596/1603/1570 1701/1600/1567
f 612/1533/1500 95/1535/1502 597/1604/1571 1700/1599/1566
f 611/1532/1499 612/1533/1500 1700/1599/1566 1697/1594/1561
f 610/1531/1498 611/1532/1499 1697/1594/1561 1694/1593/1560
f 1703/1605/1572 1706/1606/1573 1707/1607/1574 1704/1608/1575
f 1704/1608/1575 1707/1607/1574 1708/1609/1576 1705/1610/1577
f 1706/1606/1573 1709/1611/1578 1710/1612/1579 1707/1607/1574
f 1707/1607/1574 1710/1612/1579 1711/1613/1580 1708/1609/1576
f 86/1379/1372 616/1551/1518 1703/1605/1572 552/1377/1370
f 552/1377/1370 1703/1605/1572 1704/1608/1575 551/1376/1369
f 551/1376/1369 1704/1608/1575 1705/1610/1577 550/1374/1367
f 550/1374/1367 1705/1610/1577 621/1570/1537 85/1375/1368
f 1705/1610/1577 1708/1609/1576 620/1580/1547 621/1570/1537
f 1708/1609/1576 1711/1613/1580 619/1578/1545 620/1580/1547
f 1711/1613/1580 589/1614/1581 92/1579/1546 619/1578/1545
f 1710/1612/1579 590/1615/1582 589/1614/1581 1711/1613/1580
f 1709/1611/1578 591/1616/1583 590/1615/1582 1710/1612/1579
f 618/1553/1520 93/1555/1522 591/1616/1583 1709/1611/1578
f 617/1552/1519 618/1553/1520 1709/1611/1578 1706/1606/1573
f 616/1551/1518 617/1552/1519 1706/1606/1573 1703/1605/1572
f 1713/1617/1584 1718/1618/1585 1712/1619/1586 1714/1620/1587
f 1715/1621/1588 1714/1620/1587 1712/1619/1586 1716/1622/1589
f 1717/1623/1590 1716/1622/1589 1712/1619/1586 1718/1618/1585
f 84/1396/1385 622/1571/1538 1713/1617/1584 801/1397/1386
f 801/1397/1386 1713/1617/1584 1714/1620/1587 800/1395/1384
f 622/1571/1538 623/1572/1539 1718/1618/1585 1713/1617/1584
f 62/63/63 799/1394/1383 1715/1621/1588 805/1624/1591
f 805/1624/1591 1715/1621/1588 1716/1622/1589 806/1625/1592
f 799/1394/1383 800/1395/1384 1714/1620/1587 1715/1621/1588
f 91/1575/1542 807/1626/1593 1717/1623/1590 624/1573/1540
f 624/1573/1540 1717/1623/1590 1718/1618/1585 623/1572/1539
f 807/1626/1593 806/1625/1592 1716/1622/1589 1717/1623/1590
f 1719/1627/1594 1722/1628/1595 1723/1629/1596 1720/1630/1597
f 1720/1630/1597 1723/1629/1596 1724/1631/1598 1721/1632/1599
f 1722/1628/1595 1725/1633/1600 1726/1634/1601 1723/1629/1596
f 1723/1629/1596 1726/1634/1601 1727/1635/1602 1724/1631/1598
f 92/1579/1546 645/1636/1603 1719/1627/1594 588/1577/1544
f 588/1577/1544 1719/1627/1594 1720/1630/1597 587/1576/1543
f 587/1576/1543 1720/1630/1597 1721/1632/1599 586/1574/1541
f 586/1574/1541 1721/1632/1599 646/1637/1604 91/1575/1542
f 1721/1632/1599 1724/1631/1598 647/1638/1605 646/1637/1604
f 1724/1631/1598 1727/1635/1602 648/1639/1606 647/1638/1605
f 1727/1635/1602 625/1640/1607 98/1641/1608 648/1639/1606
f 1726/1634/1601 626/1642/1609 625/1640/1607 1727/1635/1602
f 1725/1633/1600 627/1643/1610 626/1642/1609 1726/1634/1601
f 643/1644/1611 99/1645/1612 627/1643/1610 1725/1633/1600
f 644/1646/1613 643/1644/1611 1725/1633/1600 1722/1628/1595
f 645/1636/1603 644/1646/1613 1722/1628/1595 1719/1627/1594
f 1728/1647/1614 1731/1648/1615 1732/1649/1616 1729/1650/1617
f 1729/1650/1617 1732/1649/1616 1733/1651/1618 1730/1652/1619
f 1731/1648/1615 1734/1653/1620 1735/1654/1621 1732/1649/1616
f 1732/1649/1616 1735/1654/1621 1736/1655/1622 1733/1651/1618
f 97/1518/1485 651/1656/1623 1728/1647/1614 603/1592/1559
f 603/1592/1559 1728/1647/1614 1729/1650/1617 602/1591/1558
f 602/1591/1558 1729/1650/1617 1730/1652/1619 601/1590/1557
f 601/1590/1557 1730/1652/1619 652/1657/1624 96/1539/1506
f 1730/1652/1619 1733/1651/1618 653/1658/1625 652/1657/1624
f 1733/1651/1618 1736/1655/1622 654/1659/1626 653/1658/1625
f 1736/1655/1622 640/1660/1627 103/1661/1628 654/1659/1626
f 1735/1654/1621 641/1662/1629 640/1660/1627 1736/1655/1622
f 1734/1653/1620 642/1663/1630 641/1662/1629 1735/1654/1621
f 649/1664/1631 104/1665/1632 642/1663/1630 1734/1653/1620
f 650/1666/1633 649/1664/1631 1734/1653/1620 1731/1648/1615
f 651/1656/1623 650/1666/1633 1731/1648/1615 1728/1647/1614
f 1737/1667/1634 1740/1668/1635 1741/1669/1636 1738/1670/1637
f 1738/1670/1637 1741/1669/1636 1742/1671/1638 1739/1672/1639
f 1740/1668/1635 1743/1673/1640 1744/1674/1641 1741/1669/1636
f 1741/1669/1636 1744/1674/1641 1745/1675/1642 1742/1671/1638
f 95/1535/1502 657/1676/1643 1737/1667/1634 597/1604/1571
f 597/1604/1571 1737/1667/1634 1738/1670/1637 596/1603/1570
f 596/1603/1570 1738/1670/1637 1739/1672/1639 595/1602/1569
f 595/1602/1569 1739/1672/1639 658/1677/1644 94/1559/1526
f 1739/1672/1639 1742/1671/1638 659/1678/1645 658/1677/1644
f 1742/1671/1638 1745/1675/1642 660/1679/1646 659/1678/1645
f 1745/1675/1642 634/1680/1647 101/1681/1648 660/1679/1646
f 1744/1674/1641 635/1682/1649 634/1680/1647 1745/1675/1642
f 1743/1673/1640 636/1683/1650 635/1682/1649 1744/1674/1641
f 655/1684/1651 102/1685/1652 636/1683/1650 1743/1673/1640
f 656/1686/1653 655/1684/1651 1743/1673/1640 1740/1668/1635
f 657/1676/1643 656/1686/1653 1740/1668/1635 1737/1667/1634
f 1746/1687/1654 1749/1688/1655 1750/1689/1656 1747/1690/1657
f 1747/1690/1657 1750/1689/1656 1751/1691/1658 1748/1692/1659
f 1749/1688/1655 1752/1693/1660 1753/1694/1661 1750/1689/1656
f 1750/1689/1656 1753/1694/1661 1754/1695/1662 1751/1691/1658
f 93/1555/1522 663/1696/1663 1746/1687/1654 591/1616/1583
f 591/1616/1583 1746/1687/1654 1747/1690/1657 590/1615/1582
f 590/1615/1582 1747/1690/1657 1748/1692/1659 589/1614/1581
f 589/1614/1581 1748/1692/1659 645/1636/1603 92/1579/1546
f 1748/1692/1659 1751/1691/1658 644/1646/1613 645/1636/1603
f 1751/1691/1658 1754/1695/1662 643/1644/1611 644/1646/1613
f 1754/1695/1662 628/1697/1664 99/1645/1612 643/1644/1611
f 1753/1694/1661 629/1698/1665 628/1697/1664 1754/1695/1662
f 1752/1693/1660 630/1699/1666 629/1698/1665 1753/1694/1661
f 661/1700/1667 100/1701/1668 630/1699/1666 1752/1693/1660
f 662/1702/1669 661/1700/1667 1752/1693/1660 1749/1688/1655
f 663/1696/1663 662/1702/1669 1749/1688/1655 1746/1687/1654
f 1756/1703/1670 1761/1704/1671 1755/1705/1672 1757/1706/1673
f 1758/1707/1674 1757/1706/1673 1755/1705/1672 1759/1708/1675
f 1760/1709/1676 1759/1708/1675 1755/1705/1672 1761/1704/1671
f 91/1575/1542 646/1637/1604 1756/1703/1670 807/1626/1593
f 807/1626/1593 1756/1703/1670 1757/1706/1673 806/1625/1592
f 646/1637/1604 647/1638/1605 1761/1704/1671 1756/1703/1670
f 62/63/63 805/1624/1591 1758/1707/1674 811/1710/1677
f 811/1710/1677 1758/1707/1674 1759/1708/1675 812/1711/1678
f 805/1624/1591 806/1625/1592 1757/1706/1673 1758/1707/1674
f 98/1641/1608 813/1712/1679 1760/1709/1676 648/1639/1606
f 648/1639/1606 1760/1709/1676 1761/1704/1671 647/1638/1605
f 813/1712/1679 812/1711/1678 1759/1708/1675 1760/1709/1676
f 1763/1713/1680 1768/1714/1681 1762/1715/1682 1764/1716/1683
f 1765/1717/1684 1764/1716/1683 1762/1715/1682 1766/1718/1685
f 1767/1719/1686 1766/1718/1685 1762/1715/1682 1768/1714/1681
f 61/77/77 816/1720/1687 1763/1713/1680 810/1514/1481
f 810/1514/1481 1763/1713/1680 1764/1716/1683 809/1515/1482
f 816/1720/1687 815/1721/1688 1768/1714/1681 1763/1713/1680
f 97/1518/1485 808/1520/1487 1765/1717/1684 651/1656/1623
f 651/1656/1623 1765/1717/1684 1766/1718/1685 650/1666/1633
f 808/1520/1487 809/1515/1482 1764/1716/1683 1765/1717/1684
f 104/1665/1632 649/1664/1631 1767/1719/1686 814/1722/1689
f 814/1722/1689 1767/1719/1686 1768/1714/1681 815/1721/1688
f 649/1664/1631 650/1666/1633 1766/1718/1685 1767/1719/1686
f 1769/1723/1690 1772/1724/1691 1773/1725/1692 1770/1726/1693
f 1770/1726/1693 1773/1725/1692 1774/1727/1694 1771/1728/1695
f 1772/1724/1691 1775/1729/1696 1776/1730/1697 1773/1725/1692
f 1773/1725/1692 1776/1730/1697 1777/1731/1698 1774/1727/1694
f 96/1539/1506 652/1657/1624 1769/1723/1690 600/1537/1504
f 600/1537/1504 1769/1723/1690 1770/1726/1693 599/1536/1503
f 599/1536/1503 1770/1726/1693 1771/1728/1695 598/1534/1501
f 598/1534/1501 1771/1728/1695 657/1676/1643 95/1535/1502
f 1771/1728/1695 1774/1727/1694 656/1686/1653 657/1676/1643
f 1774/1727/1694 1777/1731/1698 655/1684/1651 656/1686/1653
f 1777/1731/1698 637/1732/1699 102/1685/1652 655/1684/1651
f 1776/1730/1697 638/1733/1700 637/1732/1699 1777/1731/1698
f 1775/1729/1696 639/1734/1701 638/1733/1700 1776/1730/1697
f 654/1659/1626 103/1661/1628 639/1734/1701 1775/1729/1696
f 653/1658/1625 654/1659/1626 1775/1729/1696 1772/1724/1691
f 652/1657/1624 653/1658/1625 1772/1724/1691 1769/1723/1690
f 1778/1735/1702 1781/1736/1703 1782/1737/1704 1779/1738/1705
f 1779/1738/1705 1782/1737/1704 1783/1739/1706 1780/1740/1707
f 1781/1736/1703 1784/1741/1708 1785/1742/1709 1782/1737/1704
f 1782/1737/1704 1785/1742/1709 1786/1743/1710 1783/1739/1706
f 94/1559/1526 658/1677/1644 1778/1735/1702 594/1557/1524
f 594/1557/1524 1778/1735/1702 1779/1738/1705 593/1556/1523
f 593/1556/1523 1779/1738/1705 1780/1740/1707 592/1554/1521
f 592/1554/1521 1780/1740/1707 663/1696/1663 93/1555/1522
f 1780/1740/1707 1783/1739/1706 662/1702/1669 663/1696/1663
f 1783/1739/1706 1786/1743/1710 661/1700/1667 662/1702/1669
f 1786/1743/1710 631/1744/1711 100/1701/1668 661/1700/1667
f 1785/1742/1709 632/1745/1712 631/1744/1711 1786/1743/1710
f 1784/1741/1708 633/1746/1713 632/1745/1712 1785/1742/1709
f 660/1679/1646 101/1681/1648 633/1746/1713 1784/1741/1708
f 659/1678/1645 660/1679/1646 1784/1741/1708 1781/1736/1703
f 658/1677/1644 659/1678/1645 1781/1736/1703 1778/1735/1702
f 1787/1747/1714 1790/1748/1715 1791/1749/1716 1788/1750/1717
f 1788/1750/1717 1791/1749/1716 1792/1751/1718 1789/1752/1719
f 1790/1748/1715 1793/1753/1720 1794/1754/1721 1791/1749/1716
f 1791/1749/1716 1794/1754/1721 1795/1755/1722 1792/1751/1718
f 104/1665/1632 684/1756/1723 1787/1747/1714 642/1663/1630
f 642/1663/1630 1787/1747/1714 1788/1750/1717 641/1662/1629
f 641/1662/1629 1788/1750/1717 1789/1752/1719 640/1660/1627
f 640/1660/1627 1789/1752/1719 685/1757/1724 103/1661/1628
f 1789/1752/1719 1792/1751/1718 686/1758/1725 685/1757/1724
f 1792/1751/1718 1795/1755/1722 687/1759/1726 686/1758/1725
f 1795/1755/1722 679/1760/1727 110/1761/1728 687/1759/1726
f 1794/1754/1721 680/1762/1729 679/1760/1727 1795/1755/1722
f 1793/1753/1720 681/1763/1730 680/1762/1729 1794/1754/1721
f 682/1764/1731 111/1765/1732 681/1763/1730 1793/1753/1720
f 683/1766/1733 682/1764/1731 1793/1753/1720 1790/1748/1715
f 684/1756/1723 683/1766/1733 1790/1748/1715 1787/1747/1714
f 1796/1767/1734 1799/1768/1735 1800/1769/1736 1797/1770/1737
f 1797/1770/1737 1800/1769/1736 1801/1771/1738 1798/1772/1739
f 1799/1768/1735 1802/1773/1740 1803/1774/1741 1800/1769/1736
f 1800/1769/1736 1803/1774/1741 1804/1775/1742 1801/1771/1738
f 102/1685/1652 690/1776/1743 1796/1767/1734 636/1683/1650
f 636/1683/1650 1796/1767/1734 1797/1770/1737 635/1682/1649
f 635/1682/1649 1797/1770/1737 1798/1772/1739 634/1680/1647
f 634/1680/1647 1798/1772/1739 691/1777/1744 101/1681/1648
f 1798/1772/1739 1801/1771/1738 692/1778/1745 691/1777/1744
f 1801/1771/1738 1804/1775/1742 693/1779/1746 692/1778/1745
f 1804/1775/1742 673/1780/1747 108/1781/1748 693/1779/1746
f 1803/1774/1741 674/1782/1749 673/1780/1747 1804/1775/1742
f 1802/1773/1740 675/1783/1750 674/1782/1749 1803/1774/1741
f 688/1784/1751 109/1785/1752 675/1783/1750 1802/1773/1740
f 689/1786/1753 688/1784/1751 1802/1773/1740 1799/1768/1735
f 690/1776/1743 689/1786/1753 1799/1768/1735 1796/1767/1734
f 1805/1787/1754 1808/1788/1755 1809/1789/1756 1806/1790/1757
f 1806/1790/1757 1809/1789/1756 1810/1791/1758 1807/1792/1759
f 1808/1788/1755 1811/1793/1760 1812/1794/1761 1809/1789/1756
f 1809/1789/1756 1812/1794/1761 1813/1795/1762 1810/1791/1758
f 100/1701/1668 696/1796/1763 1805/1787/1754 630/1699/1666
f 630/1699/1666 1805/1787/1754 1806/1790/1757 629/1698/1665
f 629/1698/1665 1806/1790/1757 1807/1792/1759 628/1697/1664
f 628/1697/1664 1807/1792/1759 697/1797/1764 99/1645/1612
f 1807/1792/1759 1810/1791/1758 698/1798/1765 697/1797/1764
f 1810/1791/1758 1813/1795/1762 699/1799/1766 698/1798/1765
f 1813/1795/1762 667/1800/1767 106/1801/1768 699/1799/1766
f 1812/1794/1761 668/1802/1769 667/1800/1767 1813/1795/1762
f 1811/1793/1760 669/1803/1770 668/1802/1769 1812/1794/1761
f 694/1804/1771 107/1805/1772 669/1803/1770 1811/1793/1760
f 695/1806/1773 694/1804/1771 1811/1793/1760 1808/1788/1755
f 696/1796/1763 695/1806/1773 1808/1788/1755 1805/1787/1754
f 1815/1807/1774 1820/1808/1775 1814/1809/1776 1816/1810/1777
f 1817/1811/1778 1816/1810/1777 1814/1809/1776 1818/1812/1779
f 1819/1813/1780 1818/1812/1779 1814/1809/1776 1820/1808/1775
f 98/1641/1608 702/1814/1781 1815/1807/1774 813/1712/1679
f 813/1712/1679 1815/1807/1774 1816/1810/1777 812/1711/1678
f 702/1814/1781 701/1815/1782 1820/1808/1775 1815/1807/1774
f 62/63/63 811/1710/1677 1817/1811/1778 817/1816/1783
f 817/1816/1783 1817/1811/1778 1818/1812/1779 818/1817/1784
f 811/1710/1677 812/1711/1678 1816/1810/1777 1817/1811/1778
f 105/1818/1785 819/1819/1786 1819/1813/1780 700/1820/1787
f 700/1820/1787 1819/1813/1780 1820/1808/1775 701/1815/1782
f 819/1819/1786 818/1817/1784 1818/1812/1779 1819/1813/1780
f 1822/1821/1788 1827/1822/1789 1821/1823/1790 1823/1824/1791
f 1824/1825/1792 1823/1824/1791 1821/1823/1790 1825/1826/1793
f 1826/1827/1794 1825/1826/1793 1821/1823/1790 1827/1822/1789
f 61/77/77 822/1828/1795 1822/1821/1788 816/1720/1687
f 816/1720/1687 1822/1821/1788 1823/1824/1791 815/1721/1688
f 822/1828/1795 821/1829/1796 1827/1822/1789 1822/1821/1788
f 104/1665/1632 814/1722/1689 1824/1825/1792 684/1756/1723
f 684/1756/1723 1824/1825/1792 1825/1826/1793 683/1766/1733
f 814/1722/1689 815/1721/1688 1823/1824/1791 1824/1825/1792
f 111/1765/1732 682/1764/1731 1826/1827/1794 820/1830/1797
f 820/1830/1797 1826/1827/1794 1827/1822/1789 821/1829/1796
f 682/1764/1731 683/1766/1733 1825/1826/1793 1826/1827/1794
f 1828/1831/1798 1831/1832/1799 1832/1833/1800 1829/1834/1801
f 1829/1834/1801 1832/1833/1800 1833/1835/1802 1830/1836/1803
f 1831/1832/1799 1834/1837/1804 1835/1838/1805 1832/1833/1800
f 1832/1833/1800 1835/1838/1805 1836/1839/1806 1833/1835/1802
f 103/1661/1628 685/1757/1724 1828/1831/1798 639/1734/1701
f 639/1734/1701 1828/1831/1798 1829/1834/1801 638/1733/1700
f 638/1733/1700 1829/1834/1801 1830/1836/1803 637/1732/1699
f 637/1732/1699 1830/1836/1803 690/1776/1743 102/1685/1652
f 1830/1836/1803 1833/1835/1802 689/1786/1753 690/1776/1743
f 1833/1835/1802 1836/1839/1806 688/1784/1751 689/1786/1753
f 1836/1839/1806 676/1840/1807 109/1785/1752 688/1784/1751
f 1835/1838/1805 677/1841/1808 676/1840/1807 1836/1839/1806
f 1834/1837/1804 678/1842/1809 677/1841/1808 1835/1838/1805
f 687/1759/1726 110/1761/1728 678/1842/1809 1834/1837/1804
f 686/1758/1725 687/1759/1726 1834/1837/1804 1831/1832/1799
f 685/1757/1724 686/1758/1725 1831/1832/1799 1828/1831/1798
f 1837/1843/1810 1840/1844/1811 1841/1845/1812 1838/1846/1813
f 1838/1846/1813 1841/1845/1812 1842/1847/1814 1839/1848/1815
f 1840/1844/1811 1843/1849/1816 1844/1850/1817 1841/1845/1812
f 1841/1845/1812 1844/1850/1817 1845/1851/1818 1842/1847/1814
f 101/1681/1648 691/1777/1744 1837/1843/1810 633/1746/1713
f 633/1746/1713 1837/1843/1810 1838/1846/1813 632/1745/1712
f 632/1745/1712 1838/1846/1813 1839/1848/1815 631/1744/1711
f 631/1744/1711 1839/1848/1815 696/1796/1763 100/1701/1668
f 1839/1848/1815 1842/1847/1814 695/1806/1773 696/1796/1763
f 1842/1847/1814 1845/1851/1818 694/1804/1771 695/1806/1773
f 1845/1851/1818 670/1852/1819 107/1805/1772 694/1804/1771
f 1844/1850/1817 671/1853/1820 670/1852/1819 1845/1851/1818
f 1843/1849/1816 672/1854/1821 671/1853/1820 1844/1850/1817
f 693/1779/1746 108/1781/1748 672/1854/1821 1843/1849/1816
f 692/1778/1745 693/1779/1746 1843/1849/1816 1840/1844/1811
f 691/1777/1744 692/1778/1745 1840/1844/1811 1837/1843/1810
f 1846/1855/1822 1849/1856/1823 1850/1857/1824 1847/1858/1825
f 1847/1858/1825 1850/1857/1824 1851/1859/1826 1848/1860/1827
f 1849/1856/1823 1852/1861/1828 1853/1862/1829 1850/1857/1824
f 1850/1857/1824 1853/1862/1829 1854/1863/1830 1851/1859/1826
f 99/1645/1612 697/1797/1764 1846/1855/1822 627/1643/1610
f 627/1643/1610 1846/1855/1822 1847/1858/1825 626/1642/1609
f 626/1642/1609 1847/1858/1825 1848/1860/1827 625/1640/1607
f 625/1640/1607 1848/1860/1827 702/1814/1781 98/1641/1608
f 1848/1860/1827 1851/1859/1826 701/1815/1782 702/1814/1781
f 1851/1859/1826 1854/1863/1830 700/1820/1787 701/1815/1782
f 1854/1863/1830 664/1864/1831 105/1818/1785 700/1820/1787
f 1853/1862/1829 665/1865/1832 664/1864/1831 1854/1863/1830
f 1852/1861/1828 666/1866/1833 665/1865/1832 1853/1862/1829
f 699/1799/1766 106/1801/1768 666/1866/1833 1852/1861/1828
f 698/1798/1765 699/1799/1766 1852/1861/1828 1849/1856/1823
f 697/1797/1764 698/1798/1765 1849/1856/1823 1846/1855/1822
f 1856/1867/1834 1861/1868/1835 1855/1869/1836 1857/1870/1837
f 1858/1871/1838 1857/1870/1837 1855/1869/1836 1859/1872/1839
f 1860/1873/1840 1859/1872/1839 1855/1869/1836 1861/1868/1835
f 105/1818/1785 708/1874/1841 1856/1867/1834 819/1819/1786
f 819/1819/1786 1856/1867/1834 1857/1870/1837 818/1817/1784
f 708/1874/1841 707/1875/1842 1861/1868/1835 1856/1867/1834
f 62/63/63 817/1816/1783 1858/1871/1838 715/64/64
f 715/64/64 1858/1871/1838 1859/1872/1839 716/61/61
f 817/1816/1783 818/1817/1784 1857/1870/1837 1858/1871/1838
f 112/58/58 717/60/60 1860/1873/1840 706/1876/1843
f 706/1876/1843 1860/1873/1840 1861/1868/1835 707/1875/1842
f 717/60/60 716/61/61 1859/1872/1839 1860/1873/1840
f 1863/1877/1844 1868/1878/1845 1862/1879/1846 1864/1880/1847
f 1865/1881/1848 1864/1880/1847 1862/1879/1846 1866/1882/1849
f 1867/1883/1850 1866/1882/1849 1862/1879/1846 1868/1878/1845
f 61/77/77 729/79/79 1863/1877/1844 822/1828/1795
f 822/1828/1795 1863/1877/1844 1864/1880/1847 821/1829/1796
f 729/79/79 728/80/80 1868/1878/1845 1863/1877/1844
f 111/1765/1732 820/1830/1797 1865/1881/1848 823/1884/1851
f 823/1884/1851 1865/1881/1848 1866/1882/1849 824/1885/1852
f 820/1830/1797 821/1829/1796 1864/1880/1847 1865/1881/1848
f 4/82/82 825/1886/1853 1867/1883/1850 727/83/83
f 727/83/83 1867/1883/1850 1868/1878/1845 728/80/80
f 825/1886/1853 824/1885/1852 1866/1882/1849 1867/1883/1850
f 1869/1887/1854 1872/1888/1855 1873/1889/1856 1870/1890/1857
f 1870/1890/1857 1873/1889/1856 1874/1891/1858 1871/1892/1859
f 1872/1888/1855 1875/1893/1860 1876/1894/1861 1873/1889/1856
f 1873/1889/1856 1876/1894/1861 1877/1895/1862 1874/1891/1858
f 110/1761/1728 711/1896/1863 1869/1887/1854 678/1842/1809
f 678/1842/1809 1869/1887/1854 1870/1890/1857 677/1841/1808
f 677/1841/1808 1870/1890/1857 1871/1892/1859 676/1840/1807
f 676/1840/1807 1871/1892/1859 826/1897/1864 109/1785/1752
f 1871/1892/1859 1874/1891/1858 827/1898/1865 826/1897/1864
f 1874/1891/1858 1877/1895/1862 828/1899/1866 827/1898/1865
f 1877/1895/1862 721/103/102 3/10/10 828/1899/1866
f 1876/1894/1861 722/102/101 721/103/102 1877/1895/1862
f 1875/1893/1860 723/101/100 722/102/101 1876/1894/1861
f 709/1900/1867 114/99/98 723/101/100 1875/1893/1860
f 710/1901/1868 709/1900/1867 1875/1893/1860 1872/1888/1855
f 711/1896/1863 710/1901/1868 1872/1888/1855 1869/1887/1854
f 1878/1902/1869 1881/1903/1870 1882/1904/1871 1879/1905/1872
f 1879/1905/1872 1882/1904/1871 1883/1906/1873 1880/1907/1874
f 1881/1903/1870 1884/1908/1875 1885/1909/1876 1882/1904/1871
f 1882/1904/1871 1885/1909/1876 1886/1910/1877 1883/1906/1873
f 108/1781/1748 831/1911/1878 1878/1902/1869 672/1854/1821
f 672/1854/1821 1878/1902/1869 1879/1905/1872 671/1853/1820
f 671/1853/1820 1879/1905/1872 1880/1907/1874 670/1852/1819
f 670/1852/1819 1880/1907/1874 832/1912/1879 107/1805/1772
f 1880/1907/1874 1883/1906/1873 833/1913/1880 832/1912/1879
f 1883/1906/1873 1886/1910/1877 834/1914/1881 833/1913/1880
f 1886/1910/1877 115/121/120 1/35/35 834/1914/1881
f 1885/1909/1876 116/120/119 115/121/120 1886/1910/1877
f 1884/1908/1875 117/119/118 116/120/119 1885/1909/1876
f 829/1915/1882 2/16/16 117/119/118 1884/1908/1875
f 830/1916/1883 829/1915/1882 1884/1908/1875 1881/1903/1870
f 831/1911/1878 830/1916/1883 1881/1903/1870 1878/1902/1869
f 1887/1917/1884 1890/1918/1885 1891/1919/1886 1888/1920/1887
f 1888/1920/1887 1891/1919/1886 1892/1921/1888 1889/1922/1889
f 1890/1918/1885 1893/1923/1890 1894/1924/1891 1891/1919/1886
f 1891/1919/1886 1894/1924/1891 1895/1925/1892 1892/1921/1888
f 106/1801/1768 714/1926/1893 1887/1917/1884 666/1866/1833
f 666/1866/1833 1887/1917/1884 1888/1920/1887 665/1865/1832
f 665/1865/1832 1888/1920/1887 1889/1922/1889 664/1864/1831
f 664/1864/1831 1889/1922/1889 708/1874/1841 105/1818/1785
f 1889/1922/1889 1892/1921/1888 707/1875/1842 708/1874/1841
f 1892/1921/1888 1895/1925/1892 706/1876/1843 707/1875/1842
f 1895/1925/1892 703/136/135 112/58/58 706/1876/1843
f 1894/1924/1891 704/135/134 703/136/135 1895/1925/1892
f 1893/1923/1890 705/134/133 704/135/134 1894/1924/1891
f 712/1927/1894 113/41/41 705/134/133 1893/1923/1890
f 713/1928/1895 712/1927/1894 1893/1923/1890 1890/1918/1885
f 714/1926/1893 713/1928/1895 1890/1918/1885 1887/1917/1884
f 1896/1929/1896 1899/1930/1897 1900/1931/1898 1897/1932/1899
f 1897/1932/1899 1900/1931/1898 1901/1933/1900 1898/1934/1901
f 1899/1930/1897 1902/1935/1902 1903/1936/1903 1900/1931/1898
f 1900/1931/1898 1903/1936/1903 1904/1937/1904 1901/1933/1900
f 111/1765/1732 823/1884/1851 1896/1929/1896 681/1763/1730
f 681/1763/1730 1896/1929/1896 1897/1932/1899 680/1762/1729
f 680/1762/1729 1897/1932/1899 1898/1934/1901 679/1760/1727
f 679/1760/1727 1898/1934/1901 711/1896/1863 110/1761/1728
f 1898/1934/1901 1901/1933/1900 710/1901/1868 711/1896/1863
f 1901/1933/1900 1904/1937/1904 709/1938/1867 710/1901/1868
f 1904/1937/1904 724/151/150 114/99/98 709/1938/1867
f 1903/1936/1903 725/150/149 724/151/150 1904/1937/1904
f 1902/1935/1902 726/149/148 725/150/149 1903/1936/1903
f 825/1886/1853 4/82/82 726/149/148 1902/1935/1902
f 824/1885/1852 825/1886/1853 1902/1935/1902 1899/1930/1897
f 823/1884/1851 824/1885/1852 1899/1930/1897 1896/1929/1896
f 1905/1939/1905 1908/1940/1906 1909/1941/1907 1906/1942/1908
f 1906/1942/1908 1909/1941/1907 1910/1943/1909 1907/1944/1910
f 1908/1940/1906 1911/1945/1911 1912/1946/1912 1909/1941/1907
f 1909/1941/1907 1912/1946/1912 1913/1947/1913 1910/1943/1909
f 109/1785/1752 826/1897/1864 1905/1939/1905 675/1783/1750
f 675/1783/1750 1905/1939/1905 1906/1942/1908 674/1782/1749
f 674/1782/1749 1906/1942/1908 1907/1944/1910 673/1780/1747
f 673/1780/1747 1907/1944/1910 831/1911/1878 108/1781/1748
f 1907/1944/1910 1910/1943/1909 830/1916/1883 831/1911/1878
f 1910/1943/1909 1913/1947/1913 829/1915/1882 830/1916/1883
f 1913/1947/1913 118/14/14 2/16/16 829/1915/1882
f 1912/1946/1912 119/13/13 118/14/14 1913/1947/1913
f 1911/1945/1911 120/12/12 119/13/13 1912/1946/1912
f 828/1899/1866 3/10/10 120/12/12 1911/1945/1911
f 827/1898/1865 828/1899/1866 1911/1945/1911 1908/1940/1906
f 826/1897/1864 827/1898/1865 1908/1940/1906 1905/1939/1905
f 1914/1948/1914 1917/1949/1915 1918/1950/1916 1915/1951/1917
f 1915/1951/1917 1918/1950/1916 1919/1952/1918 1916/1953/1919
f 1917/1949/1915 1920/1954/1920 1921/1955/1921 1918/1950/1916
f 1918/1950/1916 1921/1955/1921 1922/1956/1922 1919/1952/1918
f 107/1805/1772 832/1912/1879 1914/1948/1914 669/1803/1770
f 669/1803/1770 1914/1948/1914 1915/1951/1917 668/1802/1769
f 668/1802/1769 1915/1951/1917 1916/1953/1919 667/1800/1767
f 667/1800/1767 1916/1953/1919 714/1926/1893 106/1801/1768
f 1916/1953/1919 1919/1952/1918 713/1928/1895 714/1926/1893
f 1919/1952/1918 1922/1956/1922 712/1927/1894 713/1928/1895
f 1922/1956/1922 718/39/39 113/41/41 712/1927/1894
f 1921/1955/1921 719/38/38 718/39/39 1922/1956/1922
f 1920/1954/1920 720/37/37 719/38/38 1921/1955/1921
f 834/1914/1881 1/35/35 720/37/37 1920/1954/1920
f 833/1913/1880 834/1914/1881 1920/1954/1920 1917/1949/1915
f 832/1912/1879 833/1913/1880 1917/1949/1915 1914/1948/1914
s 0
usemtl Material.001
f 2275/1957/77 2276/1958/77 2279/1959/77 2278/1960/77
f 2276/1958/77 2277/1961/77 2280/1962/77 2279/1959/77
f 2278/1960/77 2279/1959/77 2282/1963/77 2281/1964/77
f 2279/1959/77 2280/1962/77 2283/1965/77 2282/1963/77
f 1938/1966/77 2031/1967/77 2275/1957/77 2184/1968/77
f 2031/1967/77 2030/1969/77 2276/1958/77 2275/1957/77
f 2030/1969/77 2029/1970/77 2277/1961/77 2276/1958/77
f 2029/1970/77 1937/1971/77 2179/1972/77 2277/1961/77
f 2277/1961/77 2179/1972/77 2180/1973/77 2280/1962/77
f 2280/1962/77 2180/1973/77 2181/1974/77 2283/1965/77
f 2283/1965/77 2181/1974/77 1969/1975/77 2127/1976/77
f 2282/1963/77 2283/1965/77 2127/1976/77 2126/1977/77
f 2281/1964/77 2282/1963/77 2126/1977/77 2125/1978/77
f 2182/1979/77 2281/1964/77 2125/1978/77 1970/1980/77
f 2183/1981/77 2278/1960/77 2281/1964/77 2182/1979/77
f 2184/1968/77 2275/1957/77 2278/1960/77 2183/1981/77
f 2284/1982/77 2285/1983/77 2288/1984/77 2287/1985/77
f 2285/1983/77 2286/1986/77 2289/1987/77 2288/1984/77
f 2287/1985/77 2288/1984/77 2291/1988/77 2290/1989/77
f 2288/1984/77 2289/1987/77 2292/1990/77 2291/1988/77
f 1925/1991/77 1992/1992/77 2284/1982/77 2190/1993/77
f 1992/1992/77 1991/1994/77 2285/1983/77 2284/1982/77
f 1991/1994/77 1990/1995/77 2286/1986/77 2285/1983/77
f 1990/1995/77 1924/1996/77 2185/1997/77 2286/1986/77
f 2286/1986/77 2185/1997/77 2186/1998/77 2289/1987/77
f 2289/1987/77 2186/1998/77 2187/1999/77 2292/1990/77
f 2292/1990/77 2187/1999/77 1956/2000/77 2088/2001/77
f 2291/1988/77 2292/1990/77 2088/2001/77 2087/2002/77
f 2290/1989/77 2291/1988/77 2087/2002/77 2086/2003/77
f 2188/2004/77 2290/1989/77 2086/2003/77 1957/2005/77
f 2189/2006/77 2287/1985/77 2290/1989/77 2188/2004/77
f 2190/1993/77 2284/1982/77 2287/1985/77 2189/2006/77
f 2293/2007/77 2294/2008/77 2297/2009/77 2296/2010/77
f 2294/2008/77 2295/2011/77 2298/2012/77 2297/2009/77
f 2296/2010/77 2297/2009/77 2300/2013/77 2299/2014/77
f 2297/2009/77 2298/2012/77 2301/2015/77 2300/2013/77
f 1952/2016/77 2073/2017/77 2293/2007/77 2196/2018/77
f 2073/2017/77 2072/2019/77 2294/2008/77 2293/2007/77
f 2072/2019/77 2071/2020/77 2295/2011/77 2294/2008/77
f 2071/2020/77 1951/2021/77 2191/2022/77 2295/2011/77
f 2295/2011/77 2191/2022/77 2192/2023/77 2298/2012/77
f 2298/2012/77 2192/2023/77 2193/2024/77 2301/2015/77
f 2301/2015/77 2193/2024/77 1983/2025/77 2169/2026/77
f 2300/2013/77 2301/2015/77 2169/2026/77 2168/2027/77
f 2299/2014/77 2300/2013/77 2168/2027/77 2167/2028/77
f 2194/2029/77 2299/2014/77 2167/2028/77 1984/2030/77
f 2195/2031/77 2296/2010/77 2299/2014/77 2194/2029/77
f 2196/2018/77 2293/2007/77 2296/2010/77 2195/2031/77
f 2302/2032/77 2303/2033/77 2306/2034/77 2305/2035/77
f 2303/2033/77 2304/2036/77 2307/2037/77 2306/2034/77
f 2305/2035/77 2306/2034/77 2309/2038/77 2308/2039/77
f 2306/2034/77 2307/2037/77 2310/2040/77 2309/2038/77
f 1939/2041/77 2034/2042/77 2302/2032/77 2199/2043/77
f 2034/2042/77 2033/2044/77 2303/2033/77 2302/2032/77
f 2033/2044/77 2032/2045/77 2304/2036/77 2303/2033/77
f 2032/2045/77 1938/1966/77 2184/1968/77 2304/2036/77
f 2304/2036/77 2184/1968/77 2183/1981/77 2307/2037/77
f 2307/2037/77 2183/1981/77 2182/1979/77 2310/2040/77
f 2310/2040/77 2182/1979/77 1970/1980/77 2130/2046/77
f 2309/2038/77 2310/2040/77 2130/2046/77 2129/2047/77
f 2308/2039/77 2309/2038/77 2129/2047/77 2128/2048/77
f 2197/2049/77 2308/2039/77 2128/2048/77 1971/2050/77
f 2198/2051/77 2305/2035/77 2308/2039/77 2197/2049/77
f 2199/2043/77 2302/2032/77 2305/2035/77 2198/2051/77
f 2311/2052/77 2312/2053/77 2315/2054/77 2314/2055/77
f 2312/2053/77 2313/2056/77 2316/2057/77 2315/2054/77
f 2314/2055/77 2315/2054/77 2318/2058/77 2317/2059/77
f 2315/2054/77 2316/2057/77 2319/2060/77 2318/2058/77
f 1926/2061/77 1995/2062/77 2311/2052/77 2202/2063/77
f 1995/2062/77 1994/2064/77 2312/2053/77 2311/2052/77
f 1994/2064/77 1993/2065/77 2313/2056/77 2312/2053/77
f 1993/2065/77 1925/1991/77 2190/1993/77 2313/2056/77
f 2313/2056/77 2190/1993/77 2189/2006/77 2316/2057/77
f 2316/2057/77 2189/2006/77 2188/2004/77 2319/2060/77
f 2319/2060/77 2188/2004/77 1957/2005/77 2091/2066/77
f 2318/2058/77 2319/2060/77 2091/2066/77 2090/2067/77
f 2317/2059/77 2318/2058/77 2090/2067/77 2089/2068/77
f 2200/2069/77 2317/2059/77 2089/2068/77 1958/2070/77
f 2201/2071/77 2314/2055/77 2317/2059/77 2200/2069/77
f 2202/2063/77 2311/2052/77 2314/2055/77 2201/2071/77
f 2320/2072/77 2321/2073/77 2324/2074/77 2323/2075/77
f 2321/2073/77 2322/2076/77 2325/2077/77 2324/2074/77
f 2323/2075/77 2324/2074/77 2327/2078/77 2326/2079/77
f 2324/2074/77 2325/2077/77 2328/2080/77 2327/2078/77
f 1953/2081/77 2076/2082/77 2320/2072/77 2205/2083/77
f 2076/2082/77 2075/2084/77 2321/2073/77 2320/2072/77
f 2075/2084/77 2074/2085/77 2322/2076/77 2321/2073/77
f 2074/2085/77 1952/2016/77 2196/2018/77 2322/2076/77
f 2322/2076/77 2196/2018/77 2195/2031/77 2325/2077/77
f 2325/2077/77 2195/2031/77 2194/2029/77 2328/2080/77
f 2328/2080/77 2194/2029/77 1984/2030/77 2172/2086/77
f 2327/2078/77 2328/2080/77 2172/2086/77 2171/2087/77
f 2326/2079/77 2327/2078/77 2171/2087/77 2170/2088/77
f 2203/2089/77 2326/2079/77 2170/2088/77 1985/2090/77
f 2204/2091/77 2323/2075/77 2326/2079/77 2203/2089/77
f 2205/2083/77 2320/2072/77 2323/2075/77 2204/2091/77
f 2329/2092/77 2330/2093/77 2333/2094/77 2332/2095/77
f 2330/2093/77 2331/2096/77 2334/2097/77 2333/2094/77
f 2332/2095/77 2333/2094/77 2336/2098/77 2335/2099/77
f 2333/2094/77 2334/2097/77 2337/2100/77 2336/2098/77
f 1940/2101/77 2037/2102/77 2329/2092/77 2208/2103/77
f 2037/2102/77 2036/2104/77 2330/2093/77 2329/2092/77
f 2036/2104/77 2035/2105/77 2331/2096/77 2330/2093/77
f 2035/2105/77 1939/2106/77 2199/2107/77 2331/2096/77
f 2331/2096/77 2199/2107/77 2198/2108/77 2334/2097/77
f 2334/2097/77 2198/2108/77 2197/2109/77 2337/2100/77
f 2337/2100/77 2197/2109/77 1971/2110/77 2133/2111/77
f 2336/2098/77 2337/2100/77 2133/2111/77 2132/2112/77
f 2335/2099/77 2336/2098/77 2132/2112/77 2131/2113/77
f 2206/2114/77 2335/2099/77 2131/2113/77 1972/2115/77
f 2207/2116/77 2332/2095/77 2335/2099/77 2206/2114/77
f 2208/2103/77 2329/2092/77 2332/2095/77 2207/2116/77
f 2338/2117/77 2339/2118/77 2342/2119/77 2341/2120/77
f 2339/2118/77 2340/2121/77 2343/2122/77 2342/2119/77
f 2341/2120/77 2342/2119/77 2345/2123/77 2344/2124/77
f 2342/2119/77 2343/2122/77 2346/2125/77 2345/2123/77
f 1927/2126/77 1998/2127/77 2338/2117/77 2211/2128/77
f 1998/2127/77 1997/2129/77 2339/2118/77 2338/2117/77
f 1997/2129/77 1996/2130/77 2340/2121/77 2339/2118/77
f 1996/2130/77 1926/2061/77 2202/2063/77 2340/2121/77
f 2340/2121/77 2202/2063/77 2201/2071/77 2343/2122/77
f 2343/2122/77 2201/2071/77 2200/2069/77 2346/2125/77
f 2346/2125/77 2200/2069/77 1958/2070/77 2094/2131/77
f 2345/2123/77 2346/2125/77 2094/2131/77 2093/2132/77
f 2344/2124/77 2345/2123/77 2093/2132/77 2092/2133/77
f 2209/2134/77 2344/2124/77 2092/2133/77 1959/2135/77
f 2210/2136/77 2341/2120/77 2344/2124/77 2209/2134/77
f 2211/2128/77 2338/2117/77 2341/2120/77 2210/2136/77
f 2347/2137/77 2348/2138/77 2351/2139/77 2350/2140/77
f 2348/2138/77 2349/2141/77 2352/2142/77 2351/2139/77
f 2350/2140/77 2351/2139/77 2354/2143/77 2353/2144/77
f 2351/2139/77 2352/2142/77 2355/2145/77 2354/2143/77
f 1954/2146/77 2079/2147/77 2347/2137/77 2214/2148/77
f 2079/2147/77 2078/2149/77 2348/2138/77 2347/2137/77
f 2078/2149/77 2077/2150/77 2349/2141/77 2348/2138/77
f 2077/2150/77 1953/2081/77 2205/2083/77 2349/2141/77
f 2349/2141/77 2205/2083/77 2204/2091/77 2352/2142/77
f 2352/2142/77 2204/2091/77 2203/2089/77 2355/2145/77
f 2355/2145/77 2203/2089/77 1985/2090/77 2175/2151/77
f 2354/2143/77 2355/2145/77 2175/2151/77 2174/2152/77
f 2353/2144/77 2354/2143/77 2174/2152/77 2173/2153/77
f 2212/2154/77 2353/2144/77 2173/2153/77 1986/2155/77
f 2213/2156/77 2350/2140/77 2353/2144/77 2212/2154/77
f 2214/2148/77 2347/2137/77 2350/2140/77 2213/2156/77
f 2356/2157/77 2357/2158/77 2360/2159/77 2359/2160/77
f 2357/2158/77 2358/2161/77 2361/2162/77 2360/2159/77
f 2359/2160/77 2360/2159/77 2363/2163/77 2362/2164/77
f 2360/2159/77 2361/2162/77 2364/2165/77 2363/2163/77
f 1941/2166/77 2040/2167/77 2356/2157/77 2217/2168/77
f 2040/2167/77 2039/2169/77 2357/2158/77 2356/2157/77
f 2039/2169/77 2038/2170/77 2358/2161/77 2357/2158/77
f 2038/2170/77 1940/2101/77 2208/2103/77 2358/2161/77
f 2358/2161/77 2208/2103/77 2207/2116/77 2361/2162/77
f 2361/2162/77 2207/2116/77 2206/2114/77 2364/2165/77
f 2364/2165/77 2206/2114/77 1972/2115/77 2136/2171/77
f 2363/2163/77 2364/2165/77 2136/2171/77 2135/2172/77
f 2362/2164/77 2363/2163/77 2135/2172/77 2134/2173/77
f 2215/2174/77 2362/2164/77 2134/2173/77 1973/2175/77
f 2216/2176/77 2359/2160/77 2362/2164/77 2215/2174/77
f 2217/2168/77 2356/2157/77 2359/2160/77 2216/2176/77
f 2365/2177/77 2366/2178/77 2369/2179/77 2368/2180/77
f 2366/2178/77 2367/2181/77 2370/2182/77 2369/2179/77
f 2368/2180/77 2369/2179/77 2372/2183/77 2371/2184/77
f 2369/2179/77 2370/2182/77 2373/2185/77 2372/2183/77
f 1928/2186/77 2001/2187/77 2365/2177/77 2220/2188/77
f 2001/2187/77 2000/2189/77 2366/2178/77 2365/2177/77
f 2000/2189/77 1999/2190/77 2367/2181/77 2366/2178/77
f 1999/2190/77 1927/2126/77 2211/2128/77 2367/2181/77
f 2367/2181/77 2211/2128/77 2210/2136/77 2370/2182/77
f 2370/2182/77 2210/2136/77 2209/2134/77 2373/2185/77
f 2373/2185/77 2209/2134/77 1959/2135/77 2097/2191/77
f 2372/2183/77 2373/2185/77 2097/2191/77 2096/2192/77
f 2371/2184/77 2372/2183/77 2096/2192/77 2095/2193/77
f 2218/2194/77 2371/2184/77 2095/2193/77 1960/2195/77
f 2219/2196/77 2368/2180/77 2371/2184/77 2218/2194/77
f 2220/2188/77 2365/2177/77 2368/2180/77 2219/2196/77
f 2374/2197/77 2375/2198/77 2378/2199/77 2377/2200/77
f 2375/2198/77 2376/2201/77 2379/2202/77 2378/2199/77
f 2377/2200/77 2378/2199/77 2381/2203/77 2380/2204/77
f 2378/2199/77 2379/2202/77 2382/2205/77 2381/2203/77
f 1923/2206/77 2082/2207/77 2374/2197/77 2223/2208/77
f 2082/2207/77 2081/2209/77 2375/2198/77 2374/2197/77
f 2081/2209/77 2080/2210/77 2376/2201/77 2375/2198/77
f 2080/2210/77 1954/2146/77 2214/2148/77 2376/2201/77
f 2376/2201/77 2214/2148/77 2213/2156/77 2379/2202/77
f 2379/2202/77 2213/2156/77 2212/2154/77 2382/2205/77
f 2382/2205/77 2212/2154/77 1986/2155/77 2178/2211/77
f 2381/2203/77 2382/2205/77 2178/2211/77 2177/2212/77
f 2380/2204/77 2381/2203/77 2177/2212/77 2176/2213/77
f 2221/2214/77 2380/2204/77 2176/2213/77 1955/2215/77
f 2222/2216/77 2377/2200/77 2380/2204/77 2221/2214/77
f 2223/2208/77 2374/2197/77 2377/2200/77 2222/2216/77
f 2383/2217/77 2384/2218/77 2387/2219/77 2386/2220/77
f 2384/2218/77 2385/2221/77 2388/2222/77 2387/2219/77
f 2386/2220/77 2387/2219/77 2390/2223/77 2389/2224/77
f 2387/2219/77 2388/2222/77 2391/2225/77 2390/2223/77
f 1942/2226/77 2043/2227/77 2383/2217/77 2226/2228/77
f 2043/2227/77 2042/2229/77 2384/2218/77 2383/2217/77
f 2042/2229/77 2041/2230/77 2385/2221/77 2384/2218/77
f 2041/2230/77 1941/2166/77 2217/2168/77 2385/2221/77
f 2385/2221/77 2217/2168/77 2216/2176/77 2388/2222/77
f 2388/2222/77 2216/2176/77 2215/2174/77 2391/2225/77
f 2391/2225/77 2215/2174/77 1973/2175/77 2139/2231/77
f 2390/2223/77 2391/2225/77 2139/2231/77 2138/2232/77
f 2389/2224/77 2390/2223/77 2138/2232/77 2137/2233/77
f 2224/2234/77 2389/2224/77 2137/2233/77 1974/2235/77
f 2225/2236/77 2386/2220/77 2389/2224/77 2224/2234/77
f 2226/2228/77 2383/2217/77 2386/2220/77 2225/2236/77
f 2392/2237/77 2393/2238/77 2396/2239/77 2395/2240/77
f 2393/2238/77 2394/2241/77 2397/2242/77 2396/2239/77
f 2395/2240/77 2396/2239/77 2399/2243/77 2398/2244/77
f 2396/2239/77 2397/2242/77 2400/2245/77 2399/2243/77
f 1929/2246/77 2004/2247/77 2392/2237/77 2229/2248/77
f 2004/2247/77 2003/2249/77 2393/2238/77 2392/2237/77
f 2003/2249/77 2002/2250/77 2394/2241/77 2393/2238/77
f 2002/2250/77 1928/2186/77 2220/2188/77 2394/2241/77
f 2394/2241/77 2220/2188/77 2219/2196/77 2397/2242/77
f 2397/2242/77 2219/2196/77 2218/2194/77 2400/2245/77
f 2400/2245/77 2218/2194/77 1960/2195/77 2100/2251/77
f 2399/2243/77 2400/2245/77 2100/2251/77 2099/2252/77
f 2398/2244/77 2399/2243/77 2099/2252/77 2098/2253/77
f 2227/2254/77 2398/2244/77 2098/2253/77 1961/2255/77
f 2228/2256/77 2395/2240/77 2398/2244/77 2227/2254/77
f 2229/2248/77 2392/2237/77 2395/2240/77 2228/2256/77
f 2401/2257/77 2402/2258/77 2405/2259/77 2404/2260/77
f 2402/2258/77 2403/2261/77 2406/2262/77 2405/2259/77
f 2404/2260/77 2405/2259/77 2408/2263/77 2407/2264/77
f 2405/2259/77 2406/2262/77 2409/2265/77 2408/2263/77
f 1943/2266/77 2046/2267/77 2401/2257/77 2232/2268/77
f 2046/2267/77 2045/2269/77 2402/2258/77 2401/2257/77
f 2045/2269/77 2044/2270/77 2403/2261/77 2402/2258/77
f 2044/2270/77 1942/2226/77 2226/2228/77 2403/2261/77
f 2403/2261/77 2226/2228/77 2225/2236/77 2406/2262/77
f 2406/2262/77 2225/2236/77 2224/2234/77 2409/2265/77
f 2409/2265/77 2224/2234/77 1974/2235/77 2142/2271/77
f 2408/2263/77 2409/2265/77 2142/2271/77 2141/2272/77
f 2407/2264/77 2408/2263/77 2141/2272/77 2140/2273/77
f 2230/2274/77 2407/2264/77 2140/2273/77 1975/2275/77
f 2231/2276/77 2404/2260/77 2407/2264/77 2230/2274/77
f 2232/2268/77 2401/2257/77 2404/2260/77 2231/2276/77
f 2410/2277/77 2411/2278/77 2414/2279/77 2413/2280/77
f 2411/2278/77 2412/2281/77 2415/2282/77 2414/2279/77
f 2413/2280/77 2414/2279/77 2417/2283/77 2416/2284/77
f 2414/2279/77 2415/2282/77 2418/2285/77 2417/2283/77
f 1930/2286/77 2007/2287/77 2410/2277/77 2235/2288/77
f 2007/2287/77 2006/2289/77 2411/2278/77 2410/2277/77
f 2006/2289/77 2005/2290/77 2412/2281/77 2411/2278/77
f 2005/2290/77 1929/2246/77 2229/2248/77 2412/2281/77
f 2412/2281/77 2229/2248/77 2228/2256/77 2415/2282/77
f 2415/2282/77 2228/2256/77 2227/2254/77 2418/2285/77
f 2418/2285/77 2227/2254/77 1961/2255/77 2103/2291/77
f 2417/2283/77 2418/2285/77 2103/2291/77 2102/2292/77
f 2416/2284/77 2417/2283/77 2102/2292/77 2101/2293/77
f 2233/2294/77 2416/2284/77 2101/2293/77 1962/2295/77
f 2234/2296/77 2413/2280/77 2416/2284/77 2233/2294/77
f 2235/2288/77 2410/2277/77 2413/2280/77 2234/2296/77
f 2419/2297/77 2420/2298/77 2423/2299/77 2422/2300/77
f 2420/2298/77 2421/2301/77 2424/2302/77 2423/2299/77
f 2422/2300/77 2423/2299/77 2426/2303/77 2425/2304/77
f 2423/2299/77 2424/2302/77 2427/2305/77 2426/2303/77
f 1944/2306/77 2049/2307/77 2419/2297/77 2238/2308/77
f 2049/2307/77 2048/2309/77 2420/2298/77 2419/2297/77
f 2048/2309/77 2047/2310/77 2421/2301/77 2420/2298/77
f 2047/2310/77 1943/2266/77 2232/2268/77 2421/2301/77
f 2421/2301/77 2232/2268/77 2231/2276/77 2424/2302/77
f 2424/2302/77 2231/2276/77 2230/2274/77 2427/2305/77
f 2427/2305/77 2230/2274/77 1975/2275/77 2145/2311/77
f 2426/2303/77 2427/2305/77 2145/2311/77 2144/2312/77
f 2425/2304/77 2426/2303/77 2144/2312/77 2143/2313/77
f 2236/2314/77 2425/2304/77 2143/2313/77 1976/2315/77
f 2237/2316/77 2422/2300/77 2425/2304/77 2236/2314/77
f 2238/2308/77 2419/2297/77 2422/2300/77 2237/2316/77
f 2428/2317/77 2429/2318/77 2432/2319/77 2431/2320/77
f 2429/2318/77 2430/2321/77 2433/2322/77 2432/2319/77
f 2431/2320/77 2432/2319/77 2435/2323/77 2434/2324/77
f 2432/2319/77 2433/2322/77 2436/2325/77 2435/2323/77
f 1931/2326/77 2010/2327/77 2428/2317/77 2241/2328/77
f 2010/2327/77 2009/2329/77 2429/2318/77 2428/2317/77
f 2009/2329/77 2008/2330/77 2430/2321/77 2429/2318/77
f 2008/2330/77 1930/2286/77 2235/2288/77 2430/2321/77
f 2430/2321/77 2235/2288/77 2234/2296/77 2433/2322/77
f 2433/2322/77 2234/2296/77 2233/2294/77 2436/2325/77
f 2436/2325/77 2233/2294/77 1962/2295/77 2106/2331/77
f 2435/2323/77 2436/2325/77 2106/2331/77 2105/2332/77
f 2434/2324/77 2435/2323/77 2105/2332/77 2104/2333/77
f 2239/2334/77 2434/2324/77 2104/2333/77 1963/2335/77
f 2240/2336/77 2431/2320/77 2434/2324/77 2239/2334/77
f 2241/2328/77 2428/2317/77 2431/2320/77 2240/2336/77
f 2437/2337/77 2438/2338/77 2441/2339/77 2440/2340/77
f 2438/2338/77 2439/2341/77 2442/2342/77 2441/2339/77
f 2440/2340/77 2441/2339/77 2444/2343/77 2443/2344/77
f 2441/2339/77 2442/2342/77 2445/2345/77 2444/2343/77
f 1945/2346/77 2052/2347/77 2437/2337/77 2244/2348/77
f 2052/2347/77 2051/2349/77 2438/2338/77 2437/2337/77
f 2051/2349/77 2050/2350/77 2439/2341/77 2438/2338/77
f 2050/2350/77 1944/2306/77 2238/2308/77 2439/2341/77
f 2439/2341/77 2238/2308/77 2237/2316/77 2442/2342/77
f 2442/2342/77 2237/2316/77 2236/2314/77 2445/2345/77
f 2445/2345/77 2236/2314/77 1976/2315/77 2148/2351/77
f 2444/2343/77 2445/2345/77 2148/2351/77 2147/2352/77
f 2443/2344/77 2444/2343/77 2147/2352/77 2146/2353/77
f 2242/2354/77 2443/2344/77 2146/2353/77 1977/2355/77
f 2243/2356/77 2440/2340/77 2443/2344/77 2242/2354/77
f 2244/2348/77 2437/2337/77 2440/2340/77 2243/2356/77
f 2446/2357/77 2447/2358/77 2450/2359/77 2449/2360/77
f 2447/2358/77 2448/2361/77 2451/2362/77 2450/2359/77
f 2449/2360/77 2450/2359/77 2453/2363/77 2452/2364/77
f 2450/2359/77 2451/2362/77 2454/2365/77 2453/2363/77
f 1932/2366/77 2013/2367/77 2446/2357/77 2247/2368/77
f 2013/2367/77 2012/2369/77 2447/2358/77 2446/2357/77
f 2012/2369/77 2011/2370/77 2448/2361/77 2447/2358/77
f 2011/2370/77 1931/2371/77 2241/2372/77 2448/2361/77
f 2448/2361/77 2241/2372/77 2240/2373/77 2451/2362/77
f 2451/2362/77 2240/2373/77 2239/2374/77 2454/2365/77
f 2454/2365/77 2239/2374/77 1963/2375/77 2109/2376/77
f 2453/2363/77 2454/2365/77 2109/2376/77 2108/2377/77
f 2452/2364/77 2453/2363/77 2108/2377/77 2107/2378/77
f 2245/2379/77 2452/2364/77 2107/2378/77 1964/2380/77
f 2246/2381/77 2449/2360/77 2452/2364/77 2245/2379/77
f 2247/2368/77 2446/2357/77 2449/2360/77 2246/2381/77
f 2455/2382/77 2456/2383/77 2459/2384/77 2458/2385/77
f 2456/2383/77 2457/2386/77 2460/2387/77 2459/2384/77
f 2458/2385/77 2459/2384/77 2462/2388/77 2461/2389/77
f 2459/2384/77 2460/2387/77 2463/2390/77 2462/2388/77
f 1946/2391/77 2055/2392/77 2455/2382/77 2250/2393/77
f 2055/2392/77 2054/2394/77 2456/2383/77 2455/2382/77
f 2054/2394/77 2053/2395/77 2457/2386/77 2456/2383/77
f 2053/2395/77 1945/2346/77 2244/2348/77 2457/2386/77
f 2457/2386/77 2244/2348/77 2243/2356/77 2460/2387/77
f 2460/2387/77 2243/2356/77 2242/2354/77 2463/2390/77
f 2463/2390/77 2242/2354/77 1977/2355/77 2151/2396/77
f 2462/2388/77 2463/2390/77 2151/2396/77 2150/2397/77
f 2461/2389/77 2462/2388/77 2150/2397/77 2149/2398/77
f 2248/2399/77 2461/2389/77 2149/2398/77 1978/2400/77
f 2249/2401/77 2458/2385/77 2461/2389/77 2248/2399/77
f 2250/2393/77 2455/2382/77 2458/2385/77 2249/2401/77
f 2464/2402/77 2465/2403/77 2468/2404/77 2467/2405/77
f 2465/2403/77 2466/2406/77 2469/2407/77 2468/2404/77
f 2467/2405/77 2468/2404/77 2471/2408/77 2470/2409/77
f 2468/2404/77 2469/2407/77 2472/2410/77 2471/2408/77
f 1933/2411/77 2016/2412/77 2464/2402/77 2253/2413/77
f 2016/2412/77 2015/2414/77 2465/2403/77 2464/2402/77
f 2015/2414/77 2014/2415/77 2466/2406/77 2465/2403/77
f 2014/2415/77 1932/2366/77 2247/2368/77 2466/2406/77
f 2466/2406/77 2247/2368/77 2246/2381/77 2469/2407/77
f 2469/2407/77 2246/2381/77 2245/2379/77 2472/2410/77
f 2472/2410/77 2245/2379/77 1964/2380/77 2112/2416/77
f 2471/2408/77 2472/2410/77 2112/2416/77 2111/2417/77
f 2470/2409/77 2471/2408/77 2111/2417/77 2110/2418/77
f 2251/2419/77 2470/2409/77 2110/2418/77 1965/2420/77
f 2252/2421/77 2467/2405/77 2470/2409/77 2251/2419/77
f 2253/2413/77 2464/2402/77 2467/2405/77 2252/2421/77
f 2473/2422/77 2474/2423/77 2477/2424/77 2476/2425/77
f 2474/2423/77 2475/2426/77 2478/2427/77 2477/2424/77
f 2476/2425/77 2477/2424/77 2480/2428/77 2479/2429/77
f 2477/2424/77 2478/2427/77 2481/2430/77 2480/2428/77
f 1947/2431/77 2058/2432/77 2473/2422/77 2256/2433/77
f 2058/2432/77 2057/2434/77 2474/2423/77 2473/2422/77
f 2057/2434/77 2056/2435/77 2475/2426/77 2474/2423/77
f 2056/2435/77 1946/2391/77 2250/2393/77 2475/2426/77
f 2475/2426/77 2250/2393/77 2249/2401/77 2478/2427/77
f 2478/2427/77 2249/2401/77 2248/2399/77 2481/2430/77
f 2481/2430/77 2248/2399/77 1978/2400/77 2154/2436/77
f 2480/2428/77 2481/2430/77 2154/2436/77 2153/2437/77
f 2479/2429/77 2480/2428/77 2153/2437/77 2152/2438/77
f 2254/2439/77 2479/2429/77 2152/2438/77 1979/2440/77
f 2255/2441/77 2476/2425/77 2479/2429/77 2254/2439/77
f 2256/2433/77 2473/2422/77 2476/2425/77 2255/2441/77
f 2482/2442/77 2483/2443/77 2486/2444/77 2485/2445/77
f 2483/2443/77 2484/2446/77 2487/2447/77 2486/2444/77
f 2485/2445/77 2486/2444/77 2489/2448/77 2488/2449/77
f 2486/2444/77 2487/2447/77 2490/2450/77 2489/2448/77
f 1934/2451/77 2019/2452/77 2482/2442/77 2259/2453/77
f 2019/2452/77 2018/2454/77 2483/2443/77 2482/2442/77
f 2018/2454/77 2017/2455/77 2484/2446/77 2483/2443/77
f 2017/2455/77 1933/2411/77 2253/2413/77 2484/2446/77
f 2484/2446/77 2253/2413/77 2252/2421/77 2487/2447/77
f 2487/2447/77 2252/2421/77 2251/2419/77 2490/2450/77
f 2490/2450/77 2251/2419/77 1965/2420/77 2115/2456/77
f 2489/2448/77 2490/2450/77 2115/2456/77 2114/2457/77
f 2488/2449/77 2489/2448/77 2114/2457/77 2113/2458/77
f 2257/2459/77 2488/2449/77 2113/2458/77 1966/2460/77
f 2258/2461/77 2485/2445/77 2488/2449/77 2257/2459/77
f 2259/2453/77 2482/2442/77 2485/2445/77 2258/2461/77
f 2491/2462/77 2492/2463/77 2495/2464/77 2494/2465/77
f 2492/2463/77 2493/2466/77 2496/2467/77 2495/2464/77
f 2494/2465/77 2495/2464/77 2498/2468/77 2497/2469/77
f 2495/2464/77 2496/2467/77 2499/2470/77 2498/2468/77
f 1948/2471/77 2061/2472/77 2491/2462/77 2262/2473/77
f 2061/2472/77 2060/2474/77 2492/2463/77 2491/2462/77
f 2060/2474/77 2059/2475/77 2493/2466/77 2492/2463/77
f 2059/2475/77 1947/2476/77 2256/2477/77 2493/2466/77
f 2493/2466/77 2256/2477/77 2255/2478/77 2496/2467/77
f 2496/2467/77 2255/2478/77 2254/2479/77 2499/2470/77
f 2499/2470/77 2254/2479/77 1979/2480/77 2157/2481/77
f 2498/2468/77 2499/2470/77 2157/2481/77 2156/2482/77
f 2497/2469/77 2498/2468/77 2156/2482/77 2155/2483/77
f 2260/2484/77 2497/2469/77 2155/2483/77 1980/2485/77
f 2261/2486/77 2494/2465/77 2497/2469/77 2260/2484/77
f 2262/2473/77 2491/2462/77 2494/2465/77 2261/2486/77
f 2500/2487/77 2501/2488/77 2504/2489/77 2503/2490/77
f 2501/2488/77 2502/2491/77 2505/2492/77 2504/2489/77
f 2503/2490/77 2504/2489/77 2507/2493/77 2506/2494/77
f 2504/2489/77 2505/2492/77 2508/2495/77 2507/2493/77
f 1935/2496/77 2022/2497/77 2500/2487/77 2265/2498/77
f 2022/2497/77 2021/2499/77 2501/2488/77 2500/2487/77
f 2021/2499/77 2020/2500/77 2502/2491/77 2501/2488/77
f 2020/2500/77 1934/2451/77 2259/2453/77 2502/2491/77
f 2502/2491/77 2259/2453/77 2258/2461/77 2505/2492/77
f 2505/2492/77 2258/2461/77 2257/2459/77 2508/2495/77
f 2508/2495/77 2257/2459/77 1966/2460/77 2118/2501/77
f 2507/2493/77 2508/2495/77 2118/2501/77 2117/2502/77
f 2506/2494/77 2507/2493/77 2117/2502/77 2116/2503/77
f 2263/2504/77 2506/2494/77 2116/2503/77 1967/2505/77
f 2264/2506/77 2503/2490/77 2506/2494/77 2263/2504/77
f 2265/2498/77 2500/2487/77 2503/2490/77 2264/2506/77
f 2509/2507/77 2510/2508/77 2513/2509/77 2512/2510/77
f 2510/2508/77 2511/2511/77 2514/2512/77 2513/2509/77
f 2512/2510/77 2513/2509/77 2516/2513/77 2515/2514/77
f 2513/2509/77 2514/2512/77 2517/2515/77 2516/2513/77
f 1949/2516/77 2064/2517/77 2509/2507/77 2268/2518/77
f 2064/2517/77 2063/2519/77 2510/2508/77 2509/2507/77
f 2063/2519/77 2062/2520/77 2511/2511/77 2510/2508/77
f 2062/2520/77 1948/2471/77 2262/2473/77 2511/2511/77
f 2511/2511/77 2262/2473/77 2261/2486/77 2514/2512/77
f 2514/2512/77 2261/2486/77 2260/2484/77 2517/2515/77
f 2517/2515/77 2260/2484/77 1980/2485/77 2160/2521/77
f 2516/2513/77 2517/2515/77 2160/2521/77 2159/2522/77
f 2515/2514/77 2516/2513/77 2159/2522/77 2158/2523/77
f 2266/2524/77 2515/2514/77 2158/2523/77 1981/2525/77
f 2267/2526/77 2512/2510/77 2515/2514/77 2266/2524/77
f 2268/2518/77 2509/2507/77 2512/2510/77 2267/2526/77
f 2518/2527/77 2519/2528/77 2522/2529/77 2521/2530/77
f 2519/2528/77 2520/2531/77 2523/2532/77 2522/2529/77
f 2521/2530/77 2522/2529/77 2525/2533/77 2524/2534/77
f 2522/2529/77 2523/2532/77 2526/2535/77 2525/2533/77
f 1936/2536/77 2025/2537/77 2518/2527/77 2271/2538/77
f 2025/2537/77 2024/2539/77 2519/2528/77 2518/2527/77
f 2024/2539/77 2023/2540/77 2520/2531/77 2519/2528/77
f 2023/2540/77 1935/2496/77 2265/2498/77 2520/2531/77
f 2520/2531/77 2265/2498/77 2264/2506/77 2523/2532/77
f 2523/2532/77 2264/2506/77 2263/2504/77 2526/2535/77
f 2526/2535/77 2263/2504/77 1967/2505/77 2121/2541/77
f 2525/2533/77 2526/2535/77 2121/2541/77 2120/2542/77
f 2524/2534/77 2525/2533/77 2120/2542/77 2119/2543/77
f 2269/2544/77 2524/2534/77 2119/2543/77 1968/2545/77
f 2270/2546/77 2521/2530/77 2524/2534/77 2269/2544/77
f 2271/2538/77 2518/2527/77 2521/2530/77 2270/2546/77
f 2527/2547/77 2528/2548/77 2531/2549/77 2530/2550/77
f 2528/2548/77 2529/2551/77 2532/2552/77 2531/2549/77
f 2530/2550/77 2531/2549/77 2534/2553/77 2533/2554/77
f 2531/2549/77 2532/2552/77 2535/2555/77 2534/2553/77
f 1950/2556/77 2067/2557/77 2527/2547/77 2274/2558/77
f 2067/2557/77 2066/2559/77 2528/2548/77 2527/2547/77
f 2066/2559/77 2065/2560/77 2529/2551/77 2528/2548/77
f 2065/2560/77 1949/2516/77 2268/2518/77 2529/2551/77
f 2529/2551/77 2268/2518/77 2267/2526/77 2532/2552/77
f 2532/2552/77 2267/2526/77 2266/2524/77 2535/2555/77
f 2535/2555/77 2266/2524/77 1981/2525/77 2163/2561/77
f 2534/2553/77 2535/2555/77 2163/2561/77 2162/2562/77
f 2533/2554/77 2534/2553/77 2162/2562/77 2161/2563/77
f 2272/2564/77 2533/2554/77 2161/2563/77 1982/2565/77
f 2273/2566/77 2530/2550/77 2533/2554/77 2272/2564/77
f 2274/2558/77 2527/2547/77 2530/2550/77 2273/2566/77
f 2536/2567/77 2537/2568/77 2540/2569/77 2539/2570/77
f 2537/2568/77 2538/2571/77 2541/2572/77 2540/2569/77
f 2539/2570/77 2540/2569/77 2543/2573/77 2542/2574/77
f 2540/2569/77 2541/2572/77 2544/2575/77 2543/2573/77
f 1937/1971/77 2028/2576/77 2536/2567/77 2179/1972/77
f 2028/2576/77 2027/2577/77 2537/2568/77 2536/2567/77
f 2027/2577/77 2026/2578/77 2538/2571/77 2537/2568/77
f 2026/2578/77 1936/2536/77 2271/2538/77 2538/2571/77
f 2538/2571/77 2271/2538/77 2270/2546/77 2541/2572/77
f 2541/2572/77 2270/2546/77 2269/2544/77 2544/2575/77
f 2544/2575/77 2269/2544/77 1968/2545/77 2124/2579/77
f 2543/2573/77 2544/2575/77 2124/2579/77 2123/2580/77
f 2542/2574/77 2543/2573/77 2123/2580/77 2122/2581/77
f 2181/1974/77 2542/2574/77 2122/2581/77 1969/1975/77
f 2180/1973/77 2539/2570/77 2542/2574/77 2181/1974/77
f 2179/1972/77 2536/2567/77 2539/2570/77 2180/1973/77
f 2545/2582/77 2546/2583/77 2549/2584/77 2548/2585/77
f 2546/2583/77 2547/2586/77 2550/2587/77 2549/2584/77
f 2548/2585/77 2549/2584/77 2552/2588/77 2551/2589/77
f 2549/2584/77 2550/2587/77 2553/2590/77 2552/2588/77
f 1924/1996/77 1989/2591/77 2545/2582/77 2185/1997/77
f 1989/2591/77 1988/2592/77 2546/2583/77 2545/2582/77
f 1988/2592/77 1987/2593/77 2547/2586/77 2546/2583/77
f 1987/2593/77 1923/2594/77 2223/2595/77 2547/2586/77
f 2547/2586/77 2223/2595/77 2222/2596/77 2550/2587/77
f 2550/2587/77 2222/2596/77 2221/2597/77 2553/2590/77
f 2553/2590/77 2221/2597/77 1955/2598/77 2085/2599/77
f 2552/2588/77 2553/2590/77 2085/2599/77 2084/2600/77
f 2551/2589/77 2552/2588/77 2084/2600/77 2083/2601/77
f 2187/1999/77 2551/2589/77 2083/2601/77 1956/2000/77
f 2186/1998/77 2548/2585/77 2551/2589/77 2187/1999/77
f 2185/1997/77 2545/2582/77 2548/2585/77 2186/1998/77
f 2554/2602/77 2555/2603/77 2558/2604/77 2557/2605/77
f 2555/2603/77 2556/2606/77 2559/2607/77 2558/2604/77
f 2557/2605/77 2558/2604/77 2561/2608/77 2560/2609/77
f 2558/2604/77 2559/2607/77 2562/2610/77 2561/2608/77
f 1951/2021/77 2070/2611/77 2554/2602/77 2191/2022/77
f 2070/2611/77 2069/2612/77 2555/2603/77 2554/2602/77
f 2069/2612/77 2068/2613/77 2556/2606/77 2555/2603/77
f 2068/2613/77 1950/2556/77 2274/2558/77 2556/2606/77
f 2556/2606/77 2274/2558/77 2273/2566/77 2559/2607/77
f 2559/2607/77 2273/2566/77 2272/2564/77 2562/2610/77
f 2562/2610/77 2272/2564/77 1982/2565/77 2166/2614/77
f 2561/2608/77 2562/2610/77 2166/2614/77 2165/2615/77
f 2560/2609/77 2561/2608/77 2165/2615/77 2164/2616/77
f 2193/2024/77 2560/2609/77 2164/2616/77 1983/2025/77
f 2192/2023/77 2557/2605/77 2560/2609/77 2193/2024/77
f 2191/2022/77 2554/2602/77 2557/2605/77 2192/2023/77
